stop_name,stop_code,type,lat,long
112 Katong (92181),92181,Bus Stop,1.3052911,103.9053478
18 Woodsville (60201),60201,Bus Stop,1.329595,103.8684755
3M Building (58301),58301,Bus Stop,1.4449676,103.8103337
3NC Singapore (26161),26161,Bus Stop,1.3219376,103.6452556
3rd Cargo Agents (95051),95051,Bus Stop,1.3752127,103.9962426
5 Science Park Drive (18101),18101,Bus Stop,1.2928284,103.7863249
8 @ Tradehub 21 (28029),28029,Bus Stop,1.3269444,103.7542042
80 Robinson Road (03071),03071,Bus Stop,1.2800076,103.8494157
888 Plaza (46699),46699,Bus Stop,1.4377385,103.7956631
ACS Independent (19089),19089,Bus Stop,1.3036222,103.7818248
APSN (44891),44891,Bus Stop,1.3740403,103.7493156
Abbott (25729),25729,Bus Stop,1.2848737,103.6282459
Academic Building South (27251),27251,Bus Stop,1.3411642,103.6837022
Admiralty Station (46779),46779,Bus Stop,1.4406604,103.8006342
Affinity At Serangoon (63201),63201,Bus Stop,1.3661819,103.8749149
Aft Architecture Dr (16199),16199,Bus Stop,1.2964493,103.7713004
Aft Hai Inn See Tp (30089),30089,Bus Stop,1.3764685,103.7346858
Aft Kent Ridge Dr (16191),16191,Bus Stop,1.2961745,103.7703638
Aft Teck Whye Walk (44969),44969,Bus Stop,1.382146,103.754489
Aft Victoria Ln (01121),01121,Bus Stop,1.3039894,103.8586787
After 888 Plaza (46399),46399,Bus Stop,1.4389799,103.7940893
After Abundant Grace Church (68039),68039,Bus Stop,1.3965216,103.8731155
After Adam Drive (41141),41141,Bus Stop,1.3352864,103.8182988
After Admiral Hill (58159),58159,Bus Stop,1.4482493,103.8223507
After Airport Road (71069),71069,Bus Stop,1.338727,103.894914
After Akzonobel (96361),96361,Bus Stop,1.3365642,103.966554
After Alexandra Road (14189),14189,Bus Stop,1.2727228,103.8040294
After Aljunied Station (81011),81011,Bus Stop,1.315337,103.88359
After Allenby Road (07319) (07319),07319,Bus Stop,1.3103005,103.8585972
After Ama Keng Road (32039),32039,Bus Stop,1.4026674,103.7009288
After Andrew Road (51051),51051,Bus Stop,1.336363,103.837044
After Andrews Avenue (58089),58089,Bus Stop,1.4587732,103.8366268
After Ang Mo Kio Avenue 1 (53099),53099,Bus Stop,1.366564,103.828364
After Ang Mo Kio Avenue 10 (54101),54101,Bus Stop,1.3572912,103.8546582
After Ang Mo Kio Avenue 2 (56261),56261,Bus Stop,1.3678406,103.8318943
After Ang Mo Kio Avenue 5 (64121),64121,Bus Stop,1.3797494,103.8764859
After Ang Mo Kio Fire Station (55211),55211,Bus Stop,1.3857763,103.8457115
After Ang Mo Kio Industrial Park 2 (66451),66451,Bus Stop,1.3787174,103.868519
After Ang Mo Kio Interchange (54391),54391,Bus Interchange,1.3715727,103.8482189
After Ang Mo Kio Station Exit A (54261),54261,Bus Stop,1.3694562,103.8508887
After Ang Mo Kio Street 64/Apple Singapore (55051),55051,Bus Stop,1.3924054,103.8489791
After Anglo-Chinese Junior College (18141),18141,Bus Stop,1.304263,103.7879176
After Assumption Eng School (43089),43089,Bus Stop,1.3669696,103.7663478
After Assyafaah Mosque (58131),58131,Bus Stop,1.4562246,103.8204704
After Attap Valley Road (47061),47061,Bus Stop,1.4560235,103.7980196
After Baker Street (68091),68091,Bus Stop,1.4078231,103.8695529
After Ballota Park (98319),98319,Bus Stop,1.3591674,103.9684532
After Balmoral Road (40199),40199,Bus Stop,1.3126061,103.8318218
After Bartley Road (61049),61049,Bus Stop,1.3419828,103.8709867
After Bartley Road (62011),62011,Bus Stop,1.3420968,103.8833922
After Bartley Station Exit B (62079),62079,Bus Stop,1.3429641,103.8796854
After Bartley Viaduct (72161),72161,Bus Stop,1.3411628,103.9163853
After Bayfront Station Exit E (03511),03511,Bus Stop,1.2834626,103.8599213
After Beach Road (01631),01631,Bus Stop,1.2969303,103.8558272
After Bedok Industrial Park C (84481),84481,Bus Stop,1.337546,103.9153179
After Bedok Industrial Park E (84271),84271,Bus Stop,1.3365627,103.9439895
After Bedok Methodist Church (85029),85029,Bus Stop,1.3226373,103.9542672
After Bedok North Street 5 (84279),84279,Bus Stop,1.3366239,103.9444442
After Bedok Road (85101),85101,Bus Stop,1.3295178,103.9509426
After Bedok South Avenue 1 (84121),84121,Bus Stop,1.3185418,103.9315176
After Bedok South Avenue 3 (94049),94049,Bus Stop,1.3161663,103.944861
After Begonia Road (67019),67019,Bus Stop,1.3897965,103.8624748
After Benoi Flyover (23039),23039,Bus Stop,1.3230437,103.6814484
After Benoi Place (23449),23449,Bus Stop,1.3128007,103.6788749
After Benoi Road (23241),23241,Bus Stop,1.3102447,103.6797863
After Benoi Road (23471),23471,Bus Stop,1.3196675,103.6809107
After Benoi Road (24639),24639,Bus Stop,1.3203784,103.6779277
After Benoi Sector (23021),23021,Bus Stop,1.3224108,103.6856102
After Bethesda Frankel Church (83181),83181,Bus Stop,1.3165751,103.9175118
After Bidadari Park Drive (70069),70069,Bus Stop,1.3377573,103.8737533
After Bishan Road (52019),52019,Bus Stop,1.343913,103.8436328
After Bishan Street 21 (53119),53119,Bus Stop,1.3470661,103.8393878
After Blk 1 (46709),46709,Bus Stop,1.441312,103.7756352
After Blk 156 (84671),84671,Bus Stop,1.3176388,103.9450936
After Blk 182 (78191),78191,Bus Stop,1.3649212,103.9617761
After Blk 195 (52081),52081,Bus Stop,1.3307742,103.8608127
After Blk 202 (44391),44391,Bus Stop,1.3826205,103.748803
After Blk 272 (44579),44579,Bus Stop,1.3785011,103.7434315
After Blk 336 (46359),46359,Bus Stop,1.4309658,103.7833436
After Blk 353 (46349),46349,Bus Stop,1.4318531,103.7860222
After Blk 4 (70049),70049,Bus Stop,1.3329488,103.8787168
After Blk 467B (67701),67701,Bus Stop,1.3984367,103.8774886
After Blk 48 (14351),14351,Bus Stop,1.2727027,103.8103561
After Blk 5000 (54509),54509,Bus Stop,1.3775881,103.8626083
After Blk 503 (44949),44949,Bus Stop,1.3884865,103.7431386
After Blk 648 (55201),55201,Bus Stop,1.3785962,103.8443535
After Blk 87 (06131),06131,Bus Stop,1.2914849,103.8322607
After Boon Lay Sub Station (28039),28039,Bus Stop,1.328135,103.75139
After Braddell Road (66011),66011,Bus Stop,1.3472075,103.8599796
After Bras Basah Station Exit A (04179),04179,Bus Stop,1.2964741,103.8514803
After Buangkok Drive (67459),67459,Bus Stop,1.3828428,103.8890361
After Buangkok East Drive (64171),64171,Bus Stop,1.3742595,103.9124238
After Bugis Station Exit C (01119),01119,Bus Stop,1.2995718,103.8551453
After Bukit Batok East Avenue 6 (42199),42199,Bus Stop,1.346067,103.767588
After Bukit Batok Station/Blk 628 (43419),43419,Bus Stop,1.3515476,103.7500475
After Bukit Batok West Avenue 3 (43452),43452,Bus Stop,1.3485108,103.738592
After Bukit Batok West Avenue 5 (43461),43461,Bus Stop,1.3551347,103.7474714
After Bukit Batok West Avenue 5 (44161),44161,Bus Stop,1.3706892,103.7499236
After Bukit Batok West Avenue 5 (44179),44179,Bus Stop,1.3677119,103.7472696
After Bukit Merah Central (10339),10339,Bus Stop,1.281111,103.8185526
After Bukit Panjang Station (44031),44031,Bus Stop,1.37797,103.7622886
After Bukit Timah Road (42149),42149,Bus Stop,1.3361078,103.7786466
After Buroh Street (22059),22059,Bus Stop,1.3135317,103.7013816
After CHIJMES (04159),04159,Bus Stop,1.2948868,103.8510813
After Caldecott Station (52249),52249,Bus Stop,1.3376263,103.8382099
After Camp Road (13041),13041,Bus Stop,1.3023673,103.8197281
After Canossa Convent Primary (70029),70029,Bus Stop,1.3266451,103.8805491
After Cantonment Road (05649),05649,Bus Stop,1.2723953,103.8408891
After Capital Tower (03111),03111,Bus Stop,1.2778773,103.8481816
After Cargo Building D (95141),95141,Bus Stop,1.3814064,103.9982533
After Carmen Street (83279),83279,Bus Stop,1.3188827,103.9250113
After Cashew Terrace (43121),43121,Bus Stop,1.3711547,103.7666559
After Cemetery Chapel (31059),31059,Bus Stop,1.3720523,103.6947155
After Central Expressway (54491),54491,Bus Stop,1.377193,103.860149
After Chai Chee Street (84579),84579,Bus Stop,1.3257914,103.9194998
After Changi Biz Park Cresent (96391),96391,Bus Stop,1.336856,103.967921
After Changi Coast Road (96479),96479,Bus Stop,1.3679253,104.0104148
After Changi Ferry Road (95169),95169,Bus Stop,1.3726752,104.0047406
After Changi General Hospital (96259),96259,Bus Stop,1.3404271,103.9512854
After Changi Golf Course (99041),99041,Bus Stop,1.3878766,103.9856547
After Changi North Street 2 (97151),97151,Bus Stop,1.3495842,103.9670493
After Changi Road (83149),83149,Bus Stop,1.3174656,103.9087402
After Chartwell Road (66181),66181,Bus Stop,1.358796,103.8618847
After Chen Li Presbyterian Church (80259),80259,Bus Stop,1.3098933,103.8798824
After Chestnut Avenue (44351),44351,Bus Stop,1.3682145,103.7756013
After Chin Bee Avenue (21261),21261,Bus Stop,1.333919,103.7102547
After Chin Bee Road (21519),21519,Bus Stop,1.3329908,103.7113965
After Chinatown Station Exit D (05022),05022,Bus Stop,1.285772,103.8444415
After Chinese & Muslim Cemetery (32139),32139,Bus Stop,1.3808427,103.6845709
After Chinese Cemetery Path 13 (31201),31201,Bus Stop,1.3803965,103.6966006
After Choa Chu Kang Avenue 6 (30119),30119,Bus Stop,1.3728126,103.7404118
After Chong Pang Community Club (59139),59139,Bus Stop,1.4313768,103.8295545
After Christian Cemetery Path 9 (31049),31049,Bus Stop,1.3691823,103.6942525
After Chuan Garden (66129),66129,Bus Stop,1.3614401,103.8680984
After Chun Tin Road (42179),42179,Bus Stop,1.341982,103.770991
After Church Of Our Saviour (11159),11159,Bus Stop,1.2980761,103.8036584
After City Hall Station Exit B (04168),04168,Bus Stop,1.2921058,103.8513328
After Clementi Avenue 1 (17091),17091,Bus Stop,1.3090334,103.7715338
After Clementi Road (16089),16089,Bus Stop,1.2920725,103.7688997
After Clementi Road (17351),17351,Bus Stop,1.2938808,103.765442
After Clementi Swimming Complex (17139),17139,Bus Stop,1.307653,103.76674
After Coldstream Avenue (93101),93101,Bus Stop,1.3125988,103.9198603
After Commonwealth Drive (11041),11041,Bus Stop,1.2962601,103.799469
After Compass Green (97321),97321,Bus Stop,1.3604713,103.9745742
After Corfe Place (66191),66191,Bus Stop,1.3606164,103.8598093
After Coronation Road West (11279),11279,Bus Stop,1.3146686,103.7906843
After Corporation Drive (21771),21771,Bus Stop,1.326577,103.723817
After Corporation Place (21029),21029,Bus Stop,1.3243114,103.7217265
After Corporation Road (21619),21619,Bus Stop,1.33793,103.7181803
After Craig Road (05421),05421,Bus Stop,1.2777825,103.8435473
After Cranwell Road (99029),99029,Bus Stop,1.3862449,103.9793799
After Cranwell Road (99081),99081,Bus Stop,1.3893485,103.978559
After Dairy Farm Cresent (43891),43891,Bus Stop,1.3636634,103.7688948
After Dairy Farm Heights (43961),43961,Bus Stop,1.3648575,103.773397
After Dairy Farm Road (44369),44369,Bus Stop,1.3657455,103.775351
After Dawson Road (10299),10299,Bus Stop,1.2923458,103.8116131
After Dedap Road (67029),67029,Bus Stop,1.3890242,103.8652173
After Defu Avenue 1 (64209),64209,Bus Stop,1.3614775,103.8945455
After Defu Avenue 2 (64219),64219,Bus Stop,1.3615725,103.8967937
After Defu Lane 12 (71191),71191,Bus Stop,1.3413041,103.898219
After Dhoby Ghaut Station (08058),08058,Bus Stop,1.2989815,103.8462941
After Draycott Park (40191),40191,Bus Stop,1.312663,103.8304954
After Duku Road (92179),92179,Bus Stop,1.3080899,103.9034371
After Dunbar Walk (93051),93051,Bus Stop,1.3106837,103.9186615
After Dunkirk Avenue (40099),40099,Bus Stop,1.321807,103.82338
After Dunman Road (82081),82081,Bus Stop,1.310548,103.894162
After Durban Road (58061),58061,Bus Stop,1.4530005,103.8310894
After Duxton Plain Park (05019),05019,Bus Stop,1.2812265,103.8411075
After E.C. Sea Sports Club (94099),94099,Bus Stop,1.3114912,103.9502725
After ECON Medicare Centre (55079),55079,Bus Stop,1.3919611,103.8533586
After East Coast Road (83301),83301,Bus Stop,1.30889,103.908175
After East Sussex Lane (11271),11271,Bus Stop,1.3146661,103.7901115
After Elite Park Avenue (93119),93119,Bus Stop,1.3143382,103.9229567
After En-Naeem Mosque (63139),63139,Bus Stop,1.3611512,103.8914628
After Eng Kong Place (42241),42241,Bus Stop,1.336986,103.7669768
After Engine Test Facility (98069),98069,Bus Stop,1.3756725,103.9767891
After Esplanade Station Exit D (02029),02029,Bus Stop,1.290061,103.8547065
After Fan Yoong Road (22309),22309,Bus Stop,1.333334,103.703367
After Farrer Park Station Exit G (07211),07211,Bus Stop,1.3129706,103.8562258
After Fifth Lok Yang Road (23159),23159,Bus Stop,1.3276113,103.6856641
After Florissa Park (55339),55339,Bus Stop,1.3870112,103.8370393
After Four Leaves (22439),22439,Bus Stop,1.3331242,103.706791
After Fourth Chin Bee Road (21541),21541,Bus Stop,1.3313893,103.7198347
After Fourth Lok Yang Road (23119),23119,Bus Stop,1.3245154,103.6884303
After Frankel Drive (83199),83199,Bus Stop,1.317363,103.916242
After Frankel Terrace (83209),83209,Bus Stop,1.318696,103.914569
After Furama RiverFront (06069) (06069),06069,Bus Stop,1.2862896,103.8349715
After Gambas Avenue (46489),46489,Bus Stop,1.4495121,103.8015512
After Gambas Avenue (47621),47621,Bus Stop,1.4468921,103.80983
After Garden of Remembrance (31141),31141,Bus Stop,1.3741171,103.6933835
After Gardens by the Bay (03349),03349,Bus Stop,1.2798298,103.8650113
After Genting Lane (70311),70311,Bus Stop,1.3233086,103.8789182
After Geylang Road (80119),80119,Bus Stop,1.3100714,103.8759922
After Geylang West Community Club (80309),80309,Bus Stop,1.3172452,103.873014
After Gloucester Road (50321),50321,Bus Stop,1.3136141,103.8507809
After Grace Baptist Church (70241),70241,Bus Stop,1.3252919,103.8819545
After Grandeur 8 (54251),54251,Bus Stop,1.3768787,103.8462146
After Greenwich Drive (64151),64151,Bus Stop,1.3681678,103.9097895
After Grove Avenue (12131),12131,Bus Stop,1.3141206,103.785026
After Gul Avenue (23351),23351,Bus Stop,1.3169519,103.6786756
After Gul Avenue (24089),24089,Bus Stop,1.3145222,103.6707179
After Gul Lane (24209),24209,Bus Stop,1.3153029,103.6599858
After Gul Street 3 (24229),24229,Bus Stop,1.3195497,103.6662039
After Gul Way (23221),23221,Bus Stop,1.3089489,103.6717531
After Gul Way (24299),24299,Bus Stop,1.3121784,103.671728
After HDB Hub (52509),52509,Bus Stop,1.3311346,103.8502091
After Hasanah Mosque (20239),20239,Bus Stop,1.3225075,103.7393668
After Haw Par Glass Tower (08019),08019,Bus Stop,1.2962474,103.8440949
After Heartbeat @ Bedok (84651),84651,Bus Stop,1.327057,103.930691
After Heavy Vehicle Park (58451),58451,Bus Stop,1.4604756,103.8156147
After Hewlett Packard (14209),14209,Bus Stop,1.2817955,103.8096195
After Hillview Station (43279),43279,Bus Stop,1.3620886,103.7658734
After HomeTeamNS Sembawang Resort (58169),58169,Bus Stop,1.4597205,103.8209522
After Hong San Terrace (44101),44101,Bus Stop,1.3770805,103.7465891
After Hortpark (18011),18011,Bus Stop,1.2808446,103.8020496
After Hospital Drive (10017),10017,Bus Stop,1.2781431,103.8373606
After Hougang Avenue 1 (63119),63119,Bus Stop,1.3606005,103.8868941
After Hougang Avenue 3 (64201),64201,Bus Stop,1.3617339,103.8941621
After Hougang Avenue 7 (64211),64211,Bus Stop,1.3618729,103.8975753
After Hume Station Exit 2 (43829),43829,Bus Stop,1.3568421,103.7673668
After Hyll on Holland (11231),11231,Bus Stop,1.3111794,103.8012021
After Infineon (60061),60061,Bus Stop,1.3227416,103.874048
After International Road (22169),22169,Bus Interchange,1.3262611,103.6966966
After Ipoh Lane (82089),82089,Bus Stop,1.3109456,103.8943188
After Irrawaddy Road (50169),50169,Bus Stop,1.3264952,103.8442409
After JTC Aerospace (68189),68189,Bus Stop,1.403739,103.858254
After Jalan Anggerek (70151),70151,Bus Stop,1.3276584,103.8810268
After Jalan Bahtera (33031),33031,Bus Stop,1.4239441,103.7042294
After Jalan Baiduri (92209),92209,Bus Stop,1.3110478,103.9114488
After Jalan Basong (58079),58079,Bus Stop,1.455901,103.8344332
After Jalan Batalong (98081),98081,Bus Stop,1.3619001,103.9645442
After Jalan Belangkas (70139),70139,Bus Stop,1.3321804,103.8832372
After Jalan Bena (97031),97031,Bus Stop,1.3548415,103.9685304
After Jalan Berseri (31179),31179,Bus Stop,1.3722178,103.703252
After Jalan Buloh Perindu (93059),93059,Bus Stop,1.3107401,103.9192968
After Jalan Bumbong (45099),45099,Bus Stop,1.4134753,103.7559035
After Jalan Buroh (21141),21141,Bus Stop,1.3152286,103.7195548
After Jalan Buroh (21291),21291,Bus Stop,1.315856,103.7094749
After Jalan Buroh (22141),22141,Bus Stop,1.3172897,103.6963101
After Jalan Buroh (22399),22399,Bus Stop,1.3134319,103.6960247
After Jalan Buroh (29021),29021,Bus Stop,1.3126322,103.7345009
After Jalan Chempaka Kuning (85051),85051,Bus Stop,1.3294257,103.9488509
After Jalan Chermat (62051),62051,Bus Stop,1.3517868,103.877754
After Jalan Jurong Kechil (42239),42239,Bus Stop,1.3402742,103.7702145
After Jalan Kayu (68019),68019,Bus Stop,1.3910495,103.8706259
After Jalan Kemuning (57139),57139,Bus Stop,1.4379873,103.8255855
After Jalan Lam Huat (49111),49111,Bus Stop,1.4323962,103.7554304
After Jalan Mariam (97109),97109,Bus Stop,1.3628845,103.96716
After Jalan Muhibbah (70121),70121,Bus Stop,1.3319185,103.8811562
After Jalan Naga Sari (41089),41089,Bus Stop,1.3304159,103.8000321
After Jalan Paras (83371),83371,Bus Stop,1.3262104,103.9153966
After Jalan Pesawat (21309),21309,Bus Stop,1.318898,103.710337
After Jalan Remaja (43291),43291,Bus Stop,1.3579565,103.7613695
After Jalan Samulun (22091),22091,Bus Stop,1.308827,103.6965664
After Jalan Selaseh (67061),67061,Bus Stop,1.385861,103.8752939
After Jalan Telawi (64141),64141,Bus Stop,1.3646365,103.9081675
After Jalan Terusan (21041),21041,Bus Stop,1.320817,103.7201029
After Jalan Ulu Sembawang (48041),48041,Bus Stop,1.4126464,103.7889336
After Ji Xiang Court (83129),83129,Bus Stop,1.3130442,103.9106109
After Joo Chiat Place (83139),83139,Bus Stop,1.3145096,103.9099717
After Joo Chiat Place (83291),83291,Bus Stop,1.3147679,103.905897
After Joo Koon Road (24159),24159,Bus Stop,1.326923,103.676661
After Joo Koon Way (24489),24489,Bus Stop,1.325759,103.67108
After Joo Seng Road (70051),70051,Bus Stop,1.3361005,103.8778276
After Jurong Lake (21011),21011,Bus Stop,1.3253325,103.7286588
After Jurong Pier Road (21111),21111,Bus Stop,1.314437,103.7124344
After Jurong Pier Road (22079),22079,Bus Stop,1.313944,103.70805
After Jurong Port Road (21139),21139,Bus Stop,1.3143262,103.718412
After Jurong Town Hall Road (20061),20061,Bus Stop,1.3237695,103.7430362
After Jurong West Street 51 (28379),28379,Bus Stop,1.3451547,103.724016
After KJE Slip Road (44069),44069,Bus Stop,1.385923,103.7570677
After Kallang Bahru (07369),07369,Bus Stop,1.3113267,103.8624655
After Kallang Road (07371),07371,Bus Stop,1.3092781,103.8635497
After Kallang Sector (70359),70359,Bus Stop,1.327691,103.8725387
After Kallang Way 1 (70321),70321,Bus Stop,1.3224854,103.8768089
After Kallang Way 2 (70329),70329,Bus Stop,1.3223567,103.8769178
After Kallang Way 4 (70319),70319,Bus Stop,1.323277,103.8792312
After Kampung Eunos (83029),83029,Bus Stop,1.3177882,103.9065954
After Katong Park Station Exit 2 (91081),91081,Bus Stop,1.299305,103.8853339
After Katong Post Office (92161),92161,Bus Stop,1.3037342,103.896566
After Kempas Road (07249),07249,Bus Stop,1.3153903,103.8594437
After Kheam Hock Road (41019),41019,Bus Stop,1.322654,103.820204
After Kheam Hock Road (41161),41161,Bus Stop,1.3350491,103.8187083
After Kian Teck Road (23059),23059,Bus Stop,1.33072,103.688164
After Kian Teck Road (23061),23061,Bus Stop,1.329491,103.6866604
After Kian Teck Road (23161),23161,Bus Stop,1.327879,103.68868
After Kian Teck Road (23181),23181,Bus Stop,1.3279119,103.694496
After Kim Chuan Road (71051),71051,Bus Stop,1.3414386,103.8919196
After Kim Yam Road (13091) (13091),13091,Bus Stop,1.2959432,103.8393279
After King George's Avenue (07331),07331,Bus Stop,1.3081826,103.858971
After Koon Seng Road (82141),82141,Bus Stop,1.3108979,103.9024812
After Kranji Cresent (49081),49081,Bus Stop,1.4338389,103.7484265
After Kranji Cresent (49179),49179,Bus Stop,1.4346797,103.7505332
After Kranji Link (49149),49149,Bus Stop,1.4374539,103.7450329
After Kranji Road (49189),49189,Bus Stop,1.4364698,103.7537345
After Kranji Water Reclamation Plant (49099),49099,Bus Stop,1.4276434,103.7565759
After Kreta Ayer Road (05259),05259,Bus Stop,1.2797352,103.8426904
After LCS Optiroc Private Limited (49059),49059,Bus Stop,1.4231232,103.7502055
After Lamp Post 161 (32049),32049,Bus Stop,1.4046153,103.7019405
After Lamp Post 234 (45101),45101,Bus Stop,1.4186065,103.7545725
After Lamp Post 93 (32111),32111,Bus Stop,1.3984049,103.6996578
After Lamp Post 96 (32119),32119,Bus Stop,1.398563,103.6999551
After Lantana Avenue (42131),42131,Bus Stop,1.3285655,103.7941958
After Lentor Grove (55331),55331,Bus Stop,1.3869562,103.8371653
After Lentor Station Exit 4 (55019),55019,Bus Stop,1.3820285,103.8360114
After Lentor Street (55371),55371,Bus Stop,1.3885504,103.8343767
After Lim Chu Kang Lane 3 (33049),33049,Bus Stop,1.4266147,103.7056626
After Lim Chu Kang Lane 3A (33059),33059,Bus Stop,1.4294305,103.7066927
After Lim Chu Kang Lane 4 (34019),34019,Bus Stop,1.432505,103.7077823
After Lim Chu Kang Lane 6 (34031),34031,Bus Stop,1.4376276,103.707971
After Lim Chu Kang Lane 8 (34049),34049,Bus Stop,1.4394481,103.7080017
After Lim Chu Kang Lane 8 (34051),34051,Bus Stop,1.4428006,103.7077688
After Lim Chu Kang Road (31151),31151,Bus Stop,1.3736228,103.6959868
After Lim Chu Kang Road (34109),34109,Bus Stop,1.3843132,103.6982029
After Lok Yang Way (22161),22161,Bus Stop,1.3253289,103.6963701
After Lornie Walk (41159),41159,Bus Stop,1.3386985,103.8198931
After Lorong 1 Geylang (80051),80051,Bus Stop,1.312598,103.873367
After Lorong 106 Changi (82069),82069,Bus Stop,1.317134,103.9030372
After Lorong 14 Geylang (80251),80251,Bus Stop,1.310066,103.879902
After Lorong 28 Geylang (81029) (81029),81029,Bus Stop,1.3136302,103.8850201
After Lorong 34 Geylang (81049) (81049),81049,Bus Stop,1.3140524,103.8872045
After Lorong 4 Toa Payoh (52329),52329,Bus Stop,1.331485,103.852592
After Lorong Danau (27179),27179,Bus Stop,1.3563081,103.6916758
After Lorong G Telok Kurau (83141),83141,Bus Stop,1.3176608,103.9084974
After Lorong G Telok Kurau (83299),83299,Bus Stop,1.3157198,103.9058832
After Lorong H Telok Kurau (83131),83131,Bus Stop,1.3162367,103.9090697
After Lorong J Telok Kurau (83319),83319,Bus Stop,1.3127419,103.9071109
After Lorong M Telok Kurau (92201),92201,Bus Stop,1.3111802,103.9112518
After Lorong Nangka (83311),83311,Bus Stop,1.3123162,103.9069814
After Lorong Sarhad (15079),15079,Bus Stop,1.2807531,103.7868173
After Lorong Tanggam (67571),67571,Bus Stop,1.3950503,103.8742447
After Loyang Avenue (97099),97099,Bus Stop,1.373157,103.976361
After Loyang Gardens (78099),78099,Bus Stop,1.3775913,103.9571355
After Loyang Way (98059),98059,Bus Stop,1.3731638,103.9743506
After Loyang Way (98199),98199,Bus Stop,1.3849699,103.9718772
After Loyang Way 1 (98139),98139,Bus Stop,1.3740073,103.9724263
After Lynwood Grove (66061),66061,Bus Stop,1.3440857,103.8634817
After Makepeace Road (40029),40029,Bus Stop,1.3112297,103.8430284
After Mandai Avenue (48069),48069,Bus Stop,1.4159782,103.8020508
After Mandai Estate (45069),45069,Bus Stop,1.4061361,103.7563307
After Mandai Lake Road (48021),48021,Bus Stop,1.4108984,103.7794562
After Mandai Road (45079),45079,Bus Stop,1.4101724,103.7559106
After Maple Avenue (42021),42021,Bus Stop,1.3325668,103.7923702
After Margaret Drive (10321),10321,Bus Stop,1.2942422,103.8158735
After Margaret Drive (10461),10461,Bus Stop,1.2968105,103.81171
After Marina Gardens Drive (03339),03339,Bus Stop,1.2749996,103.8594918
After Marsiling Lane (46131),46131,Bus Stop,1.4461873,103.7770247
After Medway Drive (66291),66291,Bus Stop,1.365962,103.861967
After Meng Suan Road (48101),48101,Bus Stop,1.4023981,103.8144276
After Ministry Of Foreign Affairs (13021),13021,Bus Stop,1.306283,103.8143123
After Moonstone Lane (60181),60181,Bus Stop,1.327136,103.86742
After Mount Sinai Lane (12139),12139,Bus Stop,1.3146043,103.7849881
After Muhajirin Mosque (52039),52039,Bus Stop,1.3433835,103.8512224
After Munshi Abdullah Avenue (56201),56201,Bus Stop,1.3806045,103.832264
After Muslim Cemetery Path 17 (31211),31211,Bus Stop,1.3820081,103.6968731
After NEA Regional Office (53209),53209,Bus Stop,1.3609029,103.8385046
After Nanyang Avenue (31011),31011,Bus Stop,1.3587719,103.6939046
After National University of Singapore High School (17129),17129,Bus Stop,1.3051693,103.7698589
After Neo Tiew Road (33029),33029,Bus Stop,1.420808,103.7030244
After Neo Tiew Road (49249),49249,Bus Stop,1.4376095,103.7258126
After Neythal Road (22219),22219,Bus Stop,1.327711,103.702592
After Nirvana Memorial Garden (31129),31129,Bus Stop,1.3700432,103.6875199
After Northshore Cresent (65689),65689,Bus Stop,1.4184023,103.9078546
After Ocean Tanker (24621),24621,Bus Stop,1.3079837,103.6498385
After Old Airport Road (81191),81191,Bus Stop,1.3091189,103.8917858
After Old Choa Chu Kang Road (32121),32121,Bus Stop,1.3728657,103.6851515
After Old Jurong Road (43021),43021,Bus Stop,1.3512932,103.7697758
After Old Lim Chu Kang Road (34101),34101,Bus Stop,1.3843977,103.6979149
After Old Pier Road (99071),99071,Bus Stop,1.38764,103.9781839
After Old Tampines Road (64189),64189,Bus Stop,1.376935,103.913928
After Old Toh Tuck Road (28701),28701,Bus Stop,1.3314887,103.7577493
After Old Upper Thomson Road (56079),56079,Bus Stop,1.387578,103.8195842
After One Tree Hill (13181),13181,Bus Stop,1.3002128,103.8240594
After Orchard Station Exit 12 (13199),13199,Bus Stop,1.3023274,103.8300067
After Padang Jeringau (80011),80011,Bus Stop,1.309761,103.8673341
After Pakistan Road (58209),58209,Bus Stop,1.4552032,103.8306286
After Palm Green Condominium (16081),16081,Bus Stop,1.2919847,103.7686004
After Pan Island Expressway (43459),43459,Bus Stop,1.3477407,103.737976
After Pandan Gardens (20261),20261,Bus Stop,1.3215949,103.7454655
After Pandan Road (29069),29069,Bus Stop,1.3029935,103.7460627
After Pandan Road (29169),29169,Bus Stop,1.3044544,103.7499636
After Pandan Valley (12041),12041,Bus Stop,1.3205101,103.7766216
After Parbury Avenue (94041),94041,Bus Stop,1.3161344,103.9442344
After Pasir Panjang Station (15201),15201,Bus Stop,1.2768496,103.7896466
After Pasir Ris Avenue (77091),77091,Bus Stop,1.3804265,103.9453903
After Pasir Ris Drive 3 (77081),77081,Bus Stop,1.3802471,103.9426703
After Pasir Ris Drive 3 (98031),98031,Bus Stop,1.3671895,103.9678401
After Pasir Ris Industrial Drive 1 (77279),77279,Bus Stop,1.3808297,103.9346675
After Pasir Ris Road (77109),77109,Bus Stop,1.3805314,103.9482204
After Pasir Ris Station Exit A (77171),77171,Bus Stop,1.3730147,103.9508602
After Pasir Ris Street 53 (77321),77321,Bus Stop,1.3731256,103.9480836
After Pasir Ris Street 72 (77271),77271,Bus Stop,1.3806288,103.9349735
After Pasir Ris Way (77119),77119,Bus Stop,1.3822851,103.9464977
After Paya Lebar Cresent (62049),62049,Bus Stop,1.3490928,103.8802483
After Paya Lebar Road (71011),71011,Bus Stop,1.3341042,103.8902309
After Paya Lebar Street (70301),70301,Bus Stop,1.3396633,103.8857919
After Pegu Road (50209),50209,Bus Stop,1.3239056,103.8516134
After Peirce Road (11211),11211,Bus Stop,1.3083277,103.8094636
After Penjuru Place (29031),29031,Bus Stop,1.3165121,103.7353608
After Penjuru Road (21059),21059,Bus Stop,1.3119391,103.7301495
After Perpetual Succour Church (83099),83099,Bus Stop,1.3207814,103.9180516
After Petir Station (44201),44201,Bus Stop,1.377305,103.7672774
After Phillips Avenue (63199),63199,Bus Stop,1.3633258,103.8739023
After Pioneer Road (23281),23281,Bus Stop,1.3064768,103.6789708
After Pioneer Road (23341),23341,Bus Stop,1.3111816,103.6784984
After Pioneer Road (25399),25399,Bus Stop,1.3288079,103.6373601
After Pioneer Road (25449),25449,Bus Stop,1.3354566,103.6351385
After Pioneer Road North (22221),22221,Bus Stop,1.327879,103.697982
After Pioneer Road North (23501),23501,Bus Stop,1.3244953,103.6959008
After Pioneer Sector 2 (24431),24431,Bus Stop,1.3072696,103.65767
After Plantation Crescent (40499),40499,Bus Stop,1.352965,103.7333718
After Promenade Station Exit C (02161),02161,Bus Stop,1.2926855,103.8609316
After Punggol Central (65181),65181,Bus Stop,1.3968139,103.9175469
After Punggol Field (65529),65529,Bus Stop,1.3915292,103.914218
After Punggol Point Station (65631),65631,Bus Interchange,1.4172208,103.9053869
After Punggol Road (65199),65199,Bus Stop,1.3961906,103.9051859
After Queen Of Peace Church (82091),82091,Bus Stop,1.312663,103.894141
After Queen'S Avenue (58201),58201,Bus Stop,1.4553401,103.830998
After Queenstown NPC Headquarters (11021),11021,Bus Stop,1.2893633,103.8023196
After Raffles Hotel (01611),01611,Bus Stop,1.2952721,103.8553569
After Rambutan Road (82179),82179,Bus Stop,1.313843,103.903844
After Regent Motors (70079),70079,Bus Stop,1.3337216,103.89852
After River Valley Road (04311),04311,Bus Stop,1.2946325,103.8439737
After Riverside Road (46139),46139,Bus Stop,1.4461063,103.7772736
After Rochdale Road (62019),62019,Bus Stop,1.3424092,103.883786
After SAFRA Toa Payoh (52321),52321,Bus Stop,1.3312465,103.8526704
After SCDF Headquarters (71179),71179,Bus Stop,1.334706,103.892382
After SLE (55281),55281,Bus Stop,1.3981074,103.828637
After SLE (56089),56089,Bus Stop,1.3920031,103.8186363
After SMRT Buses Kranji Depot (49121),49121,Bus Stop,1.4352252,103.7549519
After Saint John's Crescent (97071),97071,Bus Interchange,1.3685671,103.9778626
After Scania Singapore (47151),47151,Bus Stop,1.4662831,103.8039625
After School Of Commando (99019),99019,Bus Stop,1.3838093,103.9785133
After Seagate (66459),66459,Bus Stop,1.3784691,103.8707924
After Second Lok Yang Road (23179),23179,Bus Stop,1.3276591,103.6911724
After Seletar Aerospace Lane (68161),68161,Bus Stop,1.4107501,103.8617487
After Seletar Aerospace Link (68199),68199,Bus Stop,1.402553,103.859906
After Seletar Aerospace Rise (68089),68089,Bus Stop,1.4060036,103.8668613
After Seletar Camp (68201),68201,Bus Stop,1.4098384,103.8726823
After Seletar Camp G (68119),68119,Bus Stop,1.4022303,103.8721306
After Seletar Road (67039),67039,Bus Stop,1.3884319,103.8675181
After Sembawang Air Base (57051),57051,Bus Stop,1.414893,103.8233176
After Sembawang Shopping Centre (58019),58019,Bus Stop,1.4408488,103.8247489
After Sengkang East Avenue (67461),67461,Bus Stop,1.3857598,103.891224
After Sengkang West Road (67659),67659,Bus Stop,1.3895935,103.8704787
After Sennet Road (94029),94029,Bus Stop,1.3144779,103.9375499
After Senoko Avenue (47101),47101,Bus Stop,1.4665359,103.8090688
After Senoko Cresent (47081),47081,Bus Stop,1.4619566,103.8038604
After Senoko Drive (47089),47089,Bus Stop,1.462295,103.8039091
After Senoko Way (47119),47119,Bus Stop,1.4664076,103.8106973
After Serangoon Garden Way (63189),63189,Bus Stop,1.3613447,103.8736318
After Serangoon North Avenue 1 (63191),63191,Bus Stop,1.3642371,103.8739857
After Shell Aviation (68159),68159,Bus Stop,1.4233254,103.8661867
After Shimano Private Limited (23209),23209,Bus Stop,1.3195011,103.6858011
After Shipyard Road (22401),22401,Bus Stop,1.3101027,103.6971244
After Shipyard Road (23251),23251,Bus Stop,1.3117186,103.6837992
After Siglap Drive (83179),83179,Bus Stop,1.3145837,103.9192357
After Siglap Road (93069),93069,Bus Stop,1.3116394,103.9224014
After Sime Road (41151),41151,Bus Stop,1.3380252,103.8193698
After Simei Avenue (96019),96019,Bus Stop,1.3313532,103.9537673
After Sims Way (80049),80049,Bus Stop,1.3107635,103.8736374
After Singapore Flyer (02101),02101,Bus Stop,1.2893566,103.8619935
After Singapore Science Centre (28261),28261,Bus Stop,1.3360128,103.7349704
After Somapah Road (95909),95909,Bus Stop,1.3384678,103.960538
After Sommerville Road (62111),62111,Bus Stop,1.345216,103.870791
After Soo Teck Station (65141),65141,Bus Stop,1.4046027,103.8972485
After Soon Lee Road (22281),22281,Bus Stop,1.3285303,103.7037654
After South Buona Vista Road (15221),15221,Bus Stop,1.2793754,103.7855522
After Stevens Station Exit 5 (40089),40089,Bus Stop,1.3205259,103.8273795
After Still Lane (83309),83309,Bus Stop,1.3104235,103.9080698
After Straits Boulevard (03217),03217,Bus Stop,1.2754226,103.8478738
After Street Kinetics (21359),21359,Bus Stop,1.3386805,103.7099611
After Sungei Bedok (85089),85089,Bus Stop,1.3333413,103.9487483
After Sungei Gedong Camp (32089),32089,Bus Stop,1.4168403,103.7010966
After Sungei Kadut Drive (49159),49159,Bus Stop,1.4370422,103.7457658
After Sungei Kadut Eating House (49051),49051,Bus Stop,1.4227603,103.7500964
After Sungei Seletar Bridge (59019),59019,Bus Stop,1.402199,103.827635
After Sunny Metal & Engineering (96341),96341,Bus Stop,1.3328259,103.9702763
After Sunrise Gardens (55089),55089,Bus Stop,1.3912737,103.8563179
After Sunshine Lodge (62119),62119,Bus Stop,1.3448288,103.871016
After Swan Lake Avenue (83271),83271,Bus Stop,1.3192931,103.9259113
After Swiss Club Road (42029),42029,Bus Stop,1.3332636,103.7920978
After Tagore Drive (56061),56061,Bus Stop,1.3850714,103.82288
After Tai Seng Station (70281),70281,Bus Stop,1.3351583,103.888073
After Tai Seng Station Exit C (70289),70289,Bus Stop,1.3352717,103.8885838
After Tai Thong Cresent (60211),60211,Bus Stop,1.3285199,103.8704812
After Tampines Avenue 1 (75401),75401,Bus Stop,1.3516986,103.9266314
After Tampines Avenue 5 (75371),75371,Bus Stop,1.3590983,103.93053
After Tampines Avenue 5 (75419),75419,Bus Stop,1.3557022,103.9292624
After Tampines Avenue 9 (75291),75291,Bus Stop,1.3638446,103.9307257
After Tampines Expressway (64191),64191,Bus Stop,1.3797071,103.9159781
After Tampines Expressway (68059),68059,Bus Stop,1.3997196,103.8725768
After Tampines Expressway (77339),77339,Bus Stop,1.3780377,103.9327724
After Tampines Industrial Avenue 2 (74039),74039,Bus Stop,1.367045,103.9259083
After Tampines Industrial Avenue 4 (74029),74029,Bus Stop,1.3700975,103.9227839
After Tampines Industrial Avenue 5 (74011),74011,Bus Stop,1.3738338,103.9204126
After Tampines Industrial Drive (73029),73029,Bus Stop,1.3789362,103.9192396
After Tampines Industrial Drive (73031),73031,Bus Stop,1.376825,103.9200584
After Tampines Lk (75319),75319,Bus Stop,1.3676443,103.9310921
After Tampines Station Exit E (76559),76559,Bus Stop,1.3556424,103.9435314
After Tan Boon Chong Avenue (11281),11281,Bus Stop,1.3161547,103.7885731
After Tanglin Road (10479),10479,Bus Stop,1.2966452,103.8155284
After Tanjong Katong Complex (82011),82011,Bus Stop,1.3173609,103.8948445
After Tanjong Katong Road (91079),91079,Bus Stop,1.3013064,103.8952756
After Tanjong Katong Station Exit 2 (82051),82051,Bus Stop,1.300152,103.8974329
After Tanjong Kling Road (22041),22041,Bus Stop,1.3146289,103.6987363
After Teban Gardens Cresent (29159),29159,Bus Stop,1.3249798,103.737521
After Telok Ayer Street (03151),03151,Bus Stop,1.2787904,103.8476735
After Telok Blangah Heights (14051),14051,Bus Stop,1.2758087,103.81505
After Tembeling Road (82159),82159,Bus Stop,1.3132645,103.9005186
After The Japanese Association (41139),41139,Bus Stop,1.3296096,103.814895
After The Springside (57029),57029,Bus Stop,1.4039361,103.8186267
After Third Lok Yang Road (23109),23109,Bus Stop,1.3246756,103.6907042
After Thomson Hills Drive (56199),56199,Bus Stop,1.3789242,103.8301401
After Tiong Bahru Road (10359),10359,Bus Stop,1.2872087,103.8225666
After Toa Payoh Rise (51059),51059,Bus Stop,1.3370243,103.8375164
After Toh Close (97119),97119,Bus Stop,1.3633993,103.9699723
After Toh Tuck Avenue (28019),28019,Bus Stop,1.3249483,103.7589511
After Toh Tuck Cresent (42299),42299,Bus Stop,1.3374195,103.7644719
After Toh Tuck Link (28189),28189,Bus Stop,1.329886,103.7585546
After Toh Tuck Rise (42209),42209,Bus Stop,1.33912,103.763598
After Toh Tuck Terrace (42229),42229,Bus Stop,1.3394491,103.7683064
After Tomlinson Road (09159),09159,Bus Stop,1.3060881,103.8257897
After Track 11 (32051),32051,Bus Stop,1.409177,103.7010359
After Track 13 (32071),32071,Bus Stop,1.4158378,103.7004666
After Track 14 (30051),30051,Bus Stop,1.3745547,103.7253565
After Tractor Road (22019),22019,Bus Stop,1.3220248,103.7070939
After Trinity Methodist Church (66131),66131,Bus Stop,1.3634704,103.8701658
After Tuas Avenue 10 (25111),25111,Bus Stop,1.3324254,103.6498106
After Tuas Avenue 16 (26069),26069,Bus Stop,1.3184608,103.6389772
After Tuas Avenue 2 (25219),25219,Bus Stop,1.3288945,103.6568238
After Tuas Avenue 4 (25371),25371,Bus Stop,1.3239769,103.649031
After Tuas Avenue 5 (24529),24529,Bus Stop,1.317226,103.6581961
After Tuas Avenue 6 (25129),25129,Bus Stop,1.329877,103.6522561
After Tuas Avenue 6 (25379),25379,Bus Stop,1.3242161,103.6489833
After Tuas Avenue 7 (25091),25091,Bus Stop,1.334409,103.6451787
After Tuas Avenue 8 (25121),25121,Bus Stop,1.3306052,103.6517153
After Tuas Avenue 8 (25389),25389,Bus Stop,1.3259186,103.6472013
After Tuas Bay Link (25669),25669,Bus Stop,1.2933554,103.6395287
After Tuas Cresent (26131),26131,Bus Stop,1.3190064,103.6496769
After Tuas Flyover (24509),24509,Bus Stop,1.3242916,103.6641346
After Tuas Road (24691),24691,Bus Stop,1.3135022,103.6572007
After Tuas Road (25201),25201,Bus Stop,1.319279,103.658699
After Tuas South Avenue 2 (26241),26241,Bus Stop,1.320912,103.630896
After Tuas South Avenue 2 (26259),26259,Bus Stop,1.3174163,103.630067
After Tuas South Avenue 4 (26261),26261,Bus Stop,1.3140443,103.6284364
After Tuas South Avenue 4 (26279),26279,Bus Stop,1.311347,103.6278261
After Tuas South Avenue 6 (26311),26311,Bus Stop,1.302312,103.6297465
After Tuas South Avenue 8 (26461),26461,Bus Stop,1.2994257,103.6286361
After Tuas South Avenue 9 (26431),26431,Bus Stop,1.2944113,103.6362422
After Tuas South Boulevard (25059),25059,Bus Stop,1.270007,103.61725
After Tuas South Street 2 (26289),26289,Bus Stop,1.3082379,103.626714
After Tuas South Street 7 (25771),25771,Bus Stop,1.2742423,103.6322637
After Tuas Terminal (25419),25419,Bus Stop,1.3443275,103.6383427
After Tuas View Circuit (26419),26419,Bus Stop,1.288924,103.6328897
After Tuas View Cresent (26399),26399,Bus Stop,1.2895031,103.627543
After Tuas West Avenue (25461),25461,Bus Stop,1.3294201,103.6329285
After Tuas West Avenue (25689),25689,Bus Stop,1.3320459,103.6370375
After Tuas West Road (25249),25249,Bus Stop,1.339842,103.645392
After Tuas West Road Station (25691),25691,Bus Stop,1.3284902,103.6398011
After Tuas West Street (25451),25451,Bus Stop,1.3322614,103.634091
After Tukang Innovation Drive (21471),21471,Bus Stop,1.3269174,103.7154275
After Turnhouse Road (99099),99099,Bus Stop,1.3907199,103.9799317
After Unity Street (13211),13211,Bus Stop,1.2924258,103.841072
After Upper Changi Road (96091),96091,Bus Stop,1.3367401,103.9580967
After Upper Changi Road East (96099),96099,Bus Stop,1.336677,103.9578325
After Upper Changi Road North (97141),97141,Bus Stop,1.3522851,103.9679169
After Upper Paya Lebar Road (62061),62061,Bus Stop,1.3416982,103.8817934
After Upper Serangoon Road (62109),62109,Bus Stop,1.34365,103.8738851
After Upper Serangoon Road (63151),63151,Bus Stop,1.3541464,103.8775819
After Upper Serangoon Shopping Centre (63019),63019,Bus Stop,1.3535338,103.8779898
After Upper Thomson Road (57149),57149,Bus Stop,1.4023521,103.8168936
After VICOM (97149),97149,Bus Stop,1.3517997,103.9679616
After View Road (47039),47039,Bus Stop,1.4515392,103.7890594
After Wallace Way (40251),40251,Bus Stop,1.3404624,103.8222421
After Waterfront Waves (84639),84639,Bus Stop,1.3385795,103.9293945
After Waterloo Street (07569),07569,Bus Stop,1.299508,103.85299
After Wellington Road (58191),58191,Bus Stop,1.4587326,103.828777
After West Camp Road (68129),68129,Bus Stop,1.4055677,103.8609837
After West Coast Highway (17081),17081,Bus Stop,1.2995733,103.7645515
After West Coast Link (17369),17369,Bus Stop,1.2984665,103.7638759
After Westwood Avenue (27449),27449,Bus Stop,1.350573,103.700107
After Whitchurch Road (18199),18199,Bus Stop,1.2943872,103.7959134
After Windsor Park Road (53069),53069,Bus Stop,1.3577131,103.8289878
After Wolskel Road (62121),62121,Bus Stop,1.346675,103.8715147
After Woodlands Centre Road (46019),46019,Bus Stop,1.4386555,103.7740297
After Woodlands Industrial Park D Street 1 (46389),46389,Bus Stop,1.4293119,103.7665984
After Woodlands Industrial Park D Street 2 (46029),46029,Bus Stop,1.4286112,103.7622992
After Woodlands Industrial Park E4 (47051),47051,Bus Stop,1.4545018,103.7955954
After Woodlands Industrial Park E6 (46481),46481,Bus Stop,1.4496758,103.8011361
After Woodlands Industrial Park E7 (46729),46729,Bus Stop,1.451915,103.8023439
After Woodlands Mart (46801),46801,Bus Stop,1.4464718,103.797573
After Woodlands Road (45141),45141,Bus Stop,1.4251508,103.7566874
After Woodlands Road (45221),45221,Bus Stop,1.4118908,103.757811
After Woodlands Waterfront Park (47019),47019,Bus Stop,1.450529,103.7787961
After Woodleigh Park (61021),61021,Bus Stop,1.336299,103.870233
After Yew Tee Flyover (45011),45011,Bus Stop,1.3896645,103.7546317
After Yew Tee Flyover (45019),45019,Bus Stop,1.3882766,103.7555572
After Yio Chu Kang Road (55241),55241,Bus Stop,1.3893124,103.8407019
After Yio Chu Kang Road (56039),56039,Bus Stop,1.3767213,103.8284955
After Yio Chu Kang Road (66149),66149,Bus Stop,1.3628349,103.8724322
After Yio Chu Kang Road (66479),66479,Bus Stop,1.3786171,103.8743168
After Yio Chu Kang Road (67081),67081,Bus Stop,1.3898845,103.8688817
After Yishun Avenue 1 (59029),59029,Bus Stop,1.4087523,103.8291789
After Yishun Avenue 6 (59781),59781,Bus Stop,1.4232531,103.8512273
After Yishun Avenue 8 (68179),68179,Bus Stop,1.4270601,103.8555202
After Yuan Ching Road (21019),21019,Bus Stop,1.325557,103.727141
After Yuan Ching Road (21779),21779,Bus Stop,1.3264098,103.72433
After Zion Full Gospel Church (13141),13141,Bus Stop,1.2975703,103.8299752
Agility (97301),97301,Bus Stop,1.3518365,103.9697862
Ai Tong School (53351),53351,Bus Stop,1.3608068,103.8321753
Air Force Museum (71049),71049,Bus Stop,1.3461081,103.8988955
Air Force School (73049),73049,Bus Stop,1.3507457,103.899197
Airfreight Terminal Building (95039),95039,Bus Stop,1.3721657,103.9946335
Airline House (95061),95061,Bus Stop,1.3781895,103.9969024
Airport Police Station (95151),95151,Bus Stop,1.3420976,103.9817909
Al-Amin Mosque (14271),14271,Bus Stop,1.2756743,103.8191266
Alexandra Central (11019),11019,Bus Stop,1.2866969,103.8057099
Alexandra Hospital (11511),11511,Bus Stop,1.2861479,103.8024816
Alexandra Point (15051),15051,Bus Interchange,1.277014,103.802374
Alexandra Retail Centre (15041),15041,Bus Stop,1.2745936,103.801819
Aljunied Community Club (63289),63289,Bus Stop,1.3539817,103.8896323
Aljunied Park (70039),70039,Bus Stop,1.3292864,103.8796308
Aljunied Station (81089),81089,Bus Stop,1.3162736,103.8819911
Alliance Building (28671),28671,Bus Stop,1.3371501,103.7522807
Amber Gardens (92241),92241,Bus Stop,1.3017069,103.9009591
Amtech Building (53181),53181,Bus Stop,1.356167,103.83787
Anchor Green Primary School (65809),65809,Bus Stop,1.3906945,103.8860409
Anchorpoint (11521),11521,Bus Interchange,1.2885974,103.8054696
Ang Mo Kio Community Hospital (55151),55151,Bus Stop,1.3833611,103.8403407
Ang Mo Kio Interchange (54009),54009,Bus Interchange,1.3697226,103.8484254
Ang Mo Kio Police Division Headquarters (55301),55301,Bus Stop,1.3843232,103.8452471
Ang Mo Kio Primary School (54229),54229,Bus Stop,1.3695806,103.8400739
Anglo-Chinese School (40069),40069,Bus Stop,1.318264,103.8343867
Aperia/Before Kallang Road (07379),07379,Bus Stop,1.3098535,103.8635815
Arc 380 (07351),07351,Bus Stop,1.313537,103.8605097
Aries (16111),16111,Bus Stop,1.2871805,103.7825951
Armenian Church (04142),04142,Bus Stop,1.2931652,103.8497025
Army Logistics Base (30039),30039,Bus Stop,1.3743178,103.7198044
Ascent (15189),15189,Bus Stop,1.2907561,103.7855283
Asia Polyurethane (26039),26039,Bus Stop,1.316062,103.645623
Asia Rattan Trading Co (49039),49039,Bus Stop,1.4167326,103.7513554
Asia Steel Welded Mesh (25339),25339,Bus Stop,1.3201597,103.653999
Asia-Pacific Brewery (25239),25239,Bus Stop,1.3373553,103.647974
Asiatic Agricultural Industrial (24249),24249,Bus Stop,1.3199616,103.672263
Asiatic Engineering (25191),25191,Bus Stop,1.3213241,103.6597144
Asiawide Industrial Building (70291),70291,Bus Stop,1.3375554,103.8871312
Assumption Pathway School (43099),43099,Bus Stop,1.3687647,103.7650335
Assyakirin Mosque (21279),21279,Bus Stop,1.3349128,103.71953
Auto World Care (23101),23101,Bus Stop,1.324527,103.69097
Autobacs (43209),43209,Bus Stop,1.3469587,103.763856
Autobay @ Kaki Bukit (72151),72151,Bus Stop,1.3408358,103.9130835
Automobile Megamart (71131),71131,Bus Stop,1.3305273,103.9004015
Automotive Technology (21549),21549,Bus Stop,1.3308818,103.7190035
Avenue Villa (42139),42139,Bus Stop,1.3287323,103.7945036
Avila Gardens (98301),98301,Bus Stop,1.3600712,103.9648818
Ayer Rajah Community Club (20181),20181,Bus Stop,1.3204847,103.7475454
Ayer Rajah Industrial Estate (18129),18129,Bus Stop,1.2977843,103.7857073
Ayer Rajah Telecoms (19061),19061,Bus Stop,1.3075475,103.777799
Aztech Building (71169),71169,Bus Stop,1.3269988,103.8921154
B S Development (26061),26061,Bus Stop,1.3182075,103.6394228
B03 Lim Chu Kang Road (34041),34041,Bus Stop,1.439779,103.7078896
B19 Lim Chu Kang Road (33011),33011,Bus Stop,1.4195362,103.702176
B20 Lim Chu Kang Road (33019),33019,Bus Stop,1.4191681,103.702177
B25 Old Choa Chu Kang Road (31199),31199,Bus Stop,1.3708749,103.7093559
B26 Lim Chu Kang Road (32069),32069,Bus Stop,1.4112899,103.7003091
B26 Lim Chu Kang Road (32149),32149,Bus Stop,1.3950135,103.6921209
B26 Old Choa Chu Kang Road (31191),31191,Bus Stop,1.3716109,103.7099069
B27 Lim Chu Kang Road (32141),32141,Bus Stop,1.3951636,103.6918448
BCA Academy (52061),52061,Bus Stop,1.343538,103.8587096
BHCC Space (75611),75611,Bus Stop,1.3726292,103.9342477
BMT@Pasir Ris,N/A,Bus Interchange,1.3746385,103.9496866
Bakau Station/Blk 122F (67131),67131,Bus Stop,1.3877304,103.905365
Ballota Park Condominium (97041),97041,Bus Stop,1.3578764,103.9693718
Balmoral Plaza (40051),40051,Bus Stop,1.3166152,103.8356005
Ban Joo (29041),29041,Bus Stop,1.3063119,103.7360327
Ban Teck Han Building (66521),66521,Bus Stop,1.3752242,103.8736733
Bangkit Station (44329),44329,Bus Stop,1.3802394,103.7725626
Barossa Gardens (16201),16201,Bus Stop,1.2812717,103.7841674
Bartley Biz Centre (72141),72141,Bus Stop,1.3385805,103.911513
Bartley Christian Church (62089),62089,Bus Stop,1.3438127,103.8782857
Bartley Station Exit A (62071),62071,Bus Stop,1.3425144,103.880078
Basf South East Asia (26101),26101,Bus Stop,1.3267902,103.6382144
Bayfront Station Exit A (03519),03519,Bus Stop,1.281245,103.85885
Bayfront Station Exit B/MBS (03509),03509,Bus Stop,1.2831859,103.8600695
Beach Station Bus Terminal (14539),14539,Bus Stop,1.2515714,103.8184183
Beauty World Station Exit A (42099),42099,Bus Stop,1.3416422,103.7759162
Beauty World Station Exit B (42091),42091,Bus Stop,1.3428474,103.7753987
Beauty World Station Exit C (42151),42151,Bus Stop,1.3400864,103.7753311
Becton Dickinson Medical (25171),25171,Bus Stop,1.3254726,103.6570915
Bedok Camp 2 (94079),94079,Bus Stop,1.3195584,103.9552665
Bedok Central Post Office (84351),84351,Bus Stop,1.3275902,103.9342577
Bedok Interchange (84009),84009,Bus Interchange,1.3246211,103.9292769
Bedok Market Place (85069),85069,Bus Stop,1.331717,103.94742
Bedok North Depot (84299),84299,Bus Stop,1.3384615,103.94778
Bedok North Station Exit A (84451),84451,Bus Stop,1.3354718,103.9181452
Bedok North Station Exit B (84539),84539,Bus Stop,1.3349085,103.9185595
Bedok Reservoir Station Exit A (84201),84201,Bus Stop,1.3364514,103.9332096
Bedok Reservoir Station Exit B (84209),84209,Bus Stop,1.3369908,103.9332988
Bedok Sports Complex (84051),84051,Bus Stop,1.325318,103.939616
Bedok Station Exit A (84039),84039,Bus Stop,1.3235254,103.928831
Bedok Station Exit B (84031),84031,Bus Stop,1.3242208,103.9299737
Beecham Private Limited (21349),21349,Bus Stop,1.3350361,103.7092643
Bef Jln Pisang (01129),01129,Bus Stop,1.3035491,103.8586632
Before 888 Plaza (46671),46671,Bus Stop,1.436856,103.7945957
Before Acacia Home (58369),58369,Bus Stop,1.4606894,103.811969
Before Adana @ Thomson (56011),56011,Bus Stop,1.3685387,103.8282375
Before Admiralty Primary School (46781),46781,Bus Stop,1.4426059,103.8012413
Before Admiralty Road West (46711),46711,Bus Stop,1.4546425,103.8008462
Before Admiralty Station/Blk 680 (47591),47591,Bus Stop,1.4395775,103.8025836
Before Airport Road (71061),71061,Bus Stop,1.338993,103.895053
Before Al-Muttaqin Mosque (54039),54039,Bus Stop,1.3707194,103.8457237
Before Andrew Road (51119),51119,Bus Stop,1.3401423,103.8326525
Before Ang Mo Kio Avenue 1 (53091),53091,Bus Stop,1.3647906,103.8279583
Before Ang Mo Kio Avenue 1 (56019),56019,Bus Stop,1.369197,103.828631
Before Ang Mo Kio Avenue 10 (54109),54109,Bus Stop,1.3571155,103.8542936
Before Ang Mo Kio Avenue 2 (56269),56269,Bus Stop,1.3674641,103.8322067
Before Ang Mo Kio Avenue 5 (54051),54051,Bus Stop,1.3762241,103.8446606
Before Ang Mo Kio Avenue 9 (55219),55219,Bus Stop,1.3855731,103.8459712
Before Ang Mo Kio Industrial Park 2A (54631),54631,Bus Stop,1.377022,103.866998
Before Ang Mo Kio Library (54059),54059,Bus Stop,1.3763405,103.8450043
Before Ang Mo Kio Station Exit B (54399),54399,Bus Stop,1.3712419,103.8487
Before Ang Mo Kio Street 64/Apple Singapore (55059),55059,Bus Stop,1.3921156,103.8492379
Before Ar-rabitah Mosque (10181),10181,Bus Stop,1.28851,103.8207499
Before Assyafaah Mosque (58139),58139,Bus Stop,1.4564297,103.8208749
Before Aviation Park Road (96461),96461,Bus Stop,1.3525101,104.0299626
Before Ayer Rajah Cresent (18099),18099,Bus Stop,1.2939181,103.7894999
Before BKE (45211),45211,Bus Stop,1.4103248,103.7697915
Before BKE (46051),46051,Bus Stop,1.438998,103.766477
Before Baker Street (68099),68099,Bus Stop,1.4080686,103.8693501
Before Balestier Plaza (50191),50191,Bus Stop,1.3260552,103.8490224
Before Bartley Viaduct (72169),72169,Bus Stop,1.3410624,103.9162087
Before Beach Road (01639),01639,Bus Stop,1.2974673,103.8555396
Before Bedok Road (85109),85109,Bus Stop,1.3295066,103.9514161
Before Begonia Road (67011),67011,Bus Stop,1.3901147,103.862604
Before Bencoolen Station Exit A (04029),04029,Bus Stop,1.2996645,103.8510582
Before Benoi Basin (23301),23301,Bus Stop,1.3016958,103.6795743
Before Benoi Flyover (23031),23031,Bus Stop,1.3223968,103.6808817
Before Benoi Lane (23321),23321,Bus Stop,1.3040258,103.6761626
Before Benoi Place (23441),23441,Bus Stop,1.3130394,103.6785969
Before Benoi Road (23249),23249,Bus Stop,1.309835,103.6792635
Before Benoi Road (23479),23479,Bus Stop,1.3195409,103.680222
Before Benoi Road (24631),24631,Bus Stop,1.3205435,103.6779517
Before Benoi Sector (23279),23279,Bus Stop,1.3149347,103.6916305
Before Bethesda Frankel Church (83189),83189,Bus Stop,1.316852,103.917487
Before Bidadari Park Drive (70061),70061,Bus Stop,1.3374925,103.8743886
Before Bishan Road (52011),52011,Bus Stop,1.3448702,103.8427694
Before Bke (46091),46091,Bus Stop,1.4395947,103.770159
Before Blk 104 (50221),50221,Bus Stop,1.3213766,103.852994
Before Blk 113 (40481),40481,Bus Stop,1.3528881,103.7350774
Before Blk 187 (78181),78181,Bus Stop,1.3648464,103.9589558
Before Blk 19 (80301),80301,Bus Stop,1.3163555,103.8735022
Before Blk 221 (52529),52529,Bus Stop,1.341326,103.857379
Before Blk 264 (65409),65409,Bus Stop,1.406293,103.898566
Before Blk 322 (21641),21641,Bus Stop,1.3363013,103.7250087
Before Blk 39 (20201),20201,Bus Stop,1.3213076,103.743964
Before Blk 440A (40341),40341,Bus Stop,1.3545497,103.7388416
Before Blk 471B (62251),62251,Bus Stop,1.3774824,103.9006583
Before Blk 53 (80239),80239,Bus Stop,1.3184337,103.8805568
Before Blk 629A Carpark (44869),44869,Bus Stop,1.3865514,103.7588899
Before Blk 631B (75591),75591,Bus Stop,1.3621214,103.9423974
Before Blk 683 (64341),64341,Bus Stop,1.3725914,103.8861393
Before Boon Lay Way (21351),21351,Bus Stop,1.3387923,103.7095674
Before Boon Lay Way (21491),21491,Bus Stop,1.3267804,103.7108107
Before Braddell Flyover (66069),66069,Bus Stop,1.3436197,103.862918
Before Braddell Road (61041),61041,Bus Stop,1.3414503,103.8704835
Before Braddell Road (66019),66019,Bus Stop,1.3460046,103.8603949
Before Bright Hill Temple (53331),53331,Bus Stop,1.3634266,103.8367511
Before British American Tobacco (47071),47071,Bus Stop,1.4577142,103.8019181
Before Buangkok Drive (67451),67451,Bus Stop,1.3830563,103.8896607
Before Buangkok East Drive (64179),64179,Bus Stop,1.374207,103.91287
Before Bukit Batok East Avenue 6 (42191),42191,Bus Stop,1.3463157,103.7670524
Before Bukit Batok West Avenue 5 (43469),43469,Bus Stop,1.3554377,103.7472698
Before Bukit Batok West Avenue 5 (44169),44169,Bus Stop,1.3704362,103.7501844
Before Bukit Batok West Avenue 5 (44171),44171,Bus Stop,1.3679866,103.7470335
Before Bukit Merah Central (10331),10331,Bus Stop,1.2813825,103.8183288
Before Bullion Park (55381),55381,Bus Stop,1.3899693,103.8358916
Before Cairnhill Road (09037),09037,Bus Stop,1.302396,103.8369024
Before Caldecott Station Exit 3 (52219),52219,Bus Stop,1.3379456,103.8405401
Before Caldecott Station/Savh (52241),52241,Bus Stop,1.3378113,103.8389794
Before Canberra Drive (58039),58039,Bus Stop,1.4467231,103.8259089
Before Cantonment Road (05641),05641,Bus Stop,1.2727451,103.8413844
Before Cargo Building D (95149),95149,Bus Stop,1.3809806,103.9976886
Before Carlisle Road (50071),50071,Bus Stop,1.315769,103.847037
Before Carlton Avenue (83229),83229,Bus Stop,1.3166143,103.9208334
Before Carpark D5 (93169),93169,Bus Stop,1.3058966,103.9272138
Before Carpark E1 (93161),93161,Bus Stop,1.3065645,103.9280477
Before Cashew Station (43091),43091,Bus Stop,1.3686151,103.7647219
Before Central Expressway (54499),54499,Bus Stop,1.3770151,103.8605602
Before Changi Beach Carpark 3 (99161),99161,Bus Stop,1.3902352,103.9929922
Before Changi Coast Road (96471),96471,Bus Stop,1.3677729,104.0101889
Before Changi Ferry Road (95161),95161,Bus Stop,1.3725639,104.0045522
Before Changi Fire Station (85071),85071,Bus Stop,1.3340818,103.9498162
Before Changi General Hospital (96251),96251,Bus Stop,1.3402803,103.9514176
Before Changi Prison Complex (97331),97331,Bus Stop,1.3556366,103.9751
Before Changi South Street 1 (96351),96351,Bus Stop,1.3352965,103.97039
Before Changi South Street 2 (96311),96311,Bus Stop,1.3329189,103.9607082
Before Chatsworth Road (13039),13039,Bus Stop,1.299923,103.817543
Before Chestnut Avenue (44359),44359,Bus Stop,1.3677644,103.7753375
Before Chia Ping Road (21469),21469,Bus Stop,1.327504,103.7180407
Before Chin Bee Avenue (21269),21269,Bus Stop,1.3342197,103.7105065
Before Chin Bee Road (21511),21511,Bus Stop,1.3331086,103.7110694
Before Chinese & Muslim Cemetery (32131),32131,Bus Stop,1.3817853,103.6841457
Before Choa Chu Kang Link (45489),45489,Bus Stop,1.3937898,103.7520131
Before Choa Chu Kang Market (44091),44091,Bus Stop,1.3764943,103.7446583
Before Choa Chu Kang North 5 (45491),45491,Bus Stop,1.394122,103.7529808
Before Clementi Road (12111),12111,Bus Stop,1.3192015,103.772406
Before Clementi Road (17359),17359,Bus Stop,1.2934134,103.7662222
Before Cooling Close (66171),66171,Bus Stop,1.359709,103.863556
Before Craig Road (05429),05429,Bus Stop,1.2775741,103.8436781
Before Cranwell Road (99021),99021,Bus Stop,1.38653,103.979006
Before Cranwell Road (99089),99089,Bus Stop,1.3891171,103.9785037
Before Crawford Bridge (01339),01339,Bus Stop,1.3077806,103.8642411
Before Crown Centre (41031),41031,Bus Stop,1.3230463,103.8119696
Before Dairy Farm Cresent (43899),43899,Bus Stop,1.3634525,103.7687769
Before Dairy Farm Heights (43969),43969,Bus Stop,1.3645867,103.7726914
Before Dairy Farm Road (44361),44361,Bus Stop,1.3663968,103.7756305
Before Davidson Road (70131),70131,Bus Stop,1.3327667,103.885074
Before Dawson Road (10291),10291,Bus Stop,1.2921322,103.8106644
Before Defu Avenue 2 (64229),64229,Bus Stop,1.3622668,103.902282
Before Dunearn Road (42141),42141,Bus Stop,1.3360443,103.778208
Before ECON Medicare Centre (55071),55071,Bus Stop,1.3924529,103.8526493
Before Elite Park Avenue (93111),93111,Bus Stop,1.3144834,103.9227896
Before Eng Kong Place (42249),42249,Bus Stop,1.3371217,103.7670937
Before Enterprise Road (22319),22319,Bus Stop,1.332024,103.70549
Before Fan Yoong Road (22289),22289,Bus Stop,1.3292612,103.7028837
Before Fernvale Lane (67089),67089,Bus Stop,1.3902578,103.8692723
Before First Lok Yang Road (23099),23099,Bus Stop,1.3246787,103.6928713
Before First Lok Yang Road (23189),23189,Bus Stop,1.3276452,103.693917
Before Fort Canning Station (04331),04331,Bus Stop,1.2920235,103.8448896
Before Fort Road (91049),91049,Bus Stop,1.3007,103.8864939
Before Fourth Lok Yang Road (23111),23111,Bus Stop,1.3246802,103.6884594
Before Frankel Avenue (83219),83219,Bus Stop,1.3159161,103.9191581
Before Frankel Drive (83191),83191,Bus Stop,1.3171901,103.9159083
Before Frankel Place (93109),93109,Bus Stop,1.3128085,103.9200042
Before Frankel Terrace (83201),83201,Bus Stop,1.318577,103.914454
Before Gambas Crescent (58581),58581,Bus Stop,1.443876,103.813122
Before Garden of Remembrance (31149),31149,Bus Stop,1.3738977,103.694248
Before Gardens by the Bay (03341),03341,Bus Stop,1.2797052,103.8644634
Before Genting Link (70361),70361,Bus Stop,1.328482,103.873397
Before Gerald Drive (67071),67071,Bus Stop,1.3822895,103.8770255
Before Geylang Bahru Station (60031),60031,Bus Stop,1.3204889,103.8702229
Before Geylang Road (80111),80111,Bus Stop,1.3099739,103.875539
Before Glendale Park Condominium (43159),43159,Bus Stop,1.3645682,103.7652207
Before Goldhill Avenue (40119),40119,Bus Stop,1.31886,103.832472
Before Greenwich Drive (64159),64159,Bus Stop,1.3675132,103.9099189
Before Gul Circle (24169),24169,Bus Stop,1.3103312,103.6667003
Before Gul Street 1 (24239),24239,Bus Stop,1.3197508,103.6690316
Before Hasanah Mosque (20231),20231,Bus Stop,1.3222552,103.7396281
Before Hazel Park Terrace (43119),43119,Bus Stop,1.3734059,103.7630048
Before Heartbeat @ Bedok (84659),84659,Bus Stop,1.327201,103.93063
Before Heavy Vehicle Park (58459),58459,Bus Stop,1.4598885,103.8150806
Before Hillview Station Exit B (42991),42991,Bus Stop,1.3617011,103.766984
Before How Sun Road (62031),62031,Bus Stop,1.3452188,103.8816221
Before Huddington Avenue (66231),66231,Bus Stop,1.3699381,103.8644182
Before Hume Station Exit 2 (43821),43821,Bus Stop,1.3567709,103.7675726
Before IKEA Industrial Building (11529),11529,Bus Stop,1.289004,103.8061088
Before JTC Aerospace (68181),68181,Bus Stop,1.4041397,103.8581979
Before Jalan Bahar (27169),27169,Bus Stop,1.356875,103.6938533
Before Jalan Basong (58071),58071,Bus Stop,1.4553195,103.8338839
Before Jalan Batalong (98089),98089,Bus Stop,1.3616791,103.9642399
Before Jalan Bena (97039),97039,Bus Stop,1.3554654,103.9689761
Before Jalan Bumbong (45109),45109,Bus Stop,1.4179049,103.7548145
Before Jalan Buroh (21089),21089,Bus Stop,1.3115983,103.722836
Before Jalan Buroh (21299),21299,Bus Stop,1.3157893,103.7098619
Before Jalan Buroh (22149),22149,Bus Stop,1.3174233,103.6959821
Before Jalan Buroh (22391),22391,Bus Stop,1.3134231,103.695716
Before Jalan Chempaka Kuning (85059),85059,Bus Stop,1.3294654,103.949116
Before Jalan Dusun (50161),50161,Bus Stop,1.326685,103.8436719
Before Jalan Jurong Kechil (42231),42231,Bus Stop,1.3405221,103.7705392
Before Jalan Kayu (67579),67579,Bus Stop,1.3947593,103.8747136
Before Jalan Kayu (68011),68011,Bus Stop,1.3913171,103.8702543
Before Jalan Kembangan (83381),83381,Bus Stop,1.3246525,103.9145448
Before Jalan Khairuddin (83251),83251,Bus Stop,1.3192278,103.9219889
Before Jalan Mariam (97101),97101,Bus Stop,1.3632086,103.9673961
Before Jalan Pari Burong (85081),85081,Bus Stop,1.3329358,103.9471959
Before Jalan Samulun (22099),22099,Bus Stop,1.308847,103.696897
Before Jalan Selaseh (67069),67069,Bus Stop,1.3855121,103.8751757
Before Jalan Tepong (21069),21069,Bus Stop,1.3124268,103.7192448
Before Jalan Terusan (21049),21049,Bus Stop,1.3209529,103.7202594
Before Jalan Todak (53049),53049,Bus Stop,1.3536758,103.834177
Before Jalan Tukang (21499),21499,Bus Stop,1.3266053,103.7110166
Before Jalan Ulu Sembawang (48049),48049,Bus Stop,1.4123334,103.7893446
Before Jalan Wangi (70101),70101,Bus Stop,1.329697,103.8739741
Before Joo Chiat Place (82151),82151,Bus Stop,1.3129689,103.9009677
Before Joo Koon Interchange (23371),23371,Bus Interchange,1.3253664,103.6790354
Before Joo Koon Way (24599),24599,Bus Stop,1.325596,103.669202
Before Jurong East Station (28211),28211,Bus Stop,1.3341576,103.7408111
Before Jurong Pier Road (21119),21119,Bus Stop,1.3139762,103.7120573
Before Jurong Pier Road (22071),22071,Bus Stop,1.3143364,103.706955
Before Jurong Port Road (21021),21021,Bus Stop,1.3242203,103.7239611
Before Jurong Port Road (21131),21131,Bus Stop,1.3147273,103.7179918
Before Jurong Town Hall Road (20069),20069,Bus Stop,1.3240369,103.7440935
Before Jurong Town Hall Road (20209),20209,Bus Stop,1.3214668,103.744104
Before Jurong West Street 51 (28371),28371,Bus Stop,1.3448826,103.7241635
Before KPE (64131),64131,Bus Stop,1.363035,103.9035281
Before KPE (64139),64139,Bus Stop,1.3632303,103.9067983
Before Kaki Bukit Station Exit B (72031),72031,Bus Stop,1.3352113,103.909935
Before Kallang Bahru (07361),07361,Bus Stop,1.3116721,103.8619007
Before Kallang Place (60059),60059,Bus Stop,1.314325,103.865849
Before Kampong Bahru Terminal (10041),10041,Bus Stop,1.2760464,103.8351491
Before Kampung Bugis (80029),80029,Bus Stop,1.3093099,103.8674922
Before Kampung Kayu Road (91091),91091,Bus Stop,1.3031945,103.8843691
Before Katong Post Office (92169),92169,Bus Stop,1.3038619,103.8967581
Before Kent Ridge Terminal (16139),16139,Bus Stop,1.2953444,103.7697986
Before Keramat Road (47031),47031,Bus Stop,1.4517607,103.7881397
Before Khatib Station (59041),59041,Bus Stop,1.4162364,103.8326005
Before Kheam Hock Road (41169),41169,Bus Stop,1.3350491,103.8201183
Before Kian Teck Road (23051),23051,Bus Stop,1.3317251,103.6893374
Before Kian Teck Road (23069),23069,Bus Stop,1.3298957,103.6858131
Before Kian Teck Road (23169),23169,Bus Stop,1.3276475,103.6886893
Before Kim Chuan Road (71059),71059,Bus Stop,1.3406627,103.891922
Before Kim Keat Lane (50159),50159,Bus Stop,1.3246606,103.8532712
Before Kim Yam Road (13099),13099,Bus Stop,1.2957233,103.8395142
Before Koon Seng Road (82149),82149,Bus Stop,1.3109166,103.9013897
Before Kranji Cresent (49089),49089,Bus Stop,1.4339308,103.7486441
Before Kwong Ministry Road (22271),22271,Bus Stop,1.3292534,103.700201
Before Lavender Street (60099),60099,Bus Stop,1.3152049,103.8613823
Before Lentor Station Exit 5 (55011),55011,Bus Stop,1.3822271,103.8357094
Before Lewis Road (40091),40091,Bus Stop,1.3209896,103.823523
Before Lim Chu Kang Lane 3A (33051),33051,Bus Stop,1.4301186,103.7068277
Before Lim Chu Kang Lane 5 (34029),34029,Bus Stop,1.4349857,103.7082091
Before Lim Chu Kang Lane 6 (34039),34039,Bus Stop,1.4365399,103.708178
Before Lim Chu Kang Road (31159),31159,Bus Stop,1.373192,103.6962417
Before Lim Chu Kang Substation No. 1 (32159),32159,Bus Stop,1.414048,103.6973495
Before Lok Yang Way (23139),23139,Bus Stop,1.3251831,103.6841909
Before Lorong 110 Changi (83049),83049,Bus Stop,1.3185258,103.9101646
Before Lorong 18 Geylang (80089),80089,Bus Stop,1.3127628,103.8807482
Before Lorong 23 Geylang (80091),80091,Bus Stop,1.3148661,103.880954
Before Lorong Bakar Batu (70349),70349,Bus Stop,1.3258772,103.8744138
Before Lorong Danau (27171),27171,Bus Stop,1.3560141,103.6916952
Before Lorong K Telok Kurau (83121),83121,Bus Stop,1.3126258,103.9106538
Before Loyang Avenue (97129),97129,Bus Stop,1.3646184,103.96762
Before Loyang Way (98051),98051,Bus Stop,1.37307,103.9737323
Before Loyang Way 1 (98131),98131,Bus Stop,1.3742007,103.9723507
Before Mandai Avenue (48061),48061,Bus Stop,1.4158521,103.8038474
Before Mandai Lake Road (48029),48029,Bus Stop,1.4105315,103.7796953
Before Mandai Road (45071),45071,Bus Stop,1.4094814,103.7556265
Before Margaret Drive (10469),10469,Bus Stop,1.2966517,103.812212
Before Mariam Walk (98311),98311,Bus Stop,1.3593113,103.968514
Before Marina Gardens Drive (03331),03331,Bus Stop,1.2766469,103.8608558
Before Marinteknik (24611),24611,Bus Interchange,1.3107713,103.6524724
Before Marymount Convent School (51089),51089,Bus Stop,1.341518,103.839667
Before Marymount Lane (53111),53111,Bus Stop,1.3465645,103.8390432
Before Mayflower Station Exit 3 (54199),54199,Bus Stop,1.374341,103.8376983
Before Meiji Seika (21501),21501,Bus Stop,1.3304014,103.7100336
Before Met YMCA (40219),40219,Bus Stop,1.3169541,103.8260315
Before Moonbeam Terrace (12151),12151,Bus Stop,1.318613,103.781317
Before Moonbeam Walk (12021),12021,Bus Stop,1.319071,103.782448
Before Mount Faber Lodge (14011),14011,Bus Stop,1.2680176,103.8255267
Before Mount Sinai Drive (12189),12189,Bus Stop,1.3164414,103.7801944
Before Mount Sinai Walk (12211),12211,Bus Stop,1.3172279,103.7807221
Before Muslim Cemetery Path 7 (31041),31041,Bus Stop,1.368575,103.6939217
Before Nam Leong Co Private Limited (24461),24461,Bus Stop,1.2972904,103.6663086
Before Nanyang Avenue (27121),27121,Bus Stop,1.356251,103.6958103
Before Nanyang Avenue (31019),31019,Bus Stop,1.3610088,103.6931191
Before Neil Road (10011),10011,Bus Stop,1.2777687,103.8375268
Before New Loyang Link (98039),98039,Bus Stop,1.3672849,103.9684331
Before New Upper Changi Road (84589),84589,Bus Stop,1.3231923,103.9195414
Before Northshore Cresent (65681),65681,Bus Stop,1.4182229,103.9079106
Before Novena Station Exit B (50037),50037,Bus Stop,1.3210847,103.8422509
Before Offshore Marine Centre (25671),25671,Bus Stop,1.2945393,103.6416669
Before Old Airport Road (81199),81199,Bus Stop,1.3086294,103.8906311
Before Old Choa Chu Kang Road (32129),32129,Bus Stop,1.3736361,103.6854875
Before Old Tampines Road (97121),97121,Bus Stop,1.3648013,103.96765
Before Old Toh Tuck Road (28709),28709,Bus Stop,1.3316215,103.7573459
Before Old Upper Thomson Road (56071),56071,Bus Stop,1.3870991,103.8196703
Before One Tree Hill (13189),13189,Bus Stop,1.3005741,103.8238498
Before Outram Flyover (06049),06049,Bus Stop,1.2847447,103.8351684
Before Pan Island Expressway (43453),43453,Bus Stop,1.3478785,103.7384819
Before Pandan Gardens (20269),20269,Bus Stop,1.3214869,103.7457848
Before Pandan Road (29161),29161,Bus Stop,1.3050695,103.7500376
Before Pasir Panjang Post Office (16079),16079,Bus Stop,1.2915593,103.7706691
Before Pasir Panjang Station (15209),15209,Bus Stop,1.277029,103.7902863
Before Pasir Ris Avenue (77099),77099,Bus Stop,1.3803937,103.9464037
Before Pasir Ris Drive 3 (77089),77089,Bus Stop,1.3800618,103.942659
Before Pasir Ris Drive 3 (77379),77379,Bus Stop,1.3745913,103.9479593
Before Pasir Ris Road (77101),77101,Bus Stop,1.3806994,103.9482286
Before Pasir Ris Station (77039),77039,Bus Stop,1.3716897,103.9482596
Before Pasir Ris Street 53 (77329),77329,Bus Stop,1.372899,103.9476474
Before Pasir Ris Way (77111),77111,Bus Stop,1.3822014,103.9463762
Before Pearl's Hill Terrace (05012),05012,Bus Stop,1.2814405,103.8408249
Before Pending Station (44229),44229,Bus Stop,1.3765772,103.7715218
Before Penjuru Close (29029),29029,Bus Stop,1.3136382,103.7349835
Before Penjuru Road (21051),21051,Bus Stop,1.3122702,103.730428
Before Penjuru Walk (29039),29039,Bus Stop,1.3179089,103.7359049
Before Pioneer Circus (22031),22031,Bus Stop,1.3221904,103.6986225
Before Pioneer Road (23349),23349,Bus Stop,1.3111045,103.6787978
Before Pioneer Road (25391),25391,Bus Stop,1.3290055,103.6370602
Before Pioneer Road (25441),25441,Bus Stop,1.3349149,103.6351876
Before Pioneer Road North (22229),22229,Bus Stop,1.32771,103.698814
Before Pioneer Sector 1 (24421),24421,Bus Stop,1.3046105,103.6595
Before Plantation Crescent (40491),40491,Bus Stop,1.3530742,103.7335714
Before Punggol Central (65189),65189,Bus Stop,1.3971097,103.9182117
Before Punggol Interchange (65211),65211,Bus Interchange,1.4026606,103.9026057
Before Punggol Point Station (65639),65639,Bus Interchange,1.4176385,103.9051433
Before Punggol Road (65191),65191,Bus Stop,1.395125,103.9055342
Before RSAF Roundabout (73019),73019,Bus Stop,1.351986,103.8994566
Before Reuters (18269),18269,Bus Stop,1.2900544,103.7892169
Before Rochalie Drive (13049),13049,Bus Stop,1.3025302,103.8204273
Before Roseburn Avenue (83171),83171,Bus Stop,1.314682,103.9189886
Before SAFRA Yishun (59709),59709,Bus Stop,1.4259668,103.8406372
Before SLE (56081),56081,Bus Stop,1.3915392,103.8181722
Before Saint Helier's Avenue (63181),63181,Bus Interchange,1.3607465,103.873438
Before Saint Patrick's Road (92301),92301,Bus Interchange,1.3079244,103.9126853
Before Sc Auto (47141),47141,Bus Stop,1.4675141,103.8036183
Before School Of Commando (99011),99011,Bus Stop,1.383443,103.978233
Before Seagate (66461),66461,Bus Stop,1.3788428,103.8711814
Before Seah Im Road (14139),14139,Bus Stop,1.268486,103.8160845
Before Seaside Residences (93199),93199,Bus Stop,1.307889,103.9262425
Before Sekolah Indonesia (93129),93129,Bus Stop,1.311314,103.924819
Before Selarang Way (97091),97091,Bus Stop,1.3731137,103.9760702
Before Seletar Aerospace Lane (68169),68169,Bus Stop,1.4107355,103.8619146
Before Seletar Aerospace Link (68191),68191,Bus Stop,1.402289,103.85963
Before Seletar Aerospace Rise (68081),68081,Bus Stop,1.4059083,103.8672713
Before Seletar Camp G (68111),68111,Bus Stop,1.4022454,103.8713626
Before Sembawang Avenue (58571),58571,Bus Stop,1.4419113,103.8169545
Before Sembawang Hills Food Centre (56029),56029,Bus Stop,1.3736208,103.8287019
Before Sembawang Shipyard G 3 (58161),58161,Bus Stop,1.4605323,103.8203771
Before Sembawang Station (58151),58151,Bus Stop,1.4483343,103.8220062
Before Sengkang East Avenue (67469),67469,Bus Stop,1.3853764,103.8907533
Before Sengkang Fire Station (67711),67711,Bus Stop,1.3801329,103.89478
Before Sengkang West Road (67651),67651,Bus Stop,1.3893469,103.8708719
Before Sennett Road (94021),94021,Bus Stop,1.3147295,103.9381843
Before Senoko Cresent (47091),47091,Bus Stop,1.4645595,103.8059887
Before Senoko Drive (47199),47199,Bus Stop,1.4611948,103.8026068
Before Senoko Way (47111),47111,Bus Stop,1.466278,103.8109421
Before Serangoon Road (07241),07241,Bus Stop,1.3155867,103.8589942
Before Seventh-Day Advent Church (28449),28449,Bus Stop,1.3363837,103.7396772
Before Shangri-La Walk (56289),56289,Bus Stop,1.3702856,103.8323687
Before Shell Aviation (68151),68151,Bus Stop,1.4230669,103.8662637
Before Shipyard Cresent (23419),23419,Bus Stop,1.3038529,103.6862643
Before Shipyard Road (22409),22409,Bus Stop,1.3101162,103.6974645
Before Shipyard Road (23259),23259,Bus Stop,1.3113941,103.6836789
Before Sia Huat (29099),29099,Bus Stop,1.2993202,103.7520088
Before Siemens Centre (60219),60219,Bus Stop,1.3284167,103.8708605
Before Siglap Drive (83231),83231,Bus Stop,1.3172258,103.922195
Before Siglap Plain (83079),83079,Bus Stop,1.3197619,103.9150822
Before Siglap Road (93061),93061,Bus Stop,1.3119378,103.922438
Before Simei Avenue (96011),96011,Bus Stop,1.3316605,103.9535423
Before Simei Road (95901),95901,Bus Stop,1.3385705,103.9601481
Before Sims Avenue (80269),80269,Bus Stop,1.315142,103.878248
Before Singapore Aviation Academy (99181),99181,Bus Stop,1.3878091,103.98845
Before Singapore Girls' Home (62231),62231,Bus Stop,1.3477261,103.890345
Before Singapore Institute of Technology (65709),65709,Bus Stop,1.411316,103.910496
Before Soo Teck Station (65149),65149,Bus Stop,1.4048577,103.8969635
Before Soon Lee Road (22299),22299,Bus Stop,1.3307101,103.701751
Before South Buona Vista Road (15229),15229,Bus Stop,1.2793715,103.7857169
Before South View Station (44451),44451,Bus Stop,1.3808061,103.7442292
Before Stevens Station Exit 2 (40229),40229,Bus Stop,1.3192593,103.8257339
Before Stevens Station Exit 4 (40239),40239,Bus Stop,1.322589,103.8262106
Before Still Road (83169),83169,Bus Stop,1.3143182,103.9069155
Before Sultan Mosque (01229),01229,Bus Stop,1.3034335,103.8596966
Before Summerhill (43811),43811,Bus Stop,1.3583819,103.7649234
Before Sungei Kadut Way (49139),49139,Bus Stop,1.407901,103.7537353
Before Sungei Seletar Bridge (59011),59011,Bus Stop,1.4020338,103.8273702
Before Swiss Cottage Estate (40079),40079,Bus Stop,1.3197144,103.8299065
Before Tagore Drive (56069),56069,Bus Stop,1.3852785,103.8232032
Before Tagore Road (56059),56059,Bus Stop,1.3826736,103.8260815
Before Tai Hoe Hotel (07231),07231,Bus Stop,1.3096696,103.8573356
Before Tai Seng Christian Church (63179),63179,Bus Stop,1.3600878,103.8739233
Before Tampines Avenue 5 (75379),75379,Bus Stop,1.3593912,103.9309659
Before Tampines Avenue 9 (75299),75299,Bus Stop,1.3644089,103.9311148
Before Tampines Expressway (64181),64181,Bus Stop,1.3765276,103.9133331
Before Tampines Expressway (64199),64199,Bus Stop,1.37903,103.9153279
Before Tampines Expressway (68051),68051,Bus Stop,1.3995122,103.8723272
Before Tampines Fire Station (75411),75411,Bus Stop,1.3560391,103.9289728
Before Tampines Industrial Avenue 4 (74021),74021,Bus Stop,1.3705571,103.9227502
Before Tampines Industrial Avenue 5 (74019),74019,Bus Stop,1.3740717,103.9200502
Before Tampines Industrial Avenue 5 (75361),75361,Bus Stop,1.3703081,103.9303502
Before Tampines Industrial Drive (73021),73021,Bus Stop,1.3792305,103.9194681
Before Tampines Industrial Drive (73039),73039,Bus Stop,1.376139,103.9198119
Before Tampines Link (74031),74031,Bus Stop,1.3675936,103.925711
Before Tampines Link (75369),75369,Bus Stop,1.3704158,103.9306629
Before Tampines West Station (75059),75059,Bus Stop,1.3446664,103.9401745
Before Tanglin Road (10471),10471,Bus Stop,1.2968297,103.8146943
Before Tanjong Katong Road (91071),91071,Bus Stop,1.3017503,103.895998
Before Tanjong Katong Station Exit 3 (82059),82059,Bus Stop,1.301379,103.897403
Before Tanjong Kling Road (22049),22049,Bus Stop,1.3144395,103.6979138
Before Tanjong Rhu View (90011),90011,Bus Stop,1.29637,103.8685883
Before Teban Gardens Road (20251),20251,Bus Stop,1.3197627,103.7445114
Before Telok Blangah Heights (14059),14059,Bus Stop,1.2756178,103.8153768
Before Telok Blangah Hill Park (18019),18019,Bus Stop,1.280974,103.8024735
Before The Pinnacle@Duxton (05239),05239,Bus Stop,1.2785065,103.8415887
Before The Synergy (28031),28031,Bus Stop,1.3279165,103.7510282
Before Thomson Flyover (51101),51101,Bus Stop,1.3275183,103.837242
Before Thomson Hills Drive (56209),56209,Bus Stop,1.3803266,103.8324498
Before Thomson Ridge (53041),53041,Bus Stop,1.3530813,103.8343115
Before Tiong Bahru Road (10351),10351,Bus Stop,1.286816,103.822116
Before Toh Close (97111),97111,Bus Stop,1.3633486,103.9703783
Before Toh Tuck Avenue (28011),28011,Bus Stop,1.3242157,103.7591825
Before Toh Tuck Link (28181),28181,Bus Stop,1.3299547,103.7582051
Before Toh Tuck Rise (42201),42201,Bus Stop,1.3393609,103.7637931
Before Tomlinson Road (09121),09121,Bus Stop,1.30376,103.826712
Before Tosca Street (83281),83281,Bus Stop,1.31965,103.9270175
Before Tractor Road (21311),21311,Bus Stop,1.3232261,103.7095683
Before Tuas Amenity Centre (26121),26121,Bus Stop,1.3174039,103.6513574
Before Tuas Avenue 10 (25119),25119,Bus Stop,1.3320913,103.6499606
Before Tuas Avenue 11 (26011),26011,Bus Stop,1.3192551,103.6488212
Before Tuas Avenue 11 (26109),26109,Bus Stop,1.327279,103.6384747
Before Tuas Avenue 13 (26021),26021,Bus Stop,1.3172401,103.6469407
Before Tuas Avenue 13 (26099),26099,Bus Stop,1.3245605,103.6359336
Before Tuas Avenue 18a (26081),26081,Bus Stop,1.3224877,103.6349436
Before Tuas Avenue 20 (26089),26089,Bus Stop,1.3224021,103.6348357
Before Tuas Avenue 5 (24521),24521,Bus Stop,1.3173758,103.6589722
Before Tuas Bay Link (25661),25661,Bus Stop,1.2933975,103.6399076
Before Tuas Flyover (24501),24501,Bus Stop,1.3242158,103.6648181
Before Tuas Loop (26079),26079,Bus Stop,1.3205589,103.6367785
Before Tuas Road (24699),24699,Bus Stop,1.3133837,103.6569033
Before Tuas Road (25209),25209,Bus Stop,1.319307,103.658805
Before Tuas South Avenue 10 (25791),25791,Bus Stop,1.2820244,103.6361144
Before Tuas South Avenue 14 (25751),25751,Bus Stop,1.27637,103.621508
Before Tuas South Avenue 2 (26249),26249,Bus Stop,1.3206251,103.6312648
Before Tuas South Avenue 2 (26251),26251,Bus Stop,1.3174493,103.6297175
Before Tuas South Avenue 4 (26269),26269,Bus Stop,1.3138303,103.628711
Before Tuas South Avenue 5 (26389),26389,Bus Stop,1.2907803,103.6241766
Before Tuas South Avenue 5 (26451),26451,Bus Stop,1.2968584,103.6296116
Before Tuas South Avenue 6 (26299),26299,Bus Stop,1.3043879,103.6253277
Before Tuas South Avenue 7 (25801),25801,Bus Stop,1.2844215,103.6341719
Before Tuas South Avenue 7 (26441),26441,Bus Stop,1.2956739,103.6328638
Before Tuas South Avenue 9 (26429),26429,Bus Stop,1.2887872,103.6358193
Before Tuas South Street 2 (26321),26321,Bus Stop,1.3052573,103.6308589
Before Tuas Terminal (25411),25411,Bus Stop,1.3438749,103.6383239
Before Tuas West Avenue (25469),25469,Bus Stop,1.3292467,103.63267
Before Tuas West Avenue (25681),25681,Bus Stop,1.332477,103.6371356
Before Tuas West Drive (25259),25259,Bus Stop,1.3442075,103.6406735
Before Tukang Innovation Drive (21461),21461,Bus Stop,1.3273385,103.7182623
Before Turnhouse Road (99091),99091,Bus Stop,1.390986,103.979838
Before Tyersall Avenue (13029),13029,Bus Stop,1.3066993,103.8145611
Before Ubi Road 4 (70401),70401,Bus Stop,1.3308395,103.8981426
Before Upper Paya Lebar Road (62069),62069,Bus Stop,1.3420402,103.8817079
Before Upper Serangoon Road (62101),62101,Bus Stop,1.3432447,103.8730731
Before Upper Thomson Road (57141),57141,Bus Stop,1.4024671,103.816956
Before Vicom (97159),97159,Bus Stop,1.3502988,103.9676901
Before Wallace Way (40259),40259,Bus Stop,1.3403179,103.8225367
Before Walton Road (91069),91069,Bus Stop,1.300772,103.8935116
Before Waterloo Street (07561),07561,Bus Stop,1.299541,103.852679
Before West Camp Road (68121),68121,Bus Stop,1.4052464,103.8608728
Before West Coast Crescent (17089),17089,Bus Stop,1.299684,103.765425
Before West Coast Park (16241),16241,Bus Stop,1.2892894,103.7739944
Before Weyhill Close (18171),18171,Bus Stop,1.299088,103.794139
Before Whitchurch Road (18191),18191,Bus Stop,1.2955913,103.7941932
Before Wholesale Centre (16249),16249,Bus Stop,1.2891027,103.7735468
Before Wilkinson Road (91099),91099,Bus Stop,1.3032209,103.8847059
Before Windsor Park Road (53061),53061,Bus Stop,1.3570289,103.8289878
Before Winstedt Road (40021),40021,Bus Stop,1.3109897,103.8428426
Before Woodlands Centre Road (46011),46011,Bus Stop,1.4384698,103.7742456
Before Woodlands Industrial Park D Street 2 (46021),46021,Bus Stop,1.4291792,103.7617258
Before Woodlands Industrial Park E4 (47059),47059,Bus Stop,1.4539465,103.7955691
Before Woodlands Industrial Park E7 (46721),46721,Bus Stop,1.4521758,103.8019273
Before Woodlands Road (45149),45149,Bus Stop,1.4251069,103.757037
Before Woodlands Road (45229),45229,Bus Stop,1.4115763,103.75811
Before Woodlands Station Exit 7 (46339),46339,Bus Stop,1.4338637,103.7880479
Before Woodlands Waterfront Park (47011),47011,Bus Stop,1.4506978,103.778557
Before Xingnan Primary School (27539),27539,Bus Stop,1.341723,103.6869567
Before Yew Tee Flyover (44061),44061,Bus Stop,1.38791,103.7553729
Before Yew Tee Flyover (44999),44999,Bus Stop,1.3910765,103.7545435
Before Yio Chu Kang Chapel (63219),63219,Bus Stop,1.3685802,103.8762962
Before Yio Chu Kang Road (55249),55249,Bus Stop,1.3895598,103.8409371
Before Yio Chu Kang Road (56031),56031,Bus Stop,1.37695,103.828245
Before Yio Chu Kang Road (66141),66141,Bus Stop,1.3631218,103.8724322
Before Yio Chu Kang Road (66471),66471,Bus Stop,1.3789826,103.8742857
Before Yishun Avenue 1 (59021),59021,Bus Stop,1.4097027,103.8291985
Before Yishun Avenue 6 (59789),59789,Bus Stop,1.4229428,103.8514068
Before Yishun Avenue 8 (68171),68171,Bus Stop,1.4269761,103.8553032
Before Yishun Station (59671),59671,Bus Stop,1.427779,103.835106
Before Yuhua Community Club (28089),28089,Bus Stop,1.3401765,103.7363818
Before Yunnan Cresent (27509),27509,Bus Stop,1.3404115,103.6913779
Before Zion Full Gospel Church (13159),13159,Bus Stop,1.2980844,103.8304994
Bencoolen Station Exit B (08069),08069,Bus Stop,1.2981739,103.8493575
Bendemeer Station Exit A (60011),60011,Bus Stop,1.3138198,103.8631172
Bendemeer Station Exit B (60019),60019,Bus Stop,1.3136877,103.8633205
Bestofire and Thermal (25199),25199,Bus Stop,1.321085,103.659313
Between Blks 13/14 (44271),44271,Bus Stop,1.3787482,103.7561318
Between Blks 138/144 (61089),61089,Bus Stop,1.333038,103.8653316
Between Blks 139/140 (44219),44219,Bus Stop,1.3757738,103.7693749
Between Blks 139/140 (84219),84219,Bus Stop,1.329441,103.934846
Between Blks 142/148 (66319),66319,Bus Stop,1.3682123,103.8739474
Between Blks 152/155 (54209),54209,Bus Stop,1.3763816,103.8395291
Between Blks 187/188 (65279),65279,Bus Stop,1.3992855,103.9109943
Between Blks 201/202 (59169),59169,Bus Stop,1.4304326,103.8376854
Between Blks 210/211 (63231),63231,Bus Stop,1.3589854,103.8876262
Between Blks 227/228 (96171),96171,Bus Stop,1.342256,103.9558599
Between Blks 232/233 (78121),78121,Bus Stop,1.3748661,103.9620637
Between Blks 272D/271A (27451),27451,Bus Stop,1.351172,103.7040698
Between Blks 306/307 (45239),45239,Bus Stop,1.3851196,103.7424396
Between Blks 315/318 (17211),17211,Bus Stop,1.3182555,103.7658952
Between Blks 318A/318B (59621),59621,Bus Stop,1.4342028,103.843991
Between Blks 325/326 (58371),58371,Bus Stop,1.4444328,103.8189028
Between Blks 33/34 (52109),52109,Bus Stop,1.326939,103.858187
Between Blks 333C/333D (59641),59641,Bus Stop,1.4317437,103.8460111
Between Blks 349/350 (59451),59451,Bus Stop,1.4256886,103.8436064
Between Blks 357/359 (58321),58321,Bus Stop,1.450176,103.816145
Between Blks 405/406 (59591),59591,Bus Stop,1.4265337,103.849449
Between Blks 415/416 (58429),58429,Bus Stop,1.4515438,103.8189243
Between Blks 416/417 (44491),44491,Bus Stop,1.3835616,103.7418013
Between Blks 443A/443B (44349),44349,Bus Stop,1.3813388,103.7693144
Between Blks 445/449 (59639),59639,Bus Stop,1.4234348,103.8443138
Between Blks 453/454 (78241),78241,Bus Stop,1.3721089,103.9577049
Between Blks 50/51 (20129),20129,Bus Stop,1.320419,103.7374238
Between Blks 502/503 (44671),44671,Bus Stop,1.3838386,103.7660521
Between Blks 523/525 (21711),21711,Bus Stop,1.3469969,103.7158181
Between Blks 524B/523D (76519),76519,Bus Stop,1.3592254,103.9392113
Between Blks 544/546 (64579),64579,Bus Stop,1.3782158,103.8927027
Between Blks 701/702 (75131),75131,Bus Stop,1.3559355,103.9371028
Between Blks 705/706 (84459),84459,Bus Stop,1.3364221,103.9182631
Between Blks 757/758 (27441),27441,Bus Stop,1.3503535,103.7005934
Between Blks 771/772 (77311),77311,Bus Stop,1.3757642,103.9369485
Between Blks 801B/801C (44599),44599,Bus Stop,1.3754233,103.742273
Between Blks 859/860 (27399),27399,Bus Stop,1.3486646,103.6964
Between Blks 930/931 (64481),64481,Bus Stop,1.3751555,103.8809312
Between House No. 767/767A (91061),91061,Bus Stop,1.3006187,103.8925112
Bird Paradise (48119),48119,Bus Stop,1.4083772,103.7802849
Bishan Interchange (53009),53009,Bus Interchange,1.3504801,103.8498168
Bishan North Shop Mall (53381),53381,Bus Stop,1.3581345,103.8448802
Bishan Park (54539),54539,Bus Stop,1.3585526,103.851005
Bishan Stadium (53269),53269,Bus Stop,1.3533529,103.8511187
Bishan Station (53231),53231,Bus Stop,1.350848,103.847931
Blasting Abrasives (26051),26051,Bus Stop,1.3164091,103.6413004
Blk 1 (10139),10139,Bus Stop,1.2863372,103.8081492
Blk 1 (10149),10149,Bus Stop,1.286068,103.8328338
Blk 1 (14249),14249,Bus Stop,1.279423,103.817364
Blk 1 (52361),52361,Bus Stop,1.3398194,103.8530415
Blk 1 (60241),60241,Bus Stop,1.323623,103.8616485
Blk 1 (63249),63249,Bus Stop,1.3639901,103.8925734
Blk 10 (14269),14269,Bus Stop,1.2777007,103.8199559
Blk 10 (46201),46201,Bus Stop,1.4406863,103.7768503
Blk 1003 (10659),10659,Bus Stop,1.2836132,103.8145855
Blk 1004 (52029),52029,Bus Stop,1.3436646,103.8473542
Blk 101 (46551),46551,Bus Stop,1.435184,103.781737
Blk 101 (57119),57119,Bus Stop,1.4311425,103.8268718
Blk 101 (66339),66339,Bus Stop,1.3712308,103.8704732
Blk 101 (67169),67169,Bus Stop,1.3825178,103.8992281
Blk 101 (76079),76079,Bus Stop,1.3478746,103.9456268
Blk 1015 (81229),81229,Bus Stop,1.319498,103.890138
Blk 101C Carpark (52209),52209,Bus Stop,1.3392123,103.8468136
Blk 102 (43381),43381,Bus Stop,1.3469832,103.7476262
Blk 102 (52401),52401,Bus Stop,1.3282725,103.850854
Blk 102 (81099),81099,Bus Stop,1.3198572,103.8819847
Blk 102 (83341),83341,Bus Stop,1.3253584,103.9111293
Blk 102C (65079),65079,Bus Stop,1.3988936,103.9047796
Blk 103 (61011),61011,Bus Stop,1.3333576,103.8694347
Blk 103B (61119),61119,Bus Stop,1.3356099,103.8718377
Blk 104 (10501),10501,Bus Stop,1.2810901,103.8251521
Blk 104 (78039),78039,Bus Stop,1.3672601,103.9591422
Blk 104A Carpark (10189),10189,Bus Stop,1.2886114,103.821755
Blk 104C (58511),58511,Bus Stop,1.4496951,103.8314882
Blk 105 (14029),14029,Bus Stop,1.27244,103.824196
Blk 105 (28071),28071,Bus Stop,1.3376658,103.7389824
Blk 105 (52411),52411,Bus Stop,1.328227,103.8538411
Blk 105 Carpark (14191),14191,Bus Stop,1.2812164,103.8121176
Blk 105 Market/Food Centre (63281),63281,Bus Stop,1.3541446,103.889892
Blk 106 (46291),46291,Bus Stop,1.4363882,103.7824833
Blk 106 (63099),63099,Bus Stop,1.3538641,103.8911216
Blk 106 (96151),96151,Bus Stop,1.3422367,103.9513092
Blk 106A (58521),58521,Bus Stop,1.4482707,103.8326094
Blk 107 (50349),50349,Bus Stop,1.3193048,103.8595769
Blk 108 (44411),44411,Bus Stop,1.3784654,103.7532595
Blk 108 (78171),78171,Bus Stop,1.3678464,103.9567923
Blk 108 Carpark (58529),58529,Bus Stop,1.4480259,103.8323925
Blk 108A (58601),58601,Bus Stop,1.448139,103.831129
Blk 109 (12061),12061,Bus Stop,1.321524,103.7707203
Blk 109 (14381),14381,Bus Stop,1.2741226,103.8255497
Blk 109 (43371),43371,Bus Stop,1.3468406,103.7459058
Blk 109 (84221),84221,Bus Stop,1.3318368,103.9351237
Blk 109 (84529),84529,Bus Stop,1.3321253,103.9342826
Blk 109A (58609),58609,Bus Stop,1.447964,103.830401
Blk 10A (11381),11381,Bus Stop,1.3084164,103.7933011
Blk 11 (14259),14259,Bus Stop,1.2778572,103.818662
Blk 110 (14201),14201,Bus Stop,1.2816463,103.8093334
Blk 111 (10071),10071,Bus Stop,1.2804424,103.8263776
Blk 111 (40381),40381,Bus Stop,1.35636,103.73427
Blk 111 (65029),65029,Bus Stop,1.3845201,103.900589
Blk 111 (84229),84229,Bus Stop,1.3315691,103.9352998
Blk 112 (28081),28081,Bus Stop,1.3394826,103.7366429
Blk 112 (66309),66309,Bus Stop,1.369274,103.8718939
Blk 113 (44121),44121,Bus Stop,1.3777315,103.7508928
Blk 114 (14471),14471,Bus Stop,1.2819519,103.8065443
Blk 114 (28279),28279,Bus Stop,1.3394959,103.7342645
Blk 114 (52451),52451,Bus Stop,1.3253218,103.8572981
Blk 114 (57129),57129,Bus Stop,1.4341801,103.8264258
Blk 114B (61111),61111,Bus Stop,1.3354955,103.8720859
Blk 115 (21631),21631,Bus Stop,1.3336363,103.7249361
Blk 115 (53221),53221,Bus Stop,1.3481666,103.8485321
Blk 115 (63299),63299,Bus Stop,1.3526414,103.8882714
Blk 115 (77051),77051,Bus Stop,1.3691429,103.9550726
Blk 115C (58611),58611,Bus Stop,1.4463749,103.8299183
Blk 116 (10349),10349,Bus Stop,1.2849736,103.8209702
Blk 116 (12071),12071,Bus Stop,1.324047,103.7722701
Blk 117 (21599),21599,Bus Stop,1.3347416,103.7226889
Blk 117 (52169),52169,Bus Stop,1.3401679,103.844715
Blk 117C (67501),67501,Bus Stop,1.3835672,103.9036849
Blk 118 (14199),14199,Bus Stop,1.2814033,103.8127903
Blk 118 (28269),28269,Bus Stop,1.33657,103.734915
Blk 118 (59271),59271,Bus Stop,1.4362815,103.8285718
Blk 119 (10089),10089,Bus Stop,1.2829638,103.82164
Blk 119D (67141),67141,Bus Stop,1.3860045,103.9035893
Blk 12 (46189),46189,Bus Stop,1.4400646,103.7785436
Blk 12 (52421),52421,Bus Stop,1.336232,103.857428
Blk 120 (46199),46199,Bus Stop,1.4393181,103.7810461
Blk 120 (61101),61101,Bus Stop,1.335553,103.8636532
Blk 120/Opposite Simei Station (96141),96141,Bus Stop,1.3446888,103.9532169
Blk 120A (58539),58539,Bus Stop,1.4457991,103.8322988
Blk 121 (10129),10129,Bus Stop,1.28232,103.8285719
Blk 121 (52201),52201,Bus Stop,1.33911,103.8465316
Blk 121 (59121),59121,Bus Stop,1.4344819,103.8300121
Blk 121 (61079),61079,Bus Stop,1.3359586,103.8652367
Blk 121 (72069),72069,Bus Stop,1.3315443,103.9097482
Blk 121E (67511),67511,Bus Stop,1.3859988,103.906263
Blk 122 (50331),50331,Bus Stop,1.318621,103.857336
Blk 122 (61009),61009,Bus Stop,1.335111,103.866703
Blk 122 (72061),72061,Bus Stop,1.3317726,103.9098347
Blk 122C (67539),67539,Bus Stop,1.3876827,103.906639
Blk 123B (40399),40399,Bus Stop,1.35984,103.734244
Blk 124 (28439),28439,Bus Stop,1.334508,103.73855
Blk 124 (65039),65039,Bus Stop,1.387219,103.9019659
Blk 124 (84249),84249,Bus Stop,1.329463,103.939611
Blk 125 (53251),53251,Bus Stop,1.3468127,103.8519635
Blk 125 (70019),70019,Bus Stop,1.3232799,103.881484
Blk 125 (76329),76329,Bus Stop,1.3464318,103.9499242
Blk 126 (66329),66329,Bus Stop,1.366154,103.872397
Blk 126 Carpark (10121),10121,Bus Stop,1.2826858,103.8289408
Blk 126 Carpark (58621),58621,Bus Stop,1.445953,103.834031
Blk 126A (65049),65049,Bus Stop,1.3899044,103.9019336
Blk 127 (44211),44211,Bus Stop,1.3760355,103.7692934
Blk 128 (52159),52159,Bus Stop,1.338084,103.843862
Blk 128 (67119),67119,Bus Stop,1.3904816,103.9031094
Blk 129 (10371),10371,Bus Stop,1.2836376,103.8244709
Blk 129 (54231),54231,Bus Stop,1.3696588,103.8419347
Blk 129A (58531),58531,Bus Stop,1.4454796,103.8324515
Blk 13 (11351),11351,Bus Stop,1.3092869,103.7894635
Blk 130 (96131),96131,Bus Stop,1.3463112,103.9551958
Blk 131 (28301),28301,Bus Stop,1.33474,103.740412
Blk 131 (52151),52151,Bus Stop,1.3383078,103.8436532
Blk 131 (53409),53409,Bus Stop,1.3453536,103.8512275
Blk 131B (51199),51199,Bus Stop,1.3387329,103.8425711
Blk 131D (40501),40501,Bus Stop,1.354849,103.7319078
Blk 132B (40409),40409,Bus Stop,1.3573662,103.7317813
Blk 133 (72071),72071,Bus Stop,1.3321747,103.9117745
Blk 134 (28431),28431,Bus Stop,1.3345831,103.7388698
Blk 134 (81031),81031,Bus Stop,1.3160571,103.8873929
Blk 136 (76481),76481,Bus Stop,1.3448265,103.945919
Blk 137 (46071),46071,Bus Stop,1.4386264,103.7768139
Blk 137 (59131),59131,Bus Stop,1.4319467,103.8296885
Blk 137 (67129),67129,Bus Stop,1.3892955,103.905057
Blk 138 (63211),63211,Bus Stop,1.3680956,103.8757041
Blk 138B (21761),21761,Bus Stop,1.328328,103.72477
Blk 138B (52191),52191,Bus Stop,1.336362,103.846107
Blk 139A (52149),52149,Bus Stop,1.336428,103.843508
Blk 14 (60249),60249,Bus Stop,1.3235891,103.8619502
Blk 14 Market/Food Centre (82029),82029,Bus Stop,1.3156853,103.8955941
Blk 140 (10061),10061,Bus Stop,1.2785589,103.8295138
Blk 140 (43531),43531,Bus Stop,1.3515882,103.7438115
Blk 140 (84499),84499,Bus Stop,1.3351026,103.913963
Blk 141 (76071),76071,Bus Stop,1.3480403,103.945105
Blk 141A (66311),66311,Bus Stop,1.367664,103.874233
Blk 142A (67121),67121,Bus Stop,1.3894832,103.9052209
Blk 145 (59149),59149,Bus Stop,1.4306522,103.8322016
Blk 146 (43329),43329,Bus Stop,1.3497993,103.7448576
Blk 146 (46589),46589,Bus Stop,1.4363088,103.7741129
Blk 146 (96269),96269,Bus Stop,1.344341,103.955986
Blk 147 (52051),52051,Bus Stop,1.3435302,103.854663
Blk 147 (76069),76069,Bus Stop,1.3485992,103.942135
Blk 148 (43339),43339,Bus Stop,1.3490598,103.7441136
Blk 148 (61061),61061,Bus Stop,1.3327933,103.8681487
Blk 148 (96139),96139,Bus Stop,1.3464501,103.9559872
Blk 149 (10051),10051,Bus Stop,1.2774332,103.8321437
Blk 149A (98011),98011,Bus Stop,1.362205,103.962944
Blk 15 (11199),11199,Bus Stop,1.308352,103.7883922
Blk 15 (46249),46249,Bus Stop,1.442039,103.7787951
Blk 15 (46901),46901,Bus Stop,1.4479149,103.8094437
Blk 15 (60251),60251,Bus Stop,1.324497,103.86143
Blk 151 (21551),21551,Bus Stop,1.3266479,103.7210022
Blk 151 (54459),54459,Bus Stop,1.3769204,103.8410785
Blk 151 (66109),66109,Bus Stop,1.3699664,103.8746521
Blk 151 (84701),84701,Bus Stop,1.3360241,103.9121055
Blk 151 (96181),96181,Bus Stop,1.3455364,103.9576997
Blk 151A Market (53421),53421,Bus Stop,1.3456514,103.8552429
Blk 152 (66301),66301,Bus Stop,1.3693919,103.8720796
Blk 153 (11599),11599,Bus Stop,1.2942174,103.8031831
Blk 154 (46579),46579,Bus Stop,1.4348078,103.7755815
Blk 154 (59091),59091,Bus Stop,1.431644,103.8351183
Blk 154A (43361),43361,Bus Stop,1.3468941,103.7434008
Blk 156 (98091),98091,Bus Stop,1.3643265,103.9632136
Blk 156A Carpark (67671),67671,Bus Stop,1.3919417,103.9070973
Blk 157 (11589),11589,Bus Stop,1.2930432,103.8040414
Blk 157 (44279),44279,Bus Stop,1.3791672,103.7563455
Blk 158 (11579),11579,Bus Stop,1.2925527,103.803063
Blk 158 (21561),21561,Bus Stop,1.3287818,103.7227562
Blk 158 (62219),62219,Bus Stop,1.3519331,103.8804339
Blk 158C (67531),67531,Bus Stop,1.3878736,103.9067996
Blk 16 (05631),05631,Bus Stop,1.2734152,103.8402757
Blk 16 (60029),60029,Bus Stop,1.3173789,103.8661584
Blk 160 (67521),67521,Bus Stop,1.3871571,103.908377
Blk 161 (10651),10651,Bus Stop,1.283314,103.8154474
Blk 161 (21189),21189,Bus Stop,1.3300126,103.7211858
Blk 161 (62059),62059,Bus Stop,1.3517703,103.8786182
Blk 162B (65269),65269,Bus Stop,1.3963058,103.9155114
Blk 163 (11609),11609,Bus Stop,1.2919049,103.8021683
Blk 163 (52131),52131,Bus Stop,1.3322549,103.8440733
Blk 163 (84681),84681,Bus Stop,1.3201639,103.9470529
Blk 166 (11029),11029,Bus Stop,1.2901931,103.8019848
Blk 166 (11561),11561,Bus Stop,1.2911251,103.8025648
Blk 166 (96189),96189,Bus Stop,1.3453892,103.9579579
Blk 168 (43351),43351,Bus Stop,1.3470177,103.7410609
Blk 169 (43359),43359,Bus Stop,1.3468154,103.7410816
Blk 169 (53281),53281,Bus Stop,1.346677,103.8543034
Blk 17 (83111),83111,Bus Stop,1.3234681,103.9052677
Blk 171 (44199),44199,Bus Stop,1.3788561,103.7667254
Blk 171 (84691),84691,Bus Stop,1.3211355,103.9459646
Blk 172 (63109),63109,Bus Stop,1.3507772,103.8898222
Blk 172 (84661),84661,Bus Stop,1.3200572,103.944366
Blk 173 (46531),46531,Bus Stop,1.4324142,103.7775087
Blk 174 (44249),44249,Bus Stop,1.3804367,103.7666444
Blk 174 (59261),59261,Bus Stop,1.4376117,103.83165
Blk 176 (21421),21421,Bus Stop,1.3469812,103.7101993
Blk 177 (52239),52239,Bus Stop,1.3341217,103.8489325
Blk 178 (21199),21199,Bus Stop,1.3333071,103.7205777
Blk 178 (46569),46569,Bus Stop,1.4347223,103.7775004
Blk 178 (65249),65249,Bus Stop,1.3995595,103.9082822
Blk 178A (62309),62309,Bus Stop,1.3464169,103.8879159
Blk 17A (52429),52429,Bus Stop,1.336301,103.8571847
Blk 18 (10141),10141,Bus Stop,1.2858236,103.8323771
Blk 18 (42161),42161,Bus Stop,1.340254,103.7726485
Blk 18 (46179),46179,Bus Stop,1.4439703,103.7779011
Blk 18 (46311),46311,Bus Stop,1.4420878,103.7803433
Blk 180 (44739),44739,Bus Stop,1.3787407,103.7645721
Blk 180 (55111),55111,Bus Stop,1.3768887,103.8379116
Blk 180 (84281),84281,Bus Stop,1.3266134,103.9404057
Blk 183 (43369),43369,Bus Stop,1.3467531,103.7435334
Blk 183 (44259),44259,Bus Stop,1.3803481,103.7630213
Blk 183B (62301),62301,Bus Stop,1.34618,103.8877469
Blk 184 (44909),44909,Bus Stop,1.3799334,103.7621527
Blk 185 (21429),21429,Bus Stop,1.3475363,103.7105989
Blk 185 (43379),43379,Bus Stop,1.3471196,103.7452267
Blk 188 (21419),21419,Bus Stop,1.3438939,103.7105878
Blk 19 (11039),11039,Bus Stop,1.2923555,103.7999072
Blk 19 (52049),52049,Bus Stop,1.327258,103.8597949
Blk 19 (92221),92221,Bus Stop,1.304912,103.915324
Blk 190 (43691),43691,Bus Stop,1.3449163,103.7460903
Blk 190C (65069),65069,Bus Stop,1.3950153,103.9024116
Blk 191 (21409),21409,Bus Stop,1.343525,103.712382
Blk 191 (78031),78031,Bus Stop,1.3662788,103.958641
Blk 196C (65241),65241,Bus Stop,1.3990941,103.9076522
Blk 19A Carpark (19011),19011,Bus Stop,1.3077615,103.7843201
Blk 1G (05519),05519,Bus Stop,1.2755506,103.8410891
Blk 2 (06161),06161,Bus Stop,1.2889927,103.8400582
Blk 2 (46209),46209,Bus Stop,1.4401483,103.7774557
Blk 2 (49119),49119,Bus Stop,1.4321726,103.7556839
Blk 2 (52351),52351,Bus Stop,1.3384108,103.8532836
Blk 200 (21689),21689,Bus Stop,1.3424835,103.7144052
Blk 200B (67331),67331,Bus Stop,1.3867751,103.892511
Blk 201 (10079),10079,Bus Stop,1.280474,103.8268735
Blk 201 (17371),17371,Bus Stop,1.3204745,103.7634897
Blk 201 Carpark (67271),67271,Bus Stop,1.3883216,103.8921512
Blk 201A (65209),65209,Bus Stop,1.4003315,103.9038676
Blk 201C (67619),67619,Bus Stop,1.3878635,103.8940241
Blk 202 (44381),44381,Bus Stop,1.3724192,103.7743952
Blk 202 (52441),52441,Bus Stop,1.3408301,103.8497406
Blk 202 (53399),53399,Bus Stop,1.3546625,103.8470075
Blk 203 (20109),20109,Bus Stop,1.3208099,103.7620484
Blk 203 (21231),21231,Bus Stop,1.3435874,103.7160015
Blk 203 (28069),28069,Bus Stop,1.3364148,103.7425884
Blk 203 (46149),46149,Bus Stop,1.4435851,103.7737834
Blk 203 (67209),67209,Bus Stop,1.3869219,103.8962023
Blk 203B (67261),67261,Bus Stop,1.3865912,103.8946493
Blk 204 (44119),44119,Bus Stop,1.3804873,103.7492844
Blk 204 (78211),78211,Bus Stop,1.3677914,103.9625732
Blk 204 Carpark (67349),67349,Bus Stop,1.3883745,103.8952533
Blk 204C (67611),67611,Bus Stop,1.3877918,103.8942778
Blk 206 (21451),21451,Bus Stop,1.3454193,103.7149922
Blk 206 (44479),44479,Bus Stop,1.3804297,103.7484551
Blk 206 (46159),46159,Bus Stop,1.4456172,103.7734065
Blk 206 (66379),66379,Bus Stop,1.3534383,103.872872
Blk 206 (76091),76091,Bus Stop,1.3507402,103.9527828
Blk 206A (67201),67201,Bus Stop,1.3867171,103.8963385
Blk 207 (21441),21441,Bus Stop,1.3464902,103.7131998
Blk 207 (28319),28319,Bus Stop,1.338513,103.7417278
Blk 207 (54011),54011,Bus Stop,1.3656881,103.8434285
Blk 209 (21459),21459,Bus Stop,1.3455878,103.714793
Blk 209 (28311),28311,Bus Stop,1.338297,103.7411407
Blk 209 (54239),54239,Bus Stop,1.3691788,103.8433856
Blk 209 (63141),63141,Bus Stop,1.3539856,103.874954
Blk 21 (63241),63241,Bus Stop,1.3640989,103.8921354
Blk 210 (21431),21431,Bus Stop,1.3476062,103.7124591
Blk 210 (28079),28079,Bus Stop,1.3384259,103.7385968
Blk 210 (53249),53249,Bus Stop,1.3553685,103.8490933
Blk 210 Market/Food Centre (52539),52539,Bus Stop,1.3399585,103.8538179
Blk 212 (46151),46151,Bus Stop,1.4457843,103.773401
Blk 212 (61129),61129,Bus Stop,1.3416375,103.874179
Blk 213 (21249),21249,Bus Stop,1.3495815,103.7124789
Blk 215 (40419),40419,Bus Stop,1.3572,103.7294
Blk 216 (76181),76181,Bus Stop,1.3538475,103.953065
Blk 216 (78161),78161,Bus Stop,1.3690587,103.960566
Blk 216B (21161),21161,Bus Stop,1.3504679,103.7127336
Blk 217 (43739),43739,Bus Stop,1.3464259,103.7546181
Blk 218 (65571),65571,Bus Stop,1.4034422,103.8955448
Blk 219 (44371),44371,Bus Stop,1.3740052,103.7726239
Blk 219 (52059),52059,Bus Stop,1.3430335,103.8564026
Blk 22 (63059),63059,Bus Stop,1.3644592,103.8899156
Blk 22 (81179),81179,Bus Stop,1.3072654,103.8850226
Blk 220 (44489),44489,Bus Stop,1.3817798,103.7454122
Blk 220 (54611),54611,Bus Stop,1.3649386,103.8405441
Blk 220 (59099),59099,Bus Stop,1.4327024,103.8352675
Blk 220 Carpark (84191),84191,Bus Stop,1.3256257,103.9353668
Blk 220A (40421),40421,Bus Stop,1.3591469,103.7294527
Blk 220C (65439),65439,Bus Stop,1.4017197,103.8963115
Blk 221A (84041),84041,Bus Stop,1.3247009,103.9346916
Blk 221B (40411),40411,Bus Stop,1.35755,103.7293
Blk 223 (44269),44269,Bus Stop,1.3757372,103.7742454
Blk 223 (44481),44481,Bus Stop,1.3817756,103.7450939
Blk 223 (54621),54621,Bus Stop,1.3659735,103.8377399
Blk 223 (96291),96291,Bus Stop,1.3418895,103.9577311
Blk 223D (67191),67191,Bus Stop,1.3890419,103.8971706
Blk 224 (96191),96191,Bus Stop,1.3427675,103.9577765
Blk 224A (40401),40401,Bus Stop,1.3571173,103.7310488
Blk 224A (65539),65539,Bus Stop,1.4022205,103.8936264
Blk 225 (43701),43701,Bus Stop,1.3484162,103.7520699
Blk 225A (67171),67171,Bus Stop,1.3873145,103.8989647
Blk 226A (65531),65531,Bus Stop,1.4024236,103.8935688
Blk 227 (52389),52389,Bus Stop,1.3397496,103.8581789
Blk 227 (59231),59231,Bus Stop,1.4353665,103.8368897
Blk 227 (69099),69099,Bus Stop,1.3399078,103.8765112
Blk 227A (65551),65551,Bus Stop,1.4037578,103.893382
Blk 227D (65031),65031,Bus Stop,1.3870722,103.9016518
Blk 228 (28289),28289,Bus Stop,1.3422566,103.7359366
Blk 228 (53439),53439,Bus Stop,1.357625,103.847213
Blk 228B (65541),65541,Bus Stop,1.403514,103.8912637
Blk 229 (28331),28331,Bus Stop,1.342011,103.7380775
Blk 229 (43171),43171,Bus Stop,1.3485394,103.754694
Blk 22A Carpark (53199),53199,Bus Stop,1.357509,103.838911
Blk 23 (46111),46111,Bus Stop,1.4413346,103.7737581
Blk 23 (52311),52311,Bus Stop,1.3344198,103.8573325
Blk 23 (53171),53171,Bus Stop,1.354658,103.8363007
Blk 230 (66041),66041,Bus Stop,1.355728,103.869694
Blk 230 (78151),78151,Bus Stop,1.3723242,103.9608345
Blk 230B (76401),76401,Bus Stop,1.3550334,103.9508157
Blk 230E (76219),76219,Bus Stop,1.356433,103.951079
Blk 231 (43179),43179,Bus Stop,1.3489368,103.7542399
Blk 231 (52399),52399,Bus Stop,1.337014,103.8597336
Blk 231 (65041),65041,Bus Stop,1.3899493,103.901599
Blk 231A Carpark (78221),78221,Bus Stop,1.3741448,103.9611972
Blk 231B (40391),40391,Bus Stop,1.359258,103.733186
Blk 232 (63269),63269,Bus Stop,1.3586992,103.8891042
Blk 233 (66049),66049,Bus Stop,1.3553857,103.8689248
Blk 233 (76209),76209,Bus Stop,1.3565951,103.9474722
Blk 233 (96261),96261,Bus Stop,1.3440992,103.955935
Blk 234 (44471),44471,Bus Stop,1.3804218,103.7481295
Blk 235 (67109),67109,Bus Stop,1.3910167,103.8999836
Blk 236 (59241),59241,Bus Stop,1.4342228,103.839266
Blk 237 (52369),52369,Bus Stop,1.3400074,103.8527666
Blk 237 (76151),76151,Bus Stop,1.3553202,103.9469908
Blk 237A (40431),40431,Bus Stop,1.36142,103.73163
Blk 238 (40441),40441,Bus Stop,1.36187,103.73349
Blk 238 (66369),66369,Bus Stop,1.353492,103.8682606
Blk 239 (28321),28321,Bus Stop,1.3412676,103.741074
Blk 239 (44331),44331,Bus Stop,1.3802843,103.7709022
Blk 239 (44441),44441,Bus Stop,1.3792695,103.7474901
Blk 239 (63271),63271,Bus Stop,1.3564799,103.8899523
Blk 239A (21721),21721,Bus Stop,1.342563,103.711075
Blk 24 (84641),84641,Bus Stop,1.3244898,103.9229817
Blk 240 (43429),43429,Bus Stop,1.3510773,103.7539318
Blk 240 (67181),67181,Bus Stop,1.3909954,103.8978118
Blk 241 (28621),28621,Bus Stop,1.341516,103.7435708
Blk 241 (59179),59179,Bus Stop,1.4321511,103.8398458
Blk 241 (63089),63089,Bus Stop,1.356537,103.8921517
Blk 242 (40429),40429,Bus Stop,1.359376,103.7293397
Blk 242 (43439),43439,Bus Stop,1.3512334,103.7563822
Blk 242 (78209),78209,Bus Stop,1.3713598,103.9622091
Blk 244 (54061),54061,Bus Stop,1.3672729,103.8340504
Blk 245 (53379),53379,Bus Stop,1.3602798,103.8437155
Blk 245 (59189),59189,Bus Stop,1.4341919,103.8420107
Blk 246 (28329),28329,Bus Stop,1.3414678,103.7404948
Blk 248 (63079),63079,Bus Stop,1.3598178,103.8929667
Blk 248 (76169),76169,Bus Stop,1.3524115,103.9474493
Blk 248A (67241),67241,Bus Stop,1.3929464,103.8985228
Blk 25 (14279),14279,Bus Stop,1.2759776,103.8191156
Blk 25 (44421),44421,Bus Stop,1.3782091,103.7551167
Blk 25 (46088),46088,Bus Stop,1.4417778,103.7709317
Blk 25 (52319),52319,Bus Stop,1.334161,103.857064
Blk 25 (53189),53189,Bus Stop,1.3550689,103.8370192
Blk 25 (63069),63069,Bus Stop,1.3664016,103.8919843
Blk 250 (59199),59199,Bus Stop,1.4360909,103.8422427
Blk 250A (67101),67101,Bus Stop,1.3914089,103.8996087
Blk 252 (28339),28339,Bus Stop,1.3427144,103.7373591
Blk 253 (28299),28299,Bus Stop,1.3445434,103.7367823
Blk 254 (43169),43169,Bus Stop,1.3493575,103.7579784
Blk 254 (53169),53169,Bus Stop,1.3627123,103.8427538
Blk 254 (96159),96159,Bus Stop,1.341949,103.951734
Blk 255 (54169),54169,Bus Stop,1.3708865,103.834802
Blk 256/Opposite Loyang Point (98111),98111,Bus Interchange,1.3673298,103.9642884
Blk 257 (53371),53371,Bus Stop,1.3599327,103.8437966
Blk 257 (59249),59249,Bus Stop,1.434365,103.8394391
Blk 257A (66059),66059,Bus Stop,1.3555108,103.872207
Blk 258 (43449),43449,Bus Stop,1.3515514,103.7591073
Blk 258A (65579),65579,Bus Stop,1.4035617,103.8960298
Blk 259 (52579),52579,Bus Stop,1.3333316,103.8580106
Blk 259 (76409),76409,Bus Stop,1.3547782,103.9508824
Blk 259 Carpark (65499),65499,Bus Stop,1.4045507,103.8950431
Blk 259C (67249),67249,Bus Stop,1.3937316,103.8985534
Blk 25B (10379),10379,Bus Stop,1.2837167,103.8248829
Blk 26 (44131),44131,Bus Stop,1.3770492,103.7553264
Blk 260 (53159),53159,Bus Stop,1.3579585,103.8416878
Blk 261 (66371),66371,Bus Stop,1.3538086,103.8726976
Blk 263 (21379),21379,Bus Stop,1.3453802,103.7065208
Blk 266 (28629),28629,Bus Stop,1.3416549,103.7439909
Blk 266 (76171),76171,Bus Stop,1.3517171,103.9502552
Blk 267 (43221),43221,Bus Stop,1.3488025,103.7606817
Blk 268A (52571),52571,Bus Stop,1.3328873,103.858081
Blk 268C (65339),65339,Bus Stop,1.4032305,103.8980161
Blk 269A (52561),52561,Bus Stop,1.3332655,103.8596405
Blk 269A (98099),98099,Bus Stop,1.3646326,103.9633454
Blk 27 (14291),14291,Bus Stop,1.2747053,103.821135
Blk 27 (19019),19019,Bus Stop,1.3080773,103.7847171
Blk 27 (52331),52331,Bus Stop,1.3325347,103.8558883
Blk 27 (84049),84049,Bus Stop,1.3242977,103.9346142
Blk 270 (44261),44261,Bus Stop,1.3760726,103.7742545
Blk 271 Carpark (27099),27099,Bus Stop,1.3502385,103.7036151
Blk 272 (43161),43161,Bus Stop,1.3488596,103.7576856
Blk 272 (59209),59209,Bus Stop,1.4384545,103.8402177
Blk 272C (65349),65349,Bus Stop,1.4021817,103.9007309
Blk 273B (27459),27459,Bus Stop,1.3514561,103.7039829
Blk 275 (98021),98021,Bus Stop,1.3642737,103.9650102
Blk 276B (27469),27469,Bus Stop,1.3529535,103.7048958
Blk 28 (14319),14319,Bus Stop,1.2733779,103.8207877
Blk 280 (44521),44521,Bus Stop,1.380858,103.7426849
Blk 283 (43189),43189,Bus Stop,1.3469999,103.7568113
Blk 283 (76301),76301,Bus Stop,1.349036,103.953556
Blk 284 (28641),28641,Bus Stop,1.3392649,103.7459557
Blk 285 (76099),76099,Bus Stop,1.3502424,103.9524685
Blk 286A (28649),28649,Bus Stop,1.3390413,103.7459953
Blk 286B (67591),67591,Bus Stop,1.3978422,103.895404
Blk 288C (43191),43191,Bus Stop,1.3464048,103.7594158
Blk 288E (28639),28639,Bus Stop,1.340395,103.7439862
Blk 289 (44511),44511,Bus Stop,1.3794801,103.7406443
Blk 289 (59211),59211,Bus Stop,1.4403703,103.8381736
Blk 289E (43619),43619,Bus Stop,1.3439469,103.7586264
Blk 29 (52129),52129,Bus Stop,1.3253746,103.8593584
Blk 290H (43611),43611,Bus Stop,1.34402,103.7584234
Blk 291 (59239),59239,Bus Stop,1.4356003,103.8368452
Blk 291A (43149),43149,Bus Stop,1.3440815,103.7561156
Blk 291A (67439),67439,Bus Stop,1.3954981,103.8973786
Blk 291E (43509),43509,Bus Stop,1.3435375,103.7544134
Blk 293 (45451),45451,Bus Stop,1.3779378,103.7397286
Blk 295 (44569),44569,Bus Stop,1.3780668,103.7411735
Blk 296 (N4411),N4411,Bus Stop,1.3775824,103.74064
Blk 296A (44081),44081,Bus Stop,1.3767867,103.7407351
Blk 297D (44571),44571,Bus Stop,1.3783972,103.7433073
Blk 298 (43699),43699,Bus Stop,1.3447466,103.7463118
Blk 298 (65229),65229,Bus Stop,1.4031702,103.905528
Blk 298A (65061),65061,Bus Stop,1.3949533,103.9019121
Blk 3 (10021),10021,Bus Stop,1.2774642,103.8384377
Blk 3 (12129),12129,Bus Stop,1.3115982,103.7871522
Blk 3 (84161),84161,Bus Stop,1.3216511,103.9324025
Blk 30 (11489),11489,Bus Stop,1.298754,103.804491
Blk 3012 (96101),96101,Bus Stop,1.3363975,103.9510929
Blk 3014 (84431),84431,Bus Stop,1.3351379,103.9502073
Blk 3019 (71161),71161,Bus Stop,1.3272663,103.8921164
Blk 301A (65091),65091,Bus Stop,1.4039888,103.9065541
Blk 301D (67279),67279,Bus Stop,1.3882286,103.8917439
Blk 302 (64019),64019,Bus Stop,1.3684149,103.8939067
Blk 302 (71139),71139,Bus Stop,1.3309942,103.901509
Blk 302 (76109),76109,Bus Stop,1.3529754,103.9551477
Blk 3021 (71151),71151,Bus Stop,1.328164,103.8944559
Blk 3023 (71141),71141,Bus Stop,1.3291371,103.8970657
Blk 3024 (71149),71149,Bus Stop,1.3288958,103.897049
Blk 3026 (71159),71159,Bus Stop,1.3278711,103.8945658
Blk 303 (28291),28291,Bus Stop,1.3442351,103.7362327
Blk 303 (46591),46591,Bus Stop,1.4307484,103.7732381
Blk 303 (58391),58391,Bus Stop,1.4442809,103.8224137
Blk 3032A (70409),70409,Bus Stop,1.3308866,103.8979443
Blk 303D (65221),65221,Bus Stop,1.4038819,103.9050382
Blk 304 (17379),17379,Bus Stop,1.3204572,103.7639195
Blk 305D (67301),67301,Bus Stop,1.3888645,103.8869723
Blk 306 (28481),28481,Bus Stop,1.346206,103.7341866
Blk 306 (43471),43471,Bus Stop,1.357962,103.7473419
Blk 306 Carpark (67369),67369,Bus Stop,1.3907288,103.8883753
Blk 306B (40451),40451,Bus Stop,1.3617,103.736
Blk 307 (66039),66039,Bus Stop,1.3547452,103.8667833
Blk 307A (54019),54019,Bus Stop,1.3661151,103.8441117
Blk 307A (76419),76419,Bus Stop,1.3536889,103.9563038
Blk 308 (17201),17201,Bus Stop,1.3206132,103.7673204
Blk 308 (64241),64241,Bus Stop,1.3671285,103.896386
Blk 309 (58249),58249,Bus Stop,1.4471074,103.8212097
Blk 309 (59171),59171,Bus Stop,1.4322645,103.8402175
Blk 309D (65801),65801,Bus Stop,1.3905691,103.8857944
Blk 31 (20179),20179,Bus Stop,1.3200336,103.7392139
Blk 310B (65469),65469,Bus Stop,1.4099317,103.9008028
Blk 310C (54071),54071,Bus Stop,1.3642889,103.8449003
Blk 311 (58101),58101,Bus Stop,1.446576,103.8228499
Blk 311 (71099),71099,Bus Stop,1.3300747,103.9039109
Blk 311A (67321),67321,Bus Stop,1.3905204,103.884322
Blk 312 Carpark (65461),65461,Bus Stop,1.4097715,103.9015165
Blk 313 Carpark (67371),67371,Bus Stop,1.3926103,103.8871867
Blk 313B (67361),67361,Bus Stop,1.3909915,103.8883804
Blk 314 (53299),53299,Bus Stop,1.3517252,103.8378095
Blk 314 (59381),59381,Bus Stop,1.4317727,103.8419673
Blk 315 (43481),43481,Bus Stop,1.3600807,103.746264
Blk 315B (65449),65449,Bus Stop,1.408013,103.8958943
Blk 316 (28469),28469,Bus Stop,1.3462625,103.7318755
Blk 316 (64231),64231,Bus Stop,1.364776,103.896888
Blk 317 (17189),17189,Bus Stop,1.317888,103.7640506
Blk 317 (58291),58291,Bus Stop,1.4457523,103.8199808
Blk 317B (67389),67389,Bus Stop,1.3942077,103.8887821
Blk 318 (71101),71101,Bus Stop,1.3282236,103.9028434
Blk 319 (43721),43721,Bus Stop,1.3705228,103.762231
Blk 319 (53131),53131,Bus Stop,1.3531482,103.840318
Blk 319 (66361),66361,Bus Stop,1.3526177,103.86827
Blk 319A (67581),67581,Bus Stop,1.391042,103.8897473
Blk 319A (N6709),N6709,Bus Stop,1.3910219,103.8898184
Blk 32 (46141),46141,Bus Stop,1.4435756,103.7733442
Blk 32 (84021),84021,Bus Stop,1.3233425,103.9250948
Blk 320 (46539),46539,Bus Stop,1.4320698,103.7782835
Blk 321 (40459),40459,Bus Stop,1.3617,103.7356
Blk 321 Carpark (67351),67351,Bus Stop,1.3899062,103.8914214
Blk 322 (54247),54247,Bus Stop,1.3687017,103.8472247
Blk 322 (59359),59359,Bus Stop,1.4284775,103.8407204
Blk 322 (72011),72011,Bus Stop,1.3281227,103.9054767
Blk 322 Carpark (65451),65451,Bus Stop,1.4107318,103.8975557
Blk 323 (76459),76459,Bus Stop,1.3520567,103.958796
Blk 323B (67449),67449,Bus Stop,1.392108,103.893101
Blk 324 (43841),43841,Bus Stop,1.3619842,103.7475711
Blk 324 (54248),54248,Bus Stop,1.3687687,103.8466443
Blk 324 (76451),76451,Bus Stop,1.3522368,103.9593294
Blk 324B (40449),40449,Bus Stop,1.3622,103.7335
Blk 325 (45581),45581,Bus Stop,1.4309761,103.7800619
Blk 325 (64301),64301,Bus Stop,1.367215,103.8990485
Blk 325 Carpark (67399),67399,Bus Stop,1.3937962,103.8916923
Blk 326 (66411),66411,Bus Stop,1.3500156,103.8690204
Blk 326 Carpark (67381),67381,Bus Stop,1.39459,103.8884933
Blk 326D (67769),67769,Bus Stop,1.3960542,103.8877221
Blk 327 (64249),64249,Bus Stop,1.368028,103.895873
Blk 328 (58299),58299,Bus Stop,1.4458086,103.819662
Blk 329 (17169),17169,Bus Stop,1.312946,103.7667809
Blk 329 (21679),21679,Bus Stop,1.3377111,103.7236433
Blk 330 (66419),66419,Bus Stop,1.3502397,103.8693788
Blk 331 (21671),21671,Bus Stop,1.3380077,103.7237667
Blk 331 (43491),43491,Bus Stop,1.3639595,103.7471992
Blk 331 (54091),54091,Bus Stop,1.3617575,103.850833
Blk 331 (76429),76429,Bus Stop,1.353668,103.959597
Blk 332 (54311),54311,Bus Stop,1.3613926,103.852557
Blk 333 (76431),76431,Bus Stop,1.3537263,103.9612296
Blk 333B (67391),67391,Bus Stop,1.3942333,103.8914481
Blk 334 (17241),17241,Bus Stop,1.3151559,103.7690208
Blk 334 (21629),21629,Bus Stop,1.3393853,103.722612
Blk 334 (43831),43831,Bus Stop,1.3651211,103.7479048
Blk 334A (67699),67699,Bus Stop,1.3987166,103.8899436
Blk 334B (59821),59821,Bus Stop,1.4328861,103.8457765
Blk 335 (17229),17229,Bus Stop,1.3172326,103.768291
Blk 335 (46621),46621,Bus Stop,1.4295333,103.7806233
Blk 335 (58271),58271,Bus Stop,1.446942,103.814739
Blk 338A (67691),67691,Bus Stop,1.3988998,103.8894266
Blk 339 Carpark (58221),58221,Bus Stop,1.4485644,103.8170083
Blk 34 (52289),52289,Bus Stop,1.3350705,103.8539066
Blk 34 (92231),92231,Bus Stop,1.3042295,103.9122625
Blk 342B (59391),59391,Bus Stop,1.4301523,103.8452589
Blk 343 (17111),17111,Bus Stop,1.3177868,103.7712906
Blk 343 (71111),71111,Bus Stop,1.3266726,103.9005392
Blk 343 (76449),76449,Bus Stop,1.3521,103.9611735
Blk 346 (54331),54331,Bus Stop,1.367239,103.850609
Blk 347 (28461),28461,Bus Stop,1.3453327,103.7321277
Blk 347 (43581),43581,Bus Stop,1.3625195,103.7513745
Blk 347 (46549),46549,Bus Stop,1.4331018,103.7812435
Blk 348B (59651),59651,Bus Stop,1.4270929,103.8416379
Blk 35 (20169),20169,Bus Stop,1.3192105,103.7427185
Blk 35 (52301),52301,Bus Stop,1.334115,103.8546216
Blk 350 (28359),28359,Bus Stop,1.3439277,103.7312255
Blk 351 (76439),76439,Bus Stop,1.3529422,103.9625774
Blk 351 Carpark (58111),58111,Bus Stop,1.4509222,103.8207518
Blk 352 (17101),17101,Bus Stop,1.3145519,103.7718757
Blk 352 (44461),44461,Bus Stop,1.3826307,103.7429788
Blk 353 (58421),58421,Bus Stop,1.4513357,103.8191017
Blk 354 (21621),21621,Bus Stop,1.3391577,103.7219642
Blk 354 (54321),54321,Bus Stop,1.3639414,103.8524102
Blk 354 Carpark (58311),58311,Bus Stop,1.4502825,103.8180641
Blk 355 (17249),17249,Bus Stop,1.3150735,103.7693037
Blk 355 (64059),64059,Bus Stop,1.372422,103.8982803
Blk 356 (59411),59411,Bus Stop,1.4251729,103.8456115
Blk 357 (21601),21601,Bus Stop,1.3372752,103.7210862
Blk 357C (58319),58319,Bus Stop,1.4497369,103.8180046
Blk 358 (59401),59401,Bus Stop,1.4270765,103.8461321
Blk 358A Carpark (58229),58229,Bus Stop,1.4485314,103.816055
Blk 36 (70181),70181,Bus Stop,1.3287374,103.8869259
Blk 36 Market/Food Centre (14489),14489,Bus Stop,1.272333,103.821646
Blk 365 (17159),17159,Bus Stop,1.3119869,103.7697233
Blk 367 (21611),21611,Bus Stop,1.3383506,103.7193499
Blk 370 (76249),76249,Bus Stop,1.3583271,103.9594568
Blk 376 (17219),17219,Bus Stop,1.3182709,103.7661666
Blk 377 (17221),17221,Bus Stop,1.317352,103.7679731
Blk 37B (11449),11449,Bus Stop,1.2983854,103.7976198
Blk 382C (59801),59801,Bus Stop,1.4315825,103.847842
Blk 39 (81171),81171,Bus Stop,1.3075506,103.8850095
Blk 390 (76239),76239,Bus Stop,1.356464,103.9575308
Blk 391 (59601),59601,Bus Stop,1.4297976,103.8492753
Blk 3A (82221),82221,Bus Stop,1.3176774,103.8990134
Blk 3B (80311),80311,Bus Stop,1.3145298,103.872682
Blk 4 (10519),10519,Bus Stop,1.2917251,103.8260851
Blk 4 (99131),99131,Bus Stop,1.3890151,103.9873343
Blk 40 (14379),14379,Bus Stop,1.2724396,103.823819
Blk 40 (84089),84089,Bus Stop,1.3206756,103.9402032
Blk 401 (76191),76191,Bus Stop,1.3568765,103.944745
Blk 401A Carpark (44341),44341,Bus Stop,1.3810729,103.7691692
Blk 402 (28561),28561,Bus Stop,1.3531703,103.7225565
Blk 402 (43679),43679,Bus Stop,1.3649754,103.7442566
Blk 402 (44519),44519,Bus Stop,1.3791519,103.7397141
Blk 402 (46491),46491,Bus Stop,1.4319052,103.7720572
Blk 403 (62129),62129,Bus Stop,1.346915,103.872036
Blk 403 (84211),84211,Bus Stop,1.3300568,103.9344376
Blk 403A (67281),67281,Bus Stop,1.3892609,103.873025
Blk 404A Carpark (58411),58411,Bus Stop,1.4545739,103.8166563
Blk 405 (58341),58341,Bus Stop,1.4527542,103.8168478
Blk 405 (78089),78089,Bus Stop,1.3736197,103.9561655
Blk 406 (43669),43669,Bus Stop,1.3654506,103.7461409
Blk 406 (46371),46371,Bus Stop,1.429145,103.7725024
Blk 407 (20191),20191,Bus Stop,1.3193376,103.7485136
Blk 408 (20149),20149,Bus Stop,1.3179473,103.7489628
Blk 408 (44609),44609,Bus Stop,1.3820257,103.7682599
Blk 409 (46379),46379,Bus Stop,1.4290481,103.7729175
Blk 409 (62171),62171,Bus Stop,1.3481798,103.8746612
Blk 409 (67789),67789,Bus Stop,1.3886703,103.8771121
Blk 409A (54371),54371,Bus Stop,1.3623359,103.8557097
Blk 41 (14309),14309,Bus Stop,1.2713353,103.8227565
Blk 41 (20211),20211,Bus Stop,1.3217419,103.7418321
Blk 41 (27069),27069,Bus Stop,1.350054,103.6841438
Blk 41 (84301),84301,Bus Stop,1.3277639,103.9265792
Blk 410 (17151),17151,Bus Stop,1.311729,103.769881
Blk 410 (20199),20199,Bus Stop,1.3190183,103.7482444
Blk 410 (44529),44529,Bus Stop,1.3805647,103.7417961
Blk 411 (20159),20159,Bus Stop,1.3184707,103.7464942
Blk 412 (64429),64429,Bus Stop,1.3748169,103.8952873
Blk 413 (44601),44601,Bus Stop,1.382132,103.7685378
Blk 413 (46369),46369,Bus Stop,1.4275513,103.7731828
Blk 413 (59419),59419,Bus Stop,1.4252226,103.8459906
Blk 413C (65651),65651,Bus Stop,1.4171744,103.901277
Blk 414 (44469),44469,Bus Stop,1.3823757,103.7427857
Blk 414 (82033),82033,Bus Stop,1.3179753,103.8983621
Blk 414 (84329),84329,Bus Stop,1.3303105,103.9296709
Blk 415A (67799),67799,Bus Stop,1.3886346,103.8798983
Blk 416 (28571),28571,Bus Stop,1.3524003,103.7254959
Blk 416 (82032),82032,Bus Stop,1.317811,103.8974959
Blk 416 (84339),84339,Bus Stop,1.328662,103.930806
Blk 417 (76399),76399,Bus Stop,1.3586333,103.9473372
Blk 418 (76391),76391,Bus Stop,1.358498,103.947619
Blk 419 (43499),43499,Bus Stop,1.3625955,103.7468604
Blk 419 (59469),59469,Bus Stop,1.4235911,103.8473557
Blk 42 (11151),11151,Bus Stop,1.2984965,103.8024816
Blk 42 (84541),84541,Bus Stop,1.3275977,103.9251783
Blk 420 (54329),54329,Bus Stop,1.3644184,103.852529
Blk 421 (62179),62179,Bus Stop,1.348625,103.8748388
Blk 421 (64421),64421,Bus Stop,1.375025,103.8951028
Blk 421C (65661),65661,Bus Stop,1.4189452,103.9051665
Blk 422 (28509),28509,Bus Stop,1.3500339,103.7265076
Blk 422 (54339),54339,Bus Stop,1.3676882,103.8506805
Blk 423 (76201),76201,Bus Stop,1.3568963,103.9480334
Blk 423 (84309),84309,Bus Stop,1.3279881,103.9268406
Blk 424A Carpark (58121),58121,Bus Stop,1.453572,103.8190966
Blk 425 (28519),28519,Bus Stop,1.3506096,103.724542
Blk 425 (46361),46361,Bus Stop,1.4274123,103.7738907
Blk 425 (77059),77059,Bus Stop,1.3694048,103.9550471
Blk 426 (17149),17149,Bus Stop,1.3116795,103.7634269
Blk 426 (44501),44501,Bus Stop,1.3809261,103.7389066
Blk 426 (62169),62169,Bus Stop,1.3476212,103.8764229
Blk 427 (54279),54279,Bus Stop,1.3696827,103.853966
Blk 428 (84319),84319,Bus Stop,1.329803,103.927708
Blk 429 (78079),78079,Bus Stop,1.3700107,103.9569589
Blk 429A Carpark (44499),44499,Bus Stop,1.3832249,103.7408935
Blk 43 (11189),11189,Bus Stop,1.307463,103.7924775
Blk 430 (76361),76361,Bus Stop,1.359894,103.950365
Blk 430B (59471),59471,Bus Stop,1.4211177,103.8489778
Blk 431 (20019),20019,Bus Stop,1.3137233,103.7614385
Blk 432 (45231),45231,Bus Stop,1.3846368,103.7422684
Blk 432A (43799),43799,Bus Stop,1.3602402,103.7431427
Blk 432A (67569),67569,Bus Stop,1.395192,103.8774213
Blk 432B (65719),65719,Bus Stop,1.4169966,103.9115037
Blk 432C (59581),59581,Bus Stop,1.4191805,103.8460403
Blk 433C (43779),43779,Bus Stop,1.361541,103.7413992
Blk 434 (64039),64039,Bus Stop,1.3766871,103.8939694
Blk 435A (43559),43559,Bus Stop,1.359593,103.7408816
Blk 436 (64031),64031,Bus Stop,1.3769861,103.893657
Blk 436A (43789),43789,Bus Stop,1.3592274,103.7394896
Blk 436A (67639),67639,Bus Stop,1.3930092,103.8759264
Blk 437B (65699),65699,Bus Stop,1.4200224,103.9118846
Blk 438 (64571),64571,Bus Stop,1.3781381,103.8929604
Blk 438A (40361),40361,Bus Stop,1.3571571,103.740847
Blk 439C (40311),40311,Bus Stop,1.3573075,103.7389106
Blk 44 (10449),10449,Bus Stop,1.2866283,103.8120073
Blk 44 (60139),60139,Bus Stop,1.3221347,103.8663517
Blk 441 (28529),28529,Bus Stop,1.3511402,103.7206132
Blk 441D (67631),67631,Bus Stop,1.3922032,103.8756514
Blk 442 (44509),44509,Bus Stop,1.3808652,103.7384937
Blk 442 (78069),78069,Bus Stop,1.3687602,103.9581474
Blk 442D (44339),44339,Bus Stop,1.3808837,103.7711121
Blk 443 (54381),54381,Bus Stop,1.3657048,103.8561066
Blk 443D (43759),43759,Bus Stop,1.3559686,103.7369204
Blk 444 (76471),76471,Bus Stop,1.3585341,103.9514901
Blk 446 (78071),78071,Bus Stop,1.3703232,103.9571627
Blk 446B (65711),65711,Bus Stop,1.4171562,103.9117853
Blk 448A (68029),68029,Bus Stop,1.3931251,103.87267
Blk 448B (40339),40339,Bus Stop,1.3534743,103.7408765
Blk 449 (76211),76211,Bus Stop,1.3568122,103.9510833
Blk 45 (80229),80229,Bus Stop,1.3172932,103.8781013
Blk 45 (84369),84369,Bus Stop,1.329152,103.9245344
Blk 45 (92239),92239,Bus Stop,1.3043677,103.9126506
Blk 450 (44911),44911,Bus Stop,1.3847875,103.7728513
Blk 451A (40301),40301,Bus Stop,1.353394,103.7427833
Blk 452 (54289),54289,Bus Stop,1.3691588,103.856057
Blk 454 (28409),28409,Bus Stop,1.3508613,103.7179588
Blk 454 (53361),53361,Bus Stop,1.359249,103.8304057
Blk 455 (17161),17161,Bus Stop,1.3123653,103.7668667
Blk 456 (59579),59579,Bus Stop,1.421067,103.8438847
Blk 457 (28521),28521,Bus Stop,1.3509724,103.7212082
Blk 457 (44629),44629,Bus Stop,1.3784968,103.7364774
Blk 457 (44699),44699,Bus Stop,1.3880812,103.7714678
Blk 458 (28399),28399,Bus Stop,1.3497742,103.7196748
Blk 458 (64021),64021,Bus Stop,1.3778918,103.8966399
Blk 459 (76371),76371,Bus Stop,1.3584948,103.9542548
Blk 459B (67099),67099,Bus Stop,1.3937185,103.8692808
Blk 46 (11389),11389,Bus Stop,1.3090609,103.792907
Blk 460 (17251),17251,Bus Stop,1.3113225,103.7674064
Blk 460 (76311),76311,Bus Stop,1.3578697,103.9553463
Blk 460D (40331),40331,Bus Stop,1.3533875,103.7402638
Blk 461 (01219),01219,Bus Stop,1.3055685,103.8610025
Blk 461 (40349),40349,Bus Stop,1.3549589,103.7394536
Blk 461B (67999),67999,Bus Stop,1.3949901,103.8714585
Blk 461C (40351),40351,Bus Stop,1.3549706,103.7409966
Blk 463 (28511),28511,Bus Stop,1.350629,103.7237812
Blk 464 (44071),44071,Bus Stop,1.3767748,103.7362161
Blk 464 (76341),76341,Bus Stop,1.3598281,103.9553466
Blk 464A (40369),40369,Bus Stop,1.3575707,103.7414533
Blk 465 (54389),54389,Bus Stop,1.3663763,103.8566123
Blk 465A (64051),64051,Bus Stop,1.3723964,103.8978041
Blk 467 (78081),78081,Bus Stop,1.3735615,103.9564318
Blk 467 Carpark (40379),40379,Bus Stop,1.3574133,103.7435821
Blk 467B (40281),40281,Bus Stop,1.3559864,103.7433734
Blk 467C (59819),59819,Bus Stop,1.42696,103.851955
Blk 469B (58381),58381,Bus Stop,1.4479775,103.8133749
Blk 469B (59771),59771,Bus Stop,1.4239645,103.8520284
Blk 471A (59791),59791,Bus Stop,1.4258784,103.8535791
Blk 471A (67551),67551,Bus Stop,1.3958932,103.8804174
Blk 474 (58329),58329,Bus Stop,1.4504949,103.8165119
Blk 475 (54379),54379,Bus Stop,1.3628673,103.8559434
Blk 477A (64409),64409,Bus Stop,1.3782164,103.903545
Blk 477B (59811),59811,Bus Stop,1.4274964,103.8521217
Blk 478 (58349),58349,Bus Stop,1.4527897,103.8163713
Blk 479 (78111),78111,Bus Stop,1.3753656,103.9589154
Blk 48 (10389),10389,Bus Stop,1.2884905,103.8256843
Blk 482A Carpark (58419),58419,Bus Stop,1.4546243,103.8157504
Blk 483 (44559),44559,Bus Stop,1.3762099,103.7379399
Blk 483 (58351),58351,Bus Stop,1.4559708,103.8149388
Blk 484 (76351),76351,Bus Stop,1.36217,103.9530443
Blk 485 (44691),44691,Bus Stop,1.3883764,103.7713264
Blk 485 (78229),78229,Bus Stop,1.3740608,103.9609375
Blk 485B (30101),30101,Bus Stop,1.373713,103.738897
Blk 487B (76251),76251,Bus Stop,1.3596145,103.9581859
Blk 489A (44581),44581,Bus Stop,1.3752708,103.7403586
Blk 489B (76261),76261,Bus Stop,1.3615812,103.9574793
Blk 49 Market/Food Centre (80249),80249,Bus Stop,1.317011,103.879855
Blk 490 (28501),28501,Bus Stop,1.3498039,103.7274622
Blk 490B (44591),44591,Bus Stop,1.3754045,103.7419892
Blk 491 (28581),28581,Bus Stop,1.349259,103.7257653
Blk 491 (58409),58409,Bus Stop,1.4560968,103.818097
Blk 491C (76279),76279,Bus Stop,1.3619416,103.9551122
Blk 493B (76359),76359,Bus Stop,1.3621436,103.9522357
Blk 496F (76369),76369,Bus Stop,1.36021,103.95025
Blk 497D (76241),76241,Bus Stop,1.3584515,103.9591797
Blk 5 (52431),52431,Bus Stop,1.3383165,103.855529
Blk 5 (99139),99139,Bus Stop,1.3882223,103.9872213
Blk 50 (10409),10409,Bus Stop,1.2879359,103.8110748
Blk 50 (11459),11459,Bus Stop,1.3009472,103.7968736
Blk 50 (14359),14359,Bus Stop,1.272898,103.810339
Blk 50 (52299),52299,Bus Stop,1.3371255,103.8523651
Blk 50 (84109),84109,Bus Stop,1.3236812,103.9441826
Blk 500A (77191),77191,Bus Stop,1.3765079,103.9460489
Blk 501 (28391),28391,Bus Stop,1.3498076,103.719375
Blk 501 (53229),53229,Bus Stop,1.3482348,103.8492553
Blk 502 (28401),28401,Bus Stop,1.3506479,103.7186717
Blk 502 (54359),54359,Bus Stop,1.3761264,103.8500862
Blk 502 (64349),64349,Bus Stop,1.3728172,103.8867302
Blk 502 (77131),77131,Bus Stop,1.3755734,103.9465269
Blk 5022 (54301),54301,Bus Stop,1.3701893,103.8628402
Blk 502A (58119),58119,Bus Stop,1.4509925,103.8210272
Blk 503 (43421),43421,Bus Stop,1.3511367,103.7536375
Blk 503 (76199),76199,Bus Stop,1.3565709,103.9453845
Blk 5032 (54511),54511,Bus Stop,1.372192,103.863322
Blk 504 (54349),54349,Bus Stop,1.3747869,103.8481265
Blk 5046 (54521),54521,Bus Stop,1.3734232,103.8628844
Blk 504A Carpark (66439),66439,Bus Stop,1.3739344,103.8755145
Blk 504C (59761),59761,Bus Stop,1.4184753,103.843258
Blk 5056 (54599),54599,Bus Stop,1.3748436,103.8617999
Blk 505C (59589),59589,Bus Stop,1.419601,103.84466
Blk 506 (20011),20011,Bus Stop,1.3131549,103.7612183
Blk 506 (44619),44619,Bus Stop,1.3873064,103.7678537
Blk 506 (84521),84521,Bus Stop,1.3323505,103.9339438
Blk 506A (58499),58499,Bus Stop,1.4521282,103.8242975
Blk 507 (54441),54441,Bus Stop,1.3741707,103.8507624
Blk 508 (64331),64331,Bus Stop,1.3714194,103.8880707
Blk 508 Carpark (58129),58129,Bus Stop,1.4528173,103.8198424
Blk 509 (84449),84449,Bus Stop,1.3332964,103.9315727
Blk 51 (84551),84551,Bus Stop,1.3285805,103.9224596
Blk 51 Carpark (10231),10231,Bus Stop,1.2903996,103.8277495
Blk 51/Opposite Pek Kio Market (50089),50089,Bus Stop,1.3166549,103.8504472
Blk 510 (43541),43541,Bus Stop,1.3528309,103.7549569
Blk 510 (84421),84421,Bus Stop,1.3321643,103.9303302
Blk 511 (46331),46331,Bus Stop,1.4332974,103.7882369
Blk 511A (45249),45249,Bus Stop,1.3885789,103.7408637
Blk 512 (17079),17079,Bus Stop,1.3097276,103.7599586
Blk 512 (64399),64399,Bus Stop,1.3711971,103.8892745
Blk 512 (84419),84419,Bus Stop,1.3336014,103.9289605
Blk 512A (59731),59731,Bus Stop,1.4141127,103.8415298
Blk 513 (17071),17071,Bus Stop,1.3088987,103.7604808
Blk 513 (64397),64397,Bus Stop,1.37194,103.8899661
Blk 514 (43809),43809,Bus Stop,1.3543694,103.7518781
Blk 515 (28381),28381,Bus Stop,1.3462458,103.7212855
Blk 515 (46649),46649,Bus Stop,1.4350836,103.7904982
Blk 515 (77019),77019,Bus Stop,1.3737376,103.9435278
Blk 515 (84429),84429,Bus Stop,1.3322033,103.9301774
Blk 516 (44611),44611,Bus Stop,1.3869511,103.7675545
Blk 516 (66101),66101,Bus Stop,1.3709384,103.8733007
Blk 516 (84321),84321,Bus Stop,1.3305704,103.9297651
Blk 517 (28421),28421,Bus Stop,1.3458981,103.7193559
Blk 518 (17339),17339,Bus Stop,1.3079187,103.758456
Blk 519 (44831),44831,Bus Stop,1.3878876,103.7658071
Blk 519 (77141),77141,Bus Stop,1.3737965,103.9452922
Blk 519A (76529),76529,Bus Stop,1.3575122,103.9404506
Blk 519A Carpark (47589),47589,Bus Stop,1.4347388,103.7923784
Blk 52 (10419),10419,Bus Stop,1.2883697,103.8125889
Blk 52 (52359),52359,Bus Stop,1.3385028,103.8527446
Blk 521 (84311),84311,Bus Stop,1.3299467,103.9273086
Blk 522 (54401),54401,Bus Stop,1.3729315,103.8516285
Blk 522 (64389),64389,Bus Stop,1.3731581,103.891669
Blk 522 Carpark (75269),75269,Bus Stop,1.3586323,103.9381591
Blk 523 (45259),45259,Bus Stop,1.3917057,103.7405635
Blk 524B (77381),77381,Bus Stop,1.370821,103.9471616
Blk 526 (28411),28411,Bus Stop,1.3479798,103.7175904
Blk 526 (84411),84411,Bus Stop,1.3337489,103.9290305
Blk 527 (54411),54411,Bus Stop,1.3723787,103.854196
Blk 528C/Pasir Ris Station (77031),77031,Bus Stop,1.3711671,103.948383
Blk 53 (84561),84561,Bus Stop,1.3281143,103.9197373
Blk 53 (92229),92229,Bus Stop,1.3050077,103.9162653
Blk 530 (45319),45319,Bus Stop,1.3929319,103.7421044
Blk 530 (66429),66429,Bus Stop,1.3734964,103.8724426
Blk 531 (43609),43609,Bus Stop,1.35654,103.7500226
Blk 531 (66539),66539,Bus Stop,1.3750112,103.874905
Blk 532 (44661),44661,Bus Stop,1.3844924,103.7650139
Blk 532 (46969),46969,Bus Stop,1.4305766,103.7927263
Blk 532 (54571),54571,Bus Stop,1.374173,103.854962
Blk 532 (64369),64369,Bus Stop,1.3763411,103.8914719
Blk 534 (84391),84391,Bus Stop,1.3327117,103.9243938
Blk 535 (64361),64361,Bus Stop,1.376308,103.890379
Blk 536 (28531),28531,Bus Stop,1.3500882,103.7166119
Blk 536A (46951),46951,Bus Stop,1.431445,103.791413
Blk 537 (45469),45469,Bus Stop,1.392379,103.744219
Blk 537 (64439),64439,Bus Stop,1.378014,103.8894821
Blk 537 (66421),66421,Bus Stop,1.3736686,103.8733983
Blk 537A Carpark (44659),44659,Bus Stop,1.3849564,103.7629649
Blk 538 (28539),28539,Bus Stop,1.3497832,103.7154398
Blk 538 (54479),54479,Bus Stop,1.3758423,103.8531552
Blk 538 (66529),66529,Bus Stop,1.3751106,103.8731542
Blk 53A Carpark (11139),11139,Bus Stop,1.293146,103.8073585
Blk 54 (10429),10429,Bus Stop,1.2893088,103.8139574
Blk 54 (14041),14041,Bus Stop,1.2733184,103.8125229
Blk 54 (20249),20249,Bus Stop,1.3216044,103.7367091
Blk 54 (60159),60159,Bus Stop,1.324187,103.8676359
Blk 540 (45461),45461,Bus Stop,1.3926328,103.7435673
Blk 540 (54579),54579,Bus Stop,1.37488,103.854822
Blk 541 (77041),77041,Bus Stop,1.3696011,103.9509388
Blk 541A Carpark (44649),44649,Bus Stop,1.3821055,103.7630024
Blk 544 (45269),45269,Bus Stop,1.3943097,103.7437198
Blk 544 (84381),84381,Bus Stop,1.3307808,103.9243464
Blk 546 (66509),66509,Bus Stop,1.3752628,103.8700861
Blk 546 (84371),84371,Bus Stop,1.3304848,103.9262503
Blk 547 (45311),45311,Bus Stop,1.3931589,103.7420761
Blk 547 (46961),46961,Bus Stop,1.4304894,103.792854
Blk 547 (84361),84361,Bus Stop,1.3293835,103.9245494
Blk 547C (44709),44709,Bus Stop,1.3887273,103.7685757
Blk 548B (44701),44701,Bus Stop,1.3893325,103.7688887
Blk 549 (54439),54439,Bus Stop,1.3732725,103.8571769
Blk 55 (06051),06051,Bus Stop,1.2848263,103.8340114
Blk 55 (18081),18081,Bus Stop,1.2947852,103.7873375
Blk 55 (27011),27011,Bus Stop,1.3558846,103.6862987
Blk 55 (84069),84069,Bus Stop,1.3255347,103.9421661
Blk 550 (46651),46651,Bus Stop,1.4329738,103.7945483
Blk 550 (84409),84409,Bus Stop,1.332958,103.9267554
Blk 551 (28541),28541,Bus Stop,1.3523716,103.7172413
Blk 551 (45261),45261,Bus Stop,1.3941656,103.7434734
Blk 554 (47511),47511,Bus Stop,1.4319099,103.7963986
Blk 554 (66331),66331,Bus Stop,1.3717639,103.8702312
Blk 555 (54589),54589,Bus Stop,1.3717455,103.8566972
Blk 555 (77361),77361,Bus Stop,1.3679973,103.9517284
Blk 556 (47579),47579,Bus Stop,1.4332713,103.795835
Blk 557 (67629),67629,Bus Stop,1.3803526,103.8905621
Blk 56 (52279),52279,Bus Stop,1.3370245,103.8499137
Blk 56 (81161),81161,Bus Stop,1.3105273,103.883104
Blk 560 (45271),45271,Bus Stop,1.3956399,103.7452506
Blk 560A (28551),28551,Bus Stop,1.353155,103.7203785
Blk 561 (54429),54429,Bus Stop,1.3703515,103.8579867
Blk 562 (77351),77351,Bus Stop,1.3679483,103.9500556
Blk 562A (47739),47739,Bus Stop,1.426643,103.791589
Blk 563 (45279),45279,Bus Stop,1.3958313,103.7455058
Blk 564 (54291),54291,Bus Stop,1.3691506,103.8582711
Blk 564 (77359),77359,Bus Stop,1.3680702,103.9500565
Blk 565 (64621),64621,Bus Stop,1.381221,103.888125
Blk 567A (58441),58441,Bus Stop,1.42731,103.788937
Blk 567B (58431),58431,Bus Stop,1.4284129,103.7884694
Blk 568 (64431),64431,Bus Stop,1.378115,103.889314
Blk 568B (47721),47721,Bus Stop,1.4278774,103.7900622
Blk 569 (77349),77349,Bus Stop,1.3700458,103.9487363
Blk 570 (54281),54281,Bus Stop,1.3695269,103.8560447
Blk 571 (77029),77029,Bus Stop,1.3728991,103.9455407
Blk 573A (47529),47529,Bus Stop,1.4315535,103.7980537
Blk 574 (54581),54581,Bus Stop,1.3710249,103.856631
Blk 574 (64561),64561,Bus Stop,1.377134,103.886858
Blk 579 (64461),64461,Bus Stop,1.3793135,103.8860865
Blk 58 (11441),11441,Bus Stop,1.297702,103.797393
Blk 582 (77139),77139,Bus Stop,1.3751782,103.9465008
Blk 583 (47509),47509,Bus Stop,1.4303197,103.7948666
Blk 586 (54271),54271,Bus Stop,1.3699821,103.8534726
Blk 589 (46991),46991,Bus Stop,1.4276255,103.7959272
Blk 589D (58331),58331,Bus Stop,1.4497468,103.8240229
Blk 59 (14349),14349,Bus Stop,1.2757423,103.8133903
Blk 59 (52291),52291,Bus Stop,1.3369634,103.8522464
Blk 590A (58509),58509,Bus Stop,1.4505547,103.8269903
Blk 590C (58041),58041,Bus Stop,1.4493511,103.8268695
Blk 592A (58501),58501,Bus Stop,1.4506907,103.8270971
Blk 592C (58051),58051,Bus Stop,1.4508736,103.8284199
Blk 6 (44289),44289,Bus Stop,1.3814243,103.7537343
Blk 601 (17049),17049,Bus Stop,1.3047678,103.7645825
Blk 602 (44641),44641,Bus Stop,1.3817776,103.7629085
Blk 602 (59361),59361,Bus Stop,1.4224399,103.8366322
Blk 602 (64339),64339,Bus Stop,1.3714474,103.8868667
Blk 602B (75471),75471,Bus Stop,1.3616021,103.9378657
Blk 604 (55129),55129,Bus Stop,1.3794915,103.8355242
Blk 604A (45341),45341,Bus Stop,1.3973513,103.74542
Blk 604A (65099),65099,Bus Stop,1.404533,103.9071851
Blk 604A (75501),75501,Bus Stop,1.3615896,103.934799
Blk 608 (22519),22519,Bus Stop,1.3377635,103.7000083
Blk 608 (59059),59059,Bus Stop,1.4205398,103.8349627
Blk 608 (63379),63379,Bus Stop,1.370782,103.885243
Blk 608 (84511),84511,Bus Stop,1.3320144,103.9133294
Blk 608A (46859),46859,Bus Stop,1.4361671,103.7974015
Blk 609 (46689),46689,Bus Stop,1.4359648,103.7959969
Blk 609 (72079),72079,Bus Stop,1.3320937,103.9121619
Blk 609D (75481),75481,Bus Stop,1.3638057,103.9379465
Blk 610 (17121),17121,Bus Stop,1.3047352,103.7694539
Blk 610 (44799),44799,Bus Stop,1.3833836,103.7609418
Blk 610C (75511),75511,Bus Stop,1.3642935,103.9348019
Blk 612 (55131),55131,Bus Stop,1.3789645,103.8397194
Blk 612 (78049),78049,Bus Stop,1.3746688,103.941703
Blk 613 (77189),77189,Bus Stop,1.3755872,103.9412373
Blk 614 (75491),75491,Bus Stop,1.3658021,103.9366973
Blk 615 (63331),63331,Bus Stop,1.3683838,103.8849287
Blk 617 (44651),44651,Bus Stop,1.385254,103.762853
Blk 617 (55119),55119,Bus Stop,1.3772536,103.8378972
Blk 618 (47571),47571,Bus Stop,1.4334981,103.7964776
Blk 619 (45389),45389,Bus Stop,1.4006147,103.7473678
Blk 619A (75479),75479,Bus Stop,1.3618736,103.9381718
Blk 620 (47561),47561,Bus Stop,1.433211,103.798523
Blk 621 (45331),45331,Bus Stop,1.3988544,103.7470454
Blk 622 (22249),22249,Bus Stop,1.3401661,103.6986896
Blk 622 (55149),55149,Bus Stop,1.381464,103.8393006
Blk 624 (22239),22239,Bus Stop,1.3408519,103.697419
Blk 624 (59421),59421,Bus Stop,1.4176429,103.8351142
Blk 625 (45339),45339,Bus Stop,1.3989426,103.7460761
Blk 626 (77211),77211,Bus Stop,1.3799443,103.9409732
Blk 627 (63321),63321,Bus Stop,1.3691842,103.8812749
Blk 628 (44809),44809,Bus Stop,1.3850066,103.7597671
Blk 628A (46869),46869,Bus Stop,1.4349657,103.8004062
Blk 629 (84491),84491,Bus Stop,1.3345888,103.9141864
Blk 630 (47551),47551,Bus Stop,1.4344557,103.8016911
Blk 630 (59431),59431,Bus Stop,1.4177715,103.8376254
Blk 630B (75579),75579,Bus Stop,1.3635885,103.943103
Blk 632 (63399),63399,Bus Stop,1.3702395,103.880269
Blk 632 Carpark (44059),44059,Bus Stop,1.3847744,103.758058
Blk 633 (77071),77071,Bus Stop,1.3780725,103.9412987
Blk 634 (45351),45351,Bus Stop,1.3963873,103.7495346
Blk 634 (63311),63311,Bus Stop,1.3699181,103.8778071
Blk 636A (44861),44861,Bus Stop,1.3866776,103.7587718
Blk 636C (75569),75569,Bus Stop,1.3658178,103.9416598
Blk 637 (46879),46879,Bus Stop,1.4370358,103.8021809
Blk 637 (71091),71091,Bus Stop,1.3307332,103.9036915
Blk 637 Carpark (75581),75581,Bus Stop,1.363478,103.9445288
Blk 637B (75571),75571,Bus Stop,1.3638712,103.9432914
Blk 638 (77181),77181,Bus Stop,1.3758921,103.9410676
Blk 638A (44951),44951,Bus Stop,1.3883438,103.7613487
Blk 639 (22231),22231,Bus Stop,1.3407877,103.6972205
Blk 639 (47541),47541,Bus Stop,1.4378724,103.8033611
Blk 639 (63391),63391,Bus Stop,1.370882,103.880246
Blk 63B (10421),10421,Bus Stop,1.289021,103.8151073
Blk 640 (77249),77249,Bus Stop,1.3760719,103.9398579
Blk 641 (22361),22361,Bus Stop,1.3407541,103.6958559
Blk 641 (55139),55139,Bus Stop,1.3789597,103.8399449
Blk 641A (75551),75551,Bus Stop,1.3664387,103.9434849
Blk 643 (22459),22459,Bus Stop,1.3385797,103.6957948
Blk 643 (54451),54451,Bus Stop,1.3772399,103.8405739
Blk 643 (77239),77239,Bus Stop,1.3773954,103.9379597
Blk 643 CP (44931),44931,Bus Stop,1.3877096,103.7633083
Blk 643A (44959),44959,Bus Stop,1.3885931,103.7624263
Blk 644 (43709),43709,Bus Stop,1.348711,103.7520678
Blk 644 (46871),46871,Bus Stop,1.4367785,103.8018054
Blk 645 (55199),55199,Bus Stop,1.379492,103.842642
Blk 646 (72021),72021,Bus Stop,1.3308967,103.9061387
Blk 646B (75559),75559,Bus Stop,1.3664569,103.9431888
Blk 647 (59369),59369,Bus Stop,1.4221896,103.8368533
Blk 648A (75549),75549,Bus Stop,1.3682709,103.9413778
Blk 648C (75561),75561,Bus Stop,1.3665873,103.9412896
Blk 649 (54461),54461,Bus Stop,1.3774646,103.8434195
Blk 649 (65261),65261,Bus Stop,1.3970482,103.9145804
Blk 65 (21581),21581,Bus Stop,1.3324502,103.7232892
Blk 65 (84059),84059,Bus Stop,1.324935,103.9395348
Blk 651 (44821),44821,Bus Stop,1.3863761,103.7633844
Blk 651 (77221),77221,Bus Stop,1.3795462,103.9383127
Blk 653B (22469),22469,Bus Stop,1.336479,103.6963769
Blk 654 (59281),59281,Bus Stop,1.4227134,103.8407593
Blk 654D (65799),65799,Bus Stop,1.3986285,103.919257
Blk 655 (22541),22541,Bus Stop,1.3349884,103.697683
Blk 656A (65569),65569,Bus Stop,1.40007,103.9202792
Blk 657 (22551),22551,Bus Stop,1.3349791,103.7006524
Blk 657 (45391),45391,Bus Stop,1.4002239,103.7497256
Blk 658C (22511),22511,Bus Stop,1.3374479,103.7002893
Blk 659A (65561),65561,Bus Stop,1.40046,103.920181
Blk 660 Carpark (22561),22561,Bus Stop,1.334971,103.70425
Blk 660 Carpark (75521),75521,Bus Stop,1.367719,103.933654
Blk 660A Carpark (72041),72041,Bus Stop,1.3346709,103.9075096
Blk 661 (45431),45431,Bus Stop,1.4005772,103.7509192
Blk 661 (N4541),N4541,Bus Stop,1.4006628,103.750854
Blk 661A (65379),65379,Bus Stop,1.402884,103.9164791
Blk 662A (22501),22501,Bus Stop,1.3376991,103.703119
Blk 662A (65599),65599,Bus Stop,1.4027221,103.9183923
Blk 662B (75539),75539,Bus Stop,1.369246,103.935001
Blk 662D (22491),22491,Bus Stop,1.337253,103.7045452
Blk 664 (46851),46851,Bus Stop,1.4361135,103.7976533
Blk 664C (22509),22509,Bus Stop,1.3379962,103.7032296
Blk 665 (64479),64479,Bus Stop,1.3743661,103.8836189
Blk 665A (22251),22251,Bus Stop,1.3407495,103.7027565
Blk 666 (45429),45429,Bus Stop,1.4027243,103.750015
Blk 666 (46769),46769,Bus Stop,1.439358,103.7974764
Blk 666 (59291),59291,Bus Stop,1.4188094,103.8406819
Blk 668D (22259),22259,Bus Stop,1.3408819,103.7025719
Blk 669 (45419),45419,Bus Stop,1.4031384,103.74849
Blk 669 Carpark (22441),22441,Bus Stop,1.3427496,103.7036089
Blk 67 (14329),14329,Bus Stop,1.274377,103.8095025
Blk 670 (64411),64411,Bus Stop,1.373366,103.8850108
Blk 670A (22591),22591,Bus Stop,1.3445665,103.7030576
Blk 670A (65399),65399,Bus Stop,1.4057239,103.912619
Blk 671 Carpark (59299),59299,Bus Stop,1.4190997,103.8410464
Blk 672A (65391),65391,Bus Stop,1.4059501,103.9124459
Blk 672C (59711),59711,Bus Stop,1.4181729,103.8426751
Blk 673C (22341),22341,Bus Stop,1.3449112,103.7010596
Blk 675 (45409),45409,Bus Stop,1.4018549,103.7457478
Blk 675 (N4579),N4579,Bus Stop,1.4015166,103.745834
Blk 676 Carpark (59289),59289,Bus Stop,1.4217311,103.8414177
Blk 676A (46759),46759,Bus Stop,1.439273,103.8012749
Blk 676B (22411),22411,Bus Stop,1.346246,103.7037884
Blk 678D (22599),22599,Bus Stop,1.3445413,103.7033048
Blk 679 (63371),63371,Bus Stop,1.3711389,103.8851465
Blk 68 (52281),52281,Bus Stop,1.3343772,103.8536065
Blk 68 (60229),60229,Bus Stop,1.322542,103.870163
Blk 680C (21371),21371,Bus Stop,1.3452321,103.7062055
Blk 681 (45401),45401,Bus Stop,1.4027896,103.7459434
Blk 681 (64419),64419,Bus Stop,1.3732721,103.8852088
Blk 681A (47641),47641,Bus Stop,1.439215,103.803779
Blk 682A (65371),65371,Bus Stop,1.4029966,103.9163048
Blk 683A (22489),22489,Bus Stop,1.3426255,103.7054145
Blk 683A (47599),47599,Bus Stop,1.4397504,103.8027271
Blk 683A (65589),65589,Bus Stop,1.4048154,103.9155654
Blk 684B (47651),47651,Bus Stop,1.4414631,103.805358
Blk 685A (47659),47659,Bus Stop,1.4415513,103.8054202
Blk 685B (22449),22449,Bus Stop,1.3426564,103.70382
Blk 687 (64609),64609,Bus Stop,1.375924,103.8847824
Blk 689A (45421),45421,Bus Stop,1.4027571,103.7504906
Blk 691A (45439),45439,Bus Stop,1.4013755,103.7512597
Blk 691A Carpark (22481),22481,Bus Stop,1.342562,103.7055698
Blk 691D (47751),47751,Bus Stop,1.4392586,103.8059008
Blk 694C (47759),47759,Bus Stop,1.439173,103.8056494
Blk 695 (21361),21361,Bus Stop,1.3430582,103.7076559
Blk 7 (12121),12121,Bus Stop,1.3118377,103.7872696
Blk 7 (60191),60191,Bus Stop,1.317186,103.861927
Blk 7 (70059),70059,Bus Stop,1.3348134,103.8783217
Blk 7 Industrial Estate (53191),53191,Bus Stop,1.3583834,103.8390217
Blk 700B (54241),54241,Bus Stop,1.3691008,103.8462605
Blk 701 (17061),17061,Bus Stop,1.3077419,103.7618222
Blk 701 (27421),27421,Bus Stop,1.3426554,103.6953351
Blk 701 (59111),59111,Bus Stop,1.430141,103.828895
Blk 701A Carpark (46409),46409,Bus Stop,1.4406924,103.7957792
Blk 702 (45299),45299,Bus Stop,1.3914386,103.7452084
Blk 703 (84469),84469,Bus Stop,1.3375193,103.9197239
Blk 704 (22369),22369,Bus Stop,1.3406327,103.6953725
Blk 705 (17329),17329,Bus Stop,1.3051247,103.760523
Blk 705 (27309),27309,Bus Stop,1.3409939,103.6943513
Blk 706 (46761),46761,Bus Stop,1.4396315,103.7974012
Blk 708 (45301),45301,Bus Stop,1.3918155,103.7467448
Blk 708 (63349),63349,Bus Stop,1.3668294,103.8892234
Blk 709 (75261),75261,Bus Stop,1.3579116,103.9379936
Blk 70A (14339),14339,Bus Stop,1.2767699,103.8110988
Blk 71 (18061),18061,Bus Stop,1.2967208,103.7874386
Blk 71 (84071),84071,Bus Stop,1.3206966,103.9424321
Blk 710 (27361),27361,Bus Stop,1.3428556,103.6945373
Blk 711 (27429),27429,Bus Stop,1.342865,103.69556
Blk 713 (46821),46821,Bus Stop,1.4420976,103.7975175
Blk 713 (57089),57089,Bus Stop,1.4273852,103.8268739
Blk 713 (77251),77251,Bus Stop,1.3821981,103.9386622
Blk 713 (84479),84479,Bus Stop,1.3374678,103.9226153
Blk 715 (27351),27351,Bus Stop,1.3441697,103.6961791
Blk 716 (17319),17319,Bus Stop,1.3018584,103.7622755
Blk 716 (84629),84629,Bus Stop,1.3381516,103.9253585
Blk 717 (22359),22359,Bus Stop,1.3425326,103.6972747
Blk 717 (77261),77261,Bus Stop,1.3828408,103.9361963
Blk 72 (10459),10459,Bus Stop,1.2875471,103.8163473
Blk 72 (11451),11451,Bus Stop,1.3002712,103.7970821
Blk 721 (75271),75271,Bus Stop,1.3602109,103.9359983
Blk 722 (46791),46791,Bus Stop,1.4456429,103.7997113
Blk 722 (59551),59551,Bus Stop,1.4253477,103.8282566
Blk 723 (17279),17279,Bus Stop,1.3029009,103.7631939
Blk 726 (46811),46811,Bus Stop,1.4437547,103.7993416
Blk 726 Clementi West Market (17041),17041,Bus Stop,1.3041296,103.7645638
Blk 729 (27341),27341,Bus Stop,1.3466197,103.6978782
Blk 729 (59319),59319,Bus Stop,1.4261781,103.8320548
Blk 73 (10489),10489,Bus Stop,1.2881371,103.8177456
Blk 73 (52269),52269,Bus Stop,1.333978,103.8514775
Blk 73 (84669),84669,Bus Stop,1.3199607,103.9441894
Blk 73/geylang Bahru Station (60221),60221,Bus Stop,1.3221112,103.8708
Blk 730 (17269),17269,Bus Stop,1.3051145,103.7627215
Blk 730 (75141),75141,Bus Stop,1.3562477,103.9337698
Blk 731 (59301),59301,Bus Stop,1.4285408,103.830575
Blk 734 (75339),75339,Bus Stop,1.3584557,103.9341835
Blk 734A Carpark (22349),22349,Bus Stop,1.3452071,103.7008593
Blk 738 (77289),77289,Bus Stop,1.3788982,103.9359524
Blk 740 (77281),77281,Bus Stop,1.3783679,103.9361618
Blk 741 (59141),59141,Bus Stop,1.4302943,103.8327133
Blk 741 (77161),77161,Bus Stop,1.3774543,103.9365543
Blk 742A (75281),75281,Bus Stop,1.360187,103.9335799
Blk 745 (27349),27349,Bus Stop,1.3468741,103.6978352
Blk 745 (84471),84471,Bus Stop,1.3373066,103.9219568
Blk 747A (77331),77331,Bus Stop,1.3782482,103.9333911
Blk 747A Carpark (46831),46831,Bus Stop,1.4436788,103.7956426
Blk 749 (27381),27381,Bus Stop,1.3481591,103.6986922
Blk 753 (77291),77291,Bus Stop,1.3773165,103.9348153
Blk 754 (45309),45309,Bus Stop,1.3920224,103.7466907
Blk 755 (27379),27379,Bus Stop,1.3480922,103.7008475
Blk 759 (46469),46469,Bus Stop,1.44664,103.7948429
Blk 760 (59311),59311,Bus Stop,1.4261047,103.8322357
Blk 762 (27431),27431,Bus Stop,1.3497616,103.697542
Blk 763 (59061),59061,Bus Stop,1.4255526,103.8349657
Blk 765 (45369),45369,Bus Stop,1.3925942,103.7500265
Blk 767 (58991),58991,Bus Stop,1.4244978,103.834983
Blk 77 (70171),70171,Bus Stop,1.3283255,103.8854529
Blk 773 (59331),59331,Bus Stop,1.4229716,103.8328077
Blk 774 (46479),46479,Bus Stop,1.4479212,103.7984536
Blk 774 (59081),59081,Bus Stop,1.4237606,103.8316814
Blk 776 (59339),59339,Bus Stop,1.4226995,103.8338051
Blk 778 (77301),77301,Bus Stop,1.3742275,103.9386247
Blk 78 (10191),10191,Bus Stop,1.2886071,103.8189435
Blk 782 (46739),46739,Bus Stop,1.4481737,103.8042275
Blk 786A Carpark (46799),46799,Bus Stop,1.4458656,103.7996815
Blk 788E (47661),47661,Bus Stop,1.4444795,103.8026882
Blk 79 (10239),10239,Bus Stop,1.2905964,103.8286498
Blk 79 Food Centre (70221),70221,Bus Stop,1.3262461,103.885171
Blk 790 (45359),45359,Bus Stop,1.3961934,103.749552
Blk 790 (59051),59051,Bus Stop,1.4196433,103.8342898
Blk 793 (47601),47601,Bus Stop,1.4420742,103.8029694
Blk 794 (59321),59321,Bus Stop,1.420079,103.8318353
Blk 79C (52231),52231,Bus Stop,1.3343835,103.8486631
Blk 8 (01329),01329,Bus Stop,1.305144,103.8638242
Blk 8 (06039),06039,Bus Stop,1.287011,103.839622
Blk 8 (11179),11179,Bus Stop,1.3063051,103.7942688
Blk 8 (44281),44281,Bus Stop,1.381007,103.7542852
Blk 801 (76289),76289,Bus Stop,1.3471673,103.9382292
Blk 802B (44181),44181,Bus Stop,1.3744655,103.7428827
Blk 803 (44189),44189,Bus Stop,1.3743013,103.742862
Blk 803 (46279),46279,Bus Stop,1.440245,103.7868163
Blk 804B (30111),30111,Bus Stop,1.3725035,103.7427805
Blk 805D (30121),30121,Bus Stop,1.37214,103.7444687
Blk 808 (46261),46261,Bus Stop,1.4424842,103.7867258
Blk 81 (84241),84241,Bus Stop,1.3285833,103.9400449
Blk 810 Carpark (44871),44871,Bus Stop,1.3741546,103.7467929
Blk 816 (46441),46441,Bus Stop,1.4421605,103.7897072
Blk 816 (59721),59721,Bus Stop,1.4115125,103.833564
Blk 816B (44881),44881,Bus Stop,1.3757332,103.74842
Blk 817 (27359),27359,Bus Stop,1.34444,103.6960114
Blk 819 (75079),75079,Bus Stop,1.348572,103.937109
Blk 82 (50991),50991,Bus Stop,1.3234245,103.8562859
Blk 82 (80291),80291,Bus Stop,1.3195484,103.8722892
Blk 821 (27409),27409,Bus Stop,1.3471751,103.6942092
Blk 825 (46281),46281,Bus Stop,1.4387685,103.7899429
Blk 827 (27419),27419,Bus Stop,1.3457771,103.6928924
Blk 827 (75089),75089,Bus Stop,1.3497831,103.9339947
Blk 830A (64559),64559,Bus Stop,1.370548,103.8908776
Blk 831 (64391),64391,Bus Stop,1.3716407,103.8898946
Blk 831 (75081),75081,Bus Stop,1.3499138,103.9341754
Blk 834 (27369),27369,Bus Stop,1.3428305,103.6940277
Blk 834 (64521),64521,Bus Stop,1.3698399,103.889565
Blk 835 (75201),75201,Bus Stop,1.3510756,103.9337313
Blk 836 (64551),64551,Bus Stop,1.3703765,103.8909334
Blk 840 (27329),27329,Bus Stop,1.344009,103.6919086
Blk 840 (46431),46431,Bus Stop,1.4439798,103.7921798
Blk 842C (76041),76041,Bus Stop,1.3509831,103.9363875
Blk 844A Carpark (27411),27411,Bus Stop,1.345856,103.6927177
Blk 846 (59429),59429,Bus Stop,1.4174012,103.8350194
Blk 84B (52199),52199,Bus Stop,1.335424,103.846628
Blk 85 (14399),14399,Bus Stop,1.2776553,103.8085456
Blk 85 (18271),18271,Bus Stop,1.288407,103.789925
Blk 85 (84231),84231,Bus Stop,1.331757,103.9385126
Blk 853 (46391),46391,Bus Stop,1.4391613,103.7930749
Blk 855 (75161),75161,Bus Stop,1.353278,103.934588
Blk 856 (46429),46429,Bus Stop,1.4406988,103.7929639
Blk 857 (27391),27391,Bus Stop,1.348427,103.69631
Blk 858 (59439),59439,Bus Stop,1.4177932,103.8383894
Blk 861 (27439),27439,Bus Stop,1.349544,103.6971161
Blk 863 (75139),75139,Bus Stop,1.3556207,103.9361276
Blk 864 (46401),46401,Bus Stop,1.4408971,103.79547
Blk 867A (75149),75149,Bus Stop,1.3559581,103.9336759
Blk 869 (46411),46411,Bus Stop,1.4425614,103.7945053
Blk 871 (59501),59501,Bus Stop,1.4128924,103.8380084
Blk 871C (75179),75179,Bus Stop,1.3569946,103.9316557
Blk 872 (46459),46459,Bus Stop,1.444179,103.7894613
Blk 873 (59481),59481,Bus Stop,1.4151615,103.8368725
Blk 874 (75159),75159,Bus Stop,1.3540582,103.9314656
Blk 874A (75111),75111,Bus Stop,1.3530134,103.9320315
Blk 875 (46449),46449,Bus Stop,1.4423226,103.7899546
Blk 875B (75041),75041,Bus Stop,1.3529106,103.9291924
Blk 879B (75021),75021,Bus Stop,1.351604,103.9285552
Blk 88 (84259),84259,Bus Stop,1.3332734,103.9390594
Blk 880 (46439),46439,Bus Stop,1.4441836,103.7927215
Blk 880 (75101),75101,Bus Stop,1.3510716,103.9314947
Blk 882A (75209),75209,Bus Stop,1.3512728,103.9336037
Blk 888 (75109),75109,Bus Stop,1.3510941,103.9310872
Blk 889 (75219),75219,Bus Stop,1.3496991,103.9321301
Blk 891C Carpark (46289),46289,Bus Stop,1.4387317,103.7907805
Blk 894C (46641),46641,Bus Stop,1.435353,103.7899193
Blk 897 (75099),75099,Bus Stop,1.3480775,103.9342492
Blk 899A (46681),46681,Bus Stop,1.4356845,103.7957329
Blk 9 (11409),11409,Bus Stop,1.307745,103.794446
Blk 9 (44439),44439,Bus Stop,1.3798278,103.7542519
Blk 90 (70211),70211,Bus Stop,1.3235556,103.886956
Blk 911 (66499),66499,Bus Stop,1.3790766,103.8832987
Blk 913 (64611),64611,Bus Stop,1.3784253,103.8844105
Blk 917 (64471),64471,Bus Stop,1.3745731,103.8838738
Blk 918 (27531),27531,Bus Stop,1.3405449,103.6869815
Blk 919 (64601),64601,Bus Stop,1.3754158,103.8845742
Blk 92 (11439),11439,Bus Stop,1.3059842,103.8003217
Blk 920 (27141),27141,Bus Stop,1.3396878,103.6877435
Blk 924 (27159),27159,Bus Stop,1.3402555,103.690023
Blk 925A (64259),64259,Bus Stop,1.3770162,103.8832375
Blk 92B (14509),14509,Bus Stop,1.2757538,103.8069678
Blk 932 (27131),27131,Bus Stop,1.341939,103.6884914
Blk 932 (59661),59661,Bus Stop,1.4263396,103.8376232
Blk 934 (27139),27139,Bus Stop,1.3420373,103.6889513
Blk 938 (76061),76061,Bus Stop,1.3482625,103.9418414
Blk 941A (64509),64509,Bus Stop,1.3741028,103.8788888
Blk 943 (64519),64519,Bus Stop,1.3736923,103.8811024
Blk 945 (76111),76111,Bus Stop,1.3515669,103.9401959
Blk 946A (64489),64489,Bus Stop,1.3748806,103.8807566
Blk 949 (27321),27321,Bus Stop,1.3440933,103.6914581
Blk 95 (84269),84269,Bus Stop,1.3340363,103.9419183
Blk 951A (74919),74919,Bus Stop,1.3442434,103.9356711
Blk 953 (27279),27279,Bus Stop,1.3420451,103.6910797
Blk 953 (64119),64119,Bus Stop,1.3767357,103.8771578
Blk 953C (74929),74929,Bus Stop,1.342241,103.9357388
Blk 954D (75061),75061,Bus Stop,1.3419803,103.9371415
Blk 961A (74949),74949,Bus Stop,1.3400401,103.9362491
Blk 962 (27271),27271,Bus Stop,1.3420396,103.69138
Blk 966 (74961),74961,Bus Stop,1.3384152,103.9398172
Blk 967A (74979),74979,Bus Stop,1.3411237,103.9397183
Blk 969 (66489),66489,Bus Stop,1.3789378,103.8789872
Blk 969C (74939),74939,Bus Stop,1.3400356,103.9378847
Blk 97 (11071),11071,Bus Stop,1.306183,103.801745
Blk 970A (75069),75069,Bus Stop,1.3417364,103.9373684
Blk 974 (27511),27511,Bus Stop,1.3390678,103.6931341
Blk 978 (27301),27301,Bus Stop,1.3404595,103.6943463
Blk 980C (66541),66541,Bus Stop,1.3798996,103.8813496
Blk 984 (66551),66551,Bus Stop,1.3817267,103.881402
Blk 986 Carpark (27521),27521,Bus Stop,1.3368017,103.694061
Blk 986B (66581),66581,Bus Stop,1.3825119,103.8797475
Blk 988B (64129),64129,Bus Stop,1.3799815,103.8768631
Blk 99 (84251),84251,Bus Stop,1.333421,103.938851
Blk 991A (66601),66601,Bus Stop,1.3848146,103.8823262
Blk 991B (22471),22471,Bus Stop,1.3350813,103.693146
Blk 991B (66561),66561,Bus Stop,1.3835029,103.8825737
Blk 995B (67771),67771,Bus Stop,1.3864081,103.8832724
Blk 998B (66579),66579,Bus Stop,1.3840576,103.8806347
Blk L Pandan Light Industrial Park (20309),20309,Bus Stop,1.3106177,103.7540491
Blk S12 (18311),18311,Bus Stop,1.297111,103.7787488
Blk S17 (18309),18309,Bus Stop,1.2975399,103.7806909
Blk T Pandan Light Industrial Park (20319),20319,Bus Stop,1.3125656,103.7528566
Boat Quay (05029),05029,Bus Stop,1.2871075,103.848183
Boon Keng Station/Blk 102 (60121),60121,Bus Stop,1.3201027,103.8618787
Boon Keng Station/Blk 22 (60199) (60199),60199,Bus Stop,1.3180532,103.8612274
Boon Lay Community Club (21439),21439,Bus Stop,1.3483377,103.7116964
Boon Lay Interchange (22009),22009,Bus Interchange,1.3394398,103.7053332
Boon Lay Shopping Centre (21449),21449,Bus Stop,1.3463476,103.713061
Bosch (53319),53319,Bus Stop,1.3472231,103.8412467
Botanic Gardens Station (41021),41021,Bus Stop,1.3226194,103.8159019
Braddell Station/Blk 106 (52179),52179,Bus Stop,1.3406363,103.8480603
Braddell Station/Blk 107 (52171),52171,Bus Stop,1.340968,103.8478264
Braddell Station/Blk 111 (52161),52161,Bus Stop,1.3409026,103.8454028
Braddell Tech Building (52381),52381,Bus Stop,1.3398879,103.8584121
Braddell View (51139),51139,Bus Stop,1.3443687,103.8403805
Bras Basah Complex (01019),01019,Bus Stop,1.2970065,103.8530176
Bright Hill Station Exit 1 (53349),53349,Bus Stop,1.3639824,103.8345552
Bright Hill Station Exit 2 (53341),53341,Bus Stop,1.3635711,103.8340091
British Council (09141),09141,Bus Stop,1.3054212,103.8217659
British High Commission (13201),13201,Bus Stop,1.304215,103.822004
Broadway Hotel (07111),07111,Bus Stop,1.3087314,103.8531382
Buangkok Interchange (63009),63009,Bus Interchange,1.383707,103.892257
Buangkok Sports Park (66589),66589,Bus Stop,1.3820735,103.8793955
Buangkok Square (66571),66571,Bus Stop,1.3844486,103.8813534
Buangkok Station Exit A (67609),67609,Bus Stop,1.3827924,103.8929631
Buangkok Station Exit B (67601),67601,Bus Stop,1.3833447,103.8932683
Bugis Cube (01039),01039,Bus Stop,1.2982756,103.8555546
Bugis Station Exit A (01113),01113,Bus Stop,1.3011705,103.8560759
Bugis Station Exit B (01059),01059,Bus Stop,1.3007182,103.8561204
Bugis Station Exit D (01541),01541,Bus Stop,1.2991399,103.8572828
Builders Centre (96249),96249,Bus Stop,1.3282383,103.9665929
Bukit Batok Community Club (43391),43391,Bus Stop,1.349901,103.7478087
Bukit Batok Driving Centre (43521),43521,Bus Stop,1.3673604,103.7503378
Bukit Batok Fire Station (44159),44159,Bus Stop,1.3740155,103.7526505
Bukit Batok Home For The Aged (43681),43681,Bus Stop,1.3618028,103.7436088
Bukit Batok Interchange (43009),43009,Bus Interchange,1.34996,103.7506942
Bukit Batok Polyclinic (43401),43401,Bus Stop,1.3522546,103.7468302
Bukit Batok Swimming Complex (43511),43511,Bus Stop,1.3449725,103.7485076
Bukit Gombak Stadium (43569),43569,Bus Stop,1.3573478,103.7531668
Bukit Gombak Station (43579),43579,Bus Stop,1.3591396,103.7517111
Bukit Merah Interchange (10009),10009,Bus Interchange,1.2820643,103.8172201
Bukit Merah Secondary School (10109),10109,Bus Stop,1.2853749,103.8133736
Bukit Merah Town Centre (10091),10091,Bus Stop,1.2839191,103.817807
Bukit Panjang Interchange (45009),45009,Bus Interchange,1.3784994,103.7628833
Bukit Panjang Plaza (44639),44639,Bus Stop,1.3800249,103.7639688
Bukit Panjang Primary School (43131),43131,Bus Stop,1.373352,103.7701477
Bukit Panjang Station Exit A/Lrt (44029),44029,Bus Stop,1.3786211,103.7620703
Bukit Panjang Station Exit B (44021),44021,Bus Stop,1.3782703,103.7616573
Bukit Panjang Station/Blk 604 (44251),44251,Bus Stop,1.380327,103.7622887
Bukit Regency (43011),43011,Bus Stop,1.3473398,103.7711873
Bukit View Secondary School (43599),43599,Bus Stop,1.3451218,103.7518758
Bukit View Secondary School (43741),43741,Bus Stop,1.3464785,103.7519587
Bullion Park Condominium (55261),55261,Bus Stop,1.3921212,103.8371214
Buona Vista Station Exit C (11361),11361,Bus Stop,1.3064004,103.7905407
Buona Vista Station Exit D (11369),11369,Bus Stop,1.3062917,103.7908557
Buona Vista Terminal (11379),11379,Bus Interchange,1.3092577,103.7921333
Burgundy Hill (42319),42319,Bus Stop,1.3391758,103.7604476
Bus Stop (Austville Residences) (67731),67731,Bus Stop,1.3801187,103.9014422
Bus Stop (Opp Austville Residences) (67739),67739,Bus Stop,1.3800523,103.9019496
Bus Stop 03541,03541,Bus Stop,1.2777624,103.8506185
Bus Stop 92199,92199,Bus Stop,1.3029329,103.9168649
CDAC Building (82099),82099,Bus Stop,1.312833,103.8943168
CEVA Freight (96239),96239,Bus Stop,1.3300694,103.962066
CEVA Logistics (22061),22061,Bus Stop,1.3142673,103.704635
CHIJ Katong Convent (Primary) (92061),92061,Bus Stop,1.3058723,103.9105929
CHIJ Katong Convent (Secondary) (92211),92211,Bus Stop,1.3060071,103.9169823
CIAS Cargo Ters (95041),95041,Bus Stop,1.3726307,103.9957453
CISCO Centre (81101),81101,Bus Stop,1.3210831,103.8915123
CISCO Recall (21559),21559,Bus Stop,1.3266493,103.7206275
CLP International (29129),29129,Bus Interchange,1.3064901,103.7395625
CSC Dempsey Clubhouse (11201),11201,Bus Stop,1.3069387,103.8118011
CWT Distripark (21151),21151,Bus Stop,1.3172292,103.7199028
Cable Ski Park (93159),93159,Bus Stop,1.3077941,103.9314126
Caldecott Station Exit 1 (52559),52559,Bus Stop,1.3364929,103.8396788
Caldecott Station Exit 4 (52551),52551,Bus Stop,1.3364233,103.8399243
Caltex Singapore (29059),29059,Bus Stop,1.3043495,103.7425024
Caltex Station (92131),92131,Bus Stop,1.3087606,103.9108694
Calvary Ably Of God Church (94089),94089,Bus Stop,1.3153348,103.942982
Cameron Iron Works (24279),24279,Bus Stop,1.3148101,103.6767424
Canberra Station (58549),58549,Bus Stop,1.4425307,103.8302037
Capitol Building (04111),04111,Bus Stop,1.2939406,103.851349
Cardiff Residence (66031),66031,Bus Stop,1.3546359,103.8657669
Caribbean at Keppel Bay (14131),14131,Bus Stop,1.2674171,103.8167994
Carissa Park (98309),98309,Bus Stop,1.35995,103.9647458
Carpark 7 (27041),27041,Bus Stop,1.3507181,103.6785671
Carpark B1 (91111),91111,Bus Stop,1.2953623,103.892514
Carpark D3 (93179),93179,Bus Stop,1.3048248,103.923687
Carpark F (80171),80171,Bus Stop,1.3007979,103.8771336
Carrier Singapore (20081),20081,Bus Stop,1.3265499,103.7388535
Carrier Transicold P/L (23011),23011,Bus Stop,1.3223732,103.6926176
Casa Pasir Ris (78271),78271,Bus Stop,1.3792362,103.9635633
Casa Sarina (83011),83011,Bus Stop,1.3197007,103.9072769
Casablanca (46229),46229,Bus Stop,1.4301866,103.7870693
Casafina (84151),84151,Bus Stop,1.316567,103.9332761
Cashew Park Condominium (43129),43129,Bus Stop,1.3716279,103.7676096
Cashew Station (43109),43109,Bus Stop,1.3703607,103.7639477
Cast Laboratories (25549),25549,Bus Stop,1.3297573,103.6476756
Castle Green (55171),55171,Bus Stop,1.3859582,103.8427353
Cathedral Of The Good Shepherd (04151),04151,Bus Stop,1.2953422,103.8511679
Catholic Junior College (51099),51099,Bus Stop,1.3258638,103.8346142
Cencon Building (70119),70119,Bus Stop,1.3307698,103.8777733
Cendex Centre (10361),10361,Bus Stop,1.2803525,103.8235533
Central Fish Processing Factory (21109),21109,Bus Stop,1.3109196,103.7211089
Central Granite Industrial (49141),49141,Bus Stop,1.4380051,103.7444758
Central Green Condominium (10151),10151,Bus Stop,1.285734,103.828568
Central Square (06189),06189,Bus Stop,1.287777,103.843291
Chai Chee Industrial Park (84011),84011,Bus Stop,1.3226136,103.9223769
Chancery Court (40059),40059,Bus Stop,1.316721,103.8363344
Changi Airport Passenger Terminal Building 1 (95029),95029,Bus Stop,1.3614606,103.9907481
Changi Airport Passenger Terminal Building 2 (95129),95129,Bus Stop,1.3550729,103.9892696
Changi Airport Passenger Terminal Building 3 (95109),95109,Bus Stop,1.3565005,103.9863523
Changi Airport Passsenger Terminal Building 4 (95209),95209,Bus Stop,1.3389902,103.9820779
Changi Baptist Church (97061),97061,Bus Stop,1.3658062,103.9753451
Changi Beach Carpark 2 (99171),99171,Bus Stop,1.3911439,103.99102
Changi Beach Carpark 4 (95071),95071,Bus Stop,1.3899216,103.9951552
Changi Beach Carpark 5 (95081),95081,Bus Stop,1.3895459,103.9976739
Changi Business Park Bus Terminal,N/A,Bus Interchange,1.3418757,103.9669129
Changi Business Park Terminal (97009),97009,Bus Stop,1.3420793,103.9670954
Changi Chapel Museum (97209),97209,Bus Stop,1.3622753,103.973266
Changi City Point (96381),96381,Bus Interchange,1.3331938,103.9624067
Changi Court (96059),96059,Bus Stop,1.343526,103.962142
Changi General Hospital (96289),96289,Bus Stop,1.3400372,103.9484337
Changi Golf Club (99111),99111,Bus Stop,1.3917241,103.9841534
Changi Golf Course (99049),99049,Bus Stop,1.3875137,103.9857393
Changi Lodge 2 (96429),96429,Bus Stop,1.3137345,103.9953482
Changi Naval Base (96439),96439,Bus Stop,1.3177236,104.0156302
Changi Prison (97049),97049,Bus Stop,1.3580306,103.9696924
Changi Village Hotel (99129),99129,Bus Stop,1.3900384,103.9867854
Changi Village Terminal (99009),99009,Bus Interchange,1.3894721,103.9878999
Changi Women's Prison (97059),97059,Bus Stop,1.3607514,103.97097
Chelsea Gardens Condominium (40201),40201,Bus Stop,1.3135219,103.8274576
Chem-Solv Technologies (24391),24391,Bus Stop,1.298149,103.664759
Cheng Lim Station Exit A (67429),67429,Bus Stop,1.3969698,103.8919094
Cheng Lim Station Exit B (67421),67421,Bus Stop,1.3965923,103.8922711
Chengtai Nursery (30091),30091,Bus Stop,1.3794052,103.7308795
Chia Hock Trading Co (26029),26029,Bus Stop,1.317805,103.647257
Chij Saint Joseph'S Convent (67111),67111,Bus Interchange,1.3910779,103.9023686
Chinatown Station Exit C (05013),05013,Bus Stop,1.2841021,103.8430394
Chinatown Station Exit E (05049),05049,Bus Stop,1.2852835,103.8445216
Chinese Garden (21659),21659,Bus Stop,1.338958,103.724101
Chinese Garden Station (28341),28341,Bus Stop,1.3425176,103.7326627
Chinese High School (41061),41061,Bus Stop,1.3270274,103.8057939
Choa Chu Kang Cemetery Office (31131),31131,Bus Stop,1.3720561,103.6901011
Choa Chu Kang Interchange,N/A,Bus Interchange,1.3857242,103.7452852
Choa Chu Kang Interchange (44009),44009,Bus Interchange,1.3858859,103.7454914
Choa Chu Kang Polyclinic (44299),44299,Bus Stop,1.3817937,103.7512631
Choa Chu Kang Road End (31009),31009,Bus Stop,1.3717139,103.6842934
Christ Church (84501),84501,Bus Stop,1.3331844,103.9159991
Christ Methodist Church (92151),92151,Bus Stop,1.3097959,103.9158779
Chuan Lim Construction (47169),47169,Bus Stop,1.461021,103.800789
Chuan Terrace (66121),66121,Bus Stop,1.3623393,103.8677473
Chubb Singapore (60021),60021,Bus Stop,1.3180374,103.8663755
Chugoku Marine Paints (25331),25331,Bus Interchange,1.3201494,103.6538195
Chung Cheng High School (59371),59371,Bus Stop,1.4202112,103.8377942
Chung Hwa Free Clinic (52251),52251,Bus Stop,1.3328824,103.8514334
Church Of Saint Mary (43199),43199,Bus Interchange,1.3466454,103.75922
Church Of Saint Vincent De Paul (67079),67079,Bus Interchange,1.3825281,103.8767211
Church of Our Lady of Lourdes (07589),07589,Bus Stop,1.303238,103.8553896
Citimac Industrial Complex (70141),70141,Bus Stop,1.333265,103.88737
Citipoint Industrial Complex (70269),70269,Bus Interchange,1.3282439,103.8901733
City Hall Station Exit B (04167),04167,Bus Stop,1.2927877,103.8517487
City Plaza (82109) (82109),82109,Bus Stop,1.3152114,103.8933389
Citylife@ Tampines (76541),76541,Bus Stop,1.3602618,103.9404621
Civil Defence Academy (31031),31031,Bus Stop,1.3657541,103.693208
Clariant Singapore (21531),21531,Bus Stop,1.33187,103.7163638
Clarke Quay (04211),04211,Bus Stop,1.2904609,103.8471469
Clarke Quay Station Exit E (04222),04222,Bus Stop,1.2890834,103.8472136
Clementi Flyover (17131),17131,Bus Stop,1.3079899,103.7659254
Clementi Interchange (17009),17009,Bus Interchange,1.3149567,103.764317
Clementi Stadium (17141),17141,Bus Stop,1.3109308,103.7635361
Clementi Station Exit A (17171),17171,Bus Stop,1.3149612,103.7650515
Clementi Station Exit B (17179),17179,Bus Stop,1.3153165,103.7653777
Cliveden At Grange (13179),13179,Bus Stop,1.2992672,103.8266155
Cold Storage Jelita (11291),11291,Bus Stop,1.3178672,103.7860595
Coll of Design & Engrg (16159),16159,Bus Stop,1.3006273,103.770192
Comfort Driving Centre (71079),71079,Bus Stop,1.3355762,103.8983025
Comfort Test Centre (71029),71029,Bus Stop,1.3359346,103.8945822
Comfortdelgro Corporation Limited (52069),52069,Bus Stop,1.3431053,103.8585482
Comfortdelgro Engineering (29119),29119,Bus Stop,1.300764,103.7471939
Comfortdelgro Engineering (47179),47179,Bus Stop,1.4583489,103.798771
Commonwealth Secondary School (20259),20259,Bus Stop,1.3197656,103.7449228
Commonwealth Station Exit A/D (11161),11161,Bus Stop,1.3020355,103.7983964
Commonwealth Station Exit B/C (11169),11169,Bus Stop,1.3026383,103.7983462
Compassvale Bus Interchange (67759),67759,Bus Interchange,1.3910806,103.8973275
Compassvale Station Exit A (67251),67251,Bus Stop,1.3944038,103.9003923
Compassvale Station Exit B (67259),67259,Bus Stop,1.3946087,103.9004644
Composite Tech (98161),98161,Bus Stop,1.3799147,103.9759229
Concorde Hotel Singapore (08138),08138,Bus Stop,1.3004608,103.8418596
Container Connections (25631),25631,Bus Stop,1.2903055,103.6313997
Containers Printers (23151),23151,Bus Interchange,1.327891,103.6848529
Coral Edge Station Exit A (65179),65179,Bus Stop,1.3942822,103.9118997
Coral Edge Station Exit B (65171),65171,Bus Stop,1.3945225,103.9120442
Coronation Plaza (41041),41041,Bus Stop,1.3240254,103.8102437
Corporation Place (21179),21179,Bus Stop,1.3259,103.7193712
Corporation Primary School (27471),27471,Bus Stop,1.3521674,103.7078247
Country Park (85021),85021,Bus Stop,1.3218681,103.9546757
Countryside Estate (55251),55251,Bus Stop,1.3910248,103.838678
Countryside Garden Playground (55361),55361,Bus Stop,1.3898571,103.8385841
Courts Ang Mo Kio (54049),54049,Bus Stop,1.3736076,103.8453038
Cove Station Exit A (65159),65159,Bus Stop,1.3990447,103.9060589
Cove Station Exit B (65151),65151,Bus Stop,1.3991335,103.9065501
Crescendo Building (93071),93071,Bus Stop,1.312932,103.9263102
Crescent Girls' School (10329),10329,Bus Stop,1.2936354,103.8159613
Crown Beverage Cans Singapore (25229),25229,Bus Stop,1.3337765,103.6516293
Crown Equipment (25589),25589,Bus Stop,1.3283105,103.6483919
Ctrl Lib (16181),16181,Bus Stop,1.2962628,103.7722258
Cycle & Carriage (20051),20051,Bus Stop,1.3225683,103.7476918
Cycle & Carriage (70071),70071,Bus Stop,1.3337716,103.898415
D'Ecosia (92279),92279,Bus Stop,1.3063752,103.9096728
DB Schenker (96231),96231,Bus Stop,1.3300919,103.9606208
DBS Asia Hub (96321),96321,Bus Stop,1.3321835,103.9653814
DHL (95179),95179,Bus Stop,1.3763735,104.0022628
DHL (96329),96329,Bus Stop,1.3320239,103.96526
DHdeco Private Limited (49041),49041,Bus Stop,1.4192064,103.7507256
DNV GL Laboratory (24259),24259,Bus Stop,1.3202421,103.6756978
DNV Technology Centre (18249),18249,Bus Stop,1.2907629,103.7871748
Da Di Glass (45051),45051,Bus Stop,1.4033412,103.7559765
Daikin Singapore (66341),66341,Bus Stop,1.3711259,103.8652151
Daiya Engineering (49151),49151,Bus Stop,1.4365107,103.7473796
Dakota Station Exit A/Blk 99 (81181),81181,Bus Stop,1.308452,103.888461
Dakota Station Exit B/Blk 60 (81189),81189,Bus Stop,1.3082181,103.8885963
Damai Station Exit A (65309),65309,Bus Stop,1.4050154,103.9091828
Damai Station Exit B (65301),65301,Bus Stop,1.4045163,103.909287
Damen Shipyard (26049),26049,Bus Stop,1.3148589,103.6427389
Dapolite Industrial (49181),49181,Bus Stop,1.4368982,103.7540664
Darul Ghufran Mosque (75129),75129,Bus Stop,1.3556461,103.9393944
Darul Makmur Mosque (59259),59259,Bus Stop,1.4372161,103.8337564
Delfi Orchard (09169),09169,Bus Stop,1.3070088,103.8283853
Delta Sports Hall (10261),10261,Bus Stop,1.2909141,103.8204759
Delta Swimming Complex (10199),10199,Bus Stop,1.2887127,103.819315
Dhoby Ghaut Station (08057),08057,Bus Stop,1.2993331,103.8452336
Dhoby Ghaut Station Exit B (08031),08031,Bus Stop,1.2982955,103.8452598
Dieppe Barracks (57061),57061,Bus Stop,1.4199447,103.8245135
Dover Court International School (19079),19079,Bus Interchange,1.3060228,103.7801396
Dover Station Exit A (19031),19031,Bus Stop,1.3111907,103.7784869
Dover Station Exit B (19039),19039,Bus Stop,1.3116573,103.7787705
Downtown East (78109),78109,Bus Stop,1.3753745,103.9539237
Downtown Station Exit E (03529),03529,Bus Stop,1.2793996,103.8527877
Dulwich Coll/Blk 445 (43769),43769,Bus Stop,1.3517275,103.7377531
Dulwich College (40321),40321,Bus Stop,1.3517382,103.7394816
Dundee Marine (24539),24539,Bus Stop,1.3049361,103.6554742
Dunman High School (90061),90061,Bus Stop,1.2981127,103.8823141
Dunman Secondary School (76271),76271,Bus Stop,1.3618507,103.9552094
Dunman Secondary School (76349),76349,Bus Stop,1.3605001,103.9555713
Dunman View (82121),82121,Bus Stop,1.309627,103.896686
Dyna-Mac Engineering Services (24369),24369,Bus Stop,1.3007934,103.6670025
Dynasty Lodge (11339),11339,Bus Stop,1.3240298,103.7921058
East Coast Apartments (92309),92309,Bus Stop,1.3082729,103.9126823
East Spring Secondary School (76469),76469,Bus Stop,1.3562946,103.9598078
Eastern Lagoon II (93139),93139,Bus Stop,1.312814,103.9338925
Eastwood Centre (85019),85019,Bus Stop,1.321356,103.9553157
Eden Condominium (76461),76461,Bus Stop,1.356088,103.959889
Edgen Murray (25709),25709,Bus Stop,1.2955409,103.6272397
Edwards Lifesciences (97161),97161,Bus Stop,1.347107,103.9677085
Eightrium (96419),96419,Bus Stop,1.3375847,103.9638477
Elias Mall (77079),77079,Bus Stop,1.3784024,103.9415432
Empire Technocentre (71299),71299,Bus Stop,1.3367073,103.9040418
Enabling Village (10431),10431,Bus Stop,1.2871586,103.8141009
Encompass Digital Media (98209),98209,Bus Stop,1.3822027,103.972299
Eng Hua Furniture Manufacturing Private Limited (45449),45449,Bus Stop,1.431887,103.7476128
Environment Building (40179),40179,Bus Stop,1.3113317,103.8368695
Esplanade Bridge (02111),02111,Bus Stop,1.2909385,103.85463
Esplanade Station Exit F (01619),01619,Bus Stop,1.2942894,103.8550459
Essec Business School (18149),18149,Bus Stop,1.3025297,103.7872359
Estella Gardens (98281),98281,Bus Stop,1.359681,103.9661555
Eunoia Junior College (53329),53329,Bus Stop,1.3615011,103.8405959
Eunos Bus Interchange,N/A,Bus Interchange,1.319343,103.9018906
Eunos Interchange (82009),82009,Bus Interchange,1.3195435,103.9023793
Eunos Station (83101),83101,Bus Stop,1.3206269,103.9049314
Eunos Station/ Interchange (82061),82061,Bus Interchange,1.3187513,103.9022721
Eunos Technolink (71081),71081,Bus Stop,1.3337483,103.9006141
Eurokars Centre (45161),45161,Bus Stop,1.4027667,103.7546947
Evangel Family Church (59409),59409,Bus Stop,1.4268015,103.8463976
Evergreen Garden (94011),94011,Bus Stop,1.3143667,103.9349772
Evergreen Primary School (46419),46419,Bus Stop,1.4435723,103.7940923
Evergreen Secondary School (46421),46421,Bus Stop,1.4408742,103.7935616
Excelsior Gardens (85031),85031,Bus Stop,1.324962,103.9523433
Expeditors (95189),95189,Bus Stop,1.3787184,104.0015134
Expo Halls 1/2/3 (96029),96029,Bus Stop,1.3332841,103.9562298
Expo Halls 4/5/6 (96039),96039,Bus Stop,1.335658,103.9585221
Expo Station Exit B (96301),96301,Bus Stop,1.3344493,103.9616359
Expo Station Exit E (96309),96309,Bus Stop,1.3343469,103.9618674
Extra Space (54519),54519,Bus Stop,1.372117,103.864539
Exxon Mobil (23269),23269,Bus Stop,1.3124428,103.6858506
Faber Garden (53089),53089,Bus Stop,1.364113,103.8282292
Fairfield Methodist Primary School (18111),18111,Bus Stop,1.3005616,103.7845243
Fairlodge (11239),11239,Bus Stop,1.3115371,103.8015611
Fajar Station (44771),44771,Bus Stop,1.3848566,103.7710455
Far East Plaza (09219),09219,Bus Stop,1.3071944,103.8331263
Farmway Station Exit A (67319),67319,Bus Stop,1.3973542,103.8889222
Farmway Station Exit B (67311),67311,Bus Stop,1.3969571,103.8898313
Farrer Park Station Exit A (50251),50251,Bus Stop,1.3124075,103.8548673
Farrer Park Station Exit D (50279),50279,Bus Stop,1.3124604,103.8525969
Farrer Park Tennis Centre (50351),50351,Bus Stop,1.3121765,103.8485664
Farrer Road Market (11101),11101,Bus Stop,1.3161644,103.8059669
Farrer Road Station Exit A (11119),11119,Bus Stop,1.3172601,103.8076542
Farrer Road Station Exit B (11111),11111,Bus Stop,1.3176998,103.8076665
Fengshan Primary School (84349),84349,Bus Stop,1.3308905,103.9323411
Fernvale Primary School (67499),67499,Bus Stop,1.3906746,103.8746821
Fernvale Station/Blk 439A (67481),67481,Bus Stop,1.3914916,103.877615
Ferrell Residences (40111),40111,Bus Stop,1.3180035,103.8327524
First Toa Payoh Primary School (52371),52371,Bus Stop,1.3399067,103.8565175
Flame Tree Park (53079),53079,Bus Stop,1.3608443,103.8286996
Flamingo Valley (83249),83249,Bus Stop,1.3178938,103.9217091
Flextronic (85079),85079,Bus Stop,1.3339279,103.9501315
Flora East (82181),82181,Bus Stop,1.314217,103.905838
Forest Hills Condominium (57021),57021,Bus Stop,1.4041175,103.8184038
Forest Woods (62149),62149,Bus Stop,1.3516881,103.8759535
Forett @ Bukit Timah (42221),42221,Bus Stop,1.3395494,103.7679047
Former Railway Station (14069),14069,Bus Stop,1.2726429,103.8369665
Fort Canning Station Exit B (04339),04339,Bus Stop,1.292581,103.8446089
Framo Singapore Private Limited (26211),26211,Bus Stop,1.2909354,103.6367825
Franklin Offshore (29081),29081,Bus Stop,1.3018201,103.7527961
Fu Lu Shou Complex (07551),07551,Bus Stop,1.3024953,103.8546257
Fuchun Community Club (45591),45591,Bus Stop,1.4292472,103.774879
Fuji Oil Singapore (47131),47131,Bus Stop,1.4665914,103.8021712
Fujifilm (25539),25539,Bus Stop,1.332246,103.6450586
Fujitec Singapore Limited (84129),84129,Bus Stop,1.318711,103.931562
Fullerton Square (03011),03011,Bus Stop,1.2856184,103.8534222
GE Aircraft Engines (98141),98141,Bus Stop,1.376016,103.9741537
GE Keppel Energy Services (24381),24381,Bus Stop,1.3067047,103.6655197
GES Singapore (46161),46161,Bus Stop,1.4453358,103.7756103
Galen (16121),16121,Bus Stop,1.2863788,103.7835947
Gali Batu Bus Terminal,N/A,Bus Interchange,1.391692,103.7557207
Gali Batu Terminal (44989),44989,Bus Interchange,1.3911638,103.7558004
Gambas Avenue (58579),58579,Bus Stop,1.4414518,103.8170169
Gambas Avenue (58589),58589,Bus Stop,1.443534,103.813173
Gambir Ridge (62099),62099,Bus Stop,1.3441308,103.8756112
Gan Eng Seng Secondary School (10241),10241,Bus Stop,1.2906013,103.8236232
Ganges Centre (10221),10221,Bus Stop,1.2903162,103.8311026
Gardens by the Bay (03371),03371,Bus Stop,1.2806854,103.8667252
Gardens by the Bay Exit 1 (03369),03369,Bus Stop,1.2801289,103.8689708
Gardens by the Bay Exit 2 (03361),03361,Bus Stop,1.279917,103.868895
Garlick Ville (11341),11341,Bus Stop,1.3256627,103.7928991
Garmco (25551),25551,Bus Stop,1.3255126,103.6459431
Gas Service International (29071),29071,Bus Interchange,1.3042704,103.7517482
Gek Poh Shopping Centre (27389),27389,Bus Stop,1.3484711,103.6980276
German Centre (28229),28229,Bus Stop,1.3253615,103.7459174
Geylang Methodist Primary School (81209),81209,Bus Stop,1.318445,103.8841431
Geylang Polyclinic (81211),81211,Bus Stop,1.319043,103.886678
Geylang West Community Club (80319),80319,Bus Stop,1.3149059,103.8726948
Ghim Moh Terminal (11009),11009,Bus Interchange,1.3110875,103.7893016
Giant Hypermarket (75609),75609,Bus Stop,1.3733923,103.9320214
Givaudan (22011),22011,Bus Stop,1.3213094,103.707772
Givaudan (22021),22021,Bus Stop,1.3217077,103.703567
Givaudan Singapore (46719),46719,Bus Stop,1.45487,103.8010781
Glad Tidings Church (63049),63049,Bus Stop,1.3622172,103.887546
GlaxoSmithKline (25701),25701,Bus Stop,1.295526,103.6275886
Glendale Park Condominium (43271),43271,Bus Stop,1.3621905,103.7657887
Globalfoundries (46049),46049,Bus Stop,1.4368921,103.7646451
Globalfoundries/After Bke (46059),46059,Bus Stop,1.4388405,103.7666859
Gloria Mansion (16029),16029,Bus Stop,1.2861363,103.7802773
Golden Heights (66401),66401,Bus Stop,1.3493458,103.8661035
Golden Hill Estate (66091),66091,Bus Stop,1.3545573,103.8613918
Golden Mile Complex (01429),01429,Bus Stop,1.3031768,103.865069
Golden Pagoda Temple (74049),74049,Bus Stop,1.3684818,103.9300968
Goldenhill Park Condominium (66701),66701,Bus Stop,1.3523585,103.863029
Government Chalets (99101),99101,Bus Stop,1.391335,103.981756
Grace Independent Church (96081),96081,Bus Stop,1.3365005,103.9554827
Gracehaven S Army (64109),64109,Bus Stop,1.3720123,103.8769075
Gramercy Park (13171),13171,Bus Stop,1.299077,103.8264692
Grand Copthorne Hotel (06129),06129,Bus Stop,1.2907348,103.8344438
Grand Park City Hall (04149),04149,Bus Stop,1.292744,103.849851
Grandlink Square (81139),81139,Bus Stop,1.3143713,103.8919673
Grange 80 Condominium (13169),13169,Bus Stop,1.2991199,103.8282999
Great Eastern Mansions (11219),11219,Bus Stop,1.309858,103.8071773
Great World Station Exit 3 (13119),13119,Bus Stop,1.2939608,103.8326152
Great World Station Exit 4 (13079),13079,Bus Stop,1.2962012,103.8326038
Great World Station Exit 5 (13071),13071,Bus Stop,1.2963959,103.8330486
Greendale Primary School (65429),65429,Bus Stop,1.3967443,103.9120865
Greenridge Secondary School (44929),44929,Bus Stop,1.3826892,103.7730926
Greenview Secondary School (78141),78141,Bus Stop,1.3700834,103.9637137
Grosvenor View (83351),83351,Bus Stop,1.3276526,103.9121712
Grundfos (21481),21481,Bus Stop,1.325985,103.7121271
Gsk (24441),24441,Bus Stop,1.3074242,103.6606077
Guangyang Secondary School (53401),53401,Bus Stop,1.3453717,103.8505541
Gul Camp (24411),24411,Bus Stop,1.302425,103.6617338
Gul Circle Station Exit A (24511),24511,Bus Stop,1.3193771,103.6607114
Gul Circle Station Exit B (24519),24519,Bus Stop,1.3200459,103.6608196
Gulab Building (70109),70109,Bus Stop,1.3295044,103.8741108
Hall 1 (27281),27281,Bus Stop,1.345733,103.687788
Hall 11 (27199),27199,Bus Stop,1.3543481,103.6869682
Hall 12 (27031),27031,Bus Stop,1.3518298,103.6805976
Hall 15 (27021),27021,Bus Stop,1.3532129,103.6820236
Hall 2 (27311),27311,Bus Stop,1.3488377,103.6855902
Hall 4 (27261),27261,Bus Stop,1.3437426,103.6869914
Hall 8 (27209),27209,Bus Stop,1.351471,103.685709
Halliburton (25741),25741,Bus Stop,1.2804936,103.6271255
HarbourFront Interchange (14009),14009,Bus Interchange,1.2668372,103.8192681
HarbourFront Station/Vivocity (14141),14141,Bus Stop,1.2654918,103.8219211
Harbourfront Station Exit A (14129),14129,Bus Stop,1.2660551,103.8199351
Harbourside Industrial Building 2 (15169),15169,Bus Stop,1.2748067,103.7967587
Hart Engineering Private Limited (25351),25351,Bus Stop,1.323965,103.653073
Havelock Station Exit 2 (06071),06071,Bus Stop,1.2867174,103.8335864
Havelock Station Exit 3 (06081),06081,Bus Stop,1.2881891,103.8335284
Havelock Station Exit 4 (06149),06149,Bus Stop,1.2898236,103.8341127
Havelock Station Exit 5 (06141),06141,Bus Stop,1.2896326,103.8338887
Haw Par Villa Station (16019),16019,Bus Stop,1.2827224,103.7822668
Haw Par Villa Station (16229),16229,Bus Stop,1.2830573,103.7815909
Hdb Carpark (70089),70089,Bus Stop,1.331877,103.89444
Headquarters 5th SIB Camp I (31089),31089,Bus Stop,1.3799803,103.6971411
Headquarters 6 Division (24559),24559,Bus Stop,1.3008132,103.6574521
Heavy Vehicle Park (45021),45021,Bus Stop,1.393281,103.7538971
Hemsley Avenue (66241),66241,Bus Stop,1.3688963,103.8656297
Heng Mui Keng Terrace (16069),16069,Bus Stop,1.2906448,103.7736872
Henry Park (12149),12149,Bus Stop,1.3157848,103.7825961
Hiap Seng Engineering Limited (26031),26031,Bus Stop,1.3155166,103.645321
Hiap Seng Engineering Limited (26041),26041,Bus Stop,1.3147284,103.643054
Hiap Teck Metal Co (24671),24671,Bus Stop,1.309579,103.661231
High Street Centre (04229),04229,Bus Stop,1.2904649,103.8487542
Highgate Park (42211),42211,Bus Stop,1.3397451,103.7656604
Highland Centre (63159),63159,Bus Stop,1.355167,103.8770187
Hillbrooks (43251),43251,Bus Stop,1.3585202,103.7631432
Hillbrooks (43309),43309,Bus Stop,1.3587304,103.7620308
Hillington Green Condominium (43268),43268,Bus Stop,1.3604377,103.7642651
Hillview Apartments (43249),43249,Bus Stop,1.3557558,103.7621065
Hillview Green (43819),43819,Bus Stop,1.3581795,103.7651298
Hillview Heights (43267),43267,Bus Stop,1.3613998,103.7645734
Hillview House (43289),43289,Bus Stop,1.3573933,103.7615075
Hillview Station (43061),43061,Bus Stop,1.3630364,103.7673402
Hillview Station Exit A (43069),43069,Bus Stop,1.3627474,103.7677137
Hitachi (22151),22151,Bus Stop,1.321008,103.6962788
Hitachi Elevator Building (28679),28679,Bus Stop,1.3366037,103.751058
Hoa Nam Building (07329),07329,Bus Stop,1.3128739,103.8598637
Hockey Stadium (67541),67541,Bus Stop,1.3947838,103.8864982
Hoe Keng Motor (23509),23509,Bus Stop,1.3246731,103.6955824
Holland V Station Exit A (11419),11419,Bus Stop,1.3110298,103.79604
Holland V Station/Blk12 (11401),11401,Bus Stop,1.3090297,103.794964
Holland Village (11261),11261,Bus Stop,1.3122059,103.7944888
Home Team Academy (30049),30049,Bus Stop,1.3743118,103.7238234
HomeTeamNS (43649),43649,Bus Stop,1.3654401,103.7505822
HomeTeamNS Bedok (72171),72171,Bus Stop,1.3424208,103.9187276
Honey Well (98229),98229,Bus Stop,1.3779482,103.9747022
Honeywell Building (96401),96401,Bus Stop,1.3370377,103.9660507
Hong Hang Building (24339),24339,Bus Stop,1.3083571,103.6688759
Hong Lim Park (05059),05059,Bus Stop,1.2868112,103.8458025
Horizon Gardens (56259),56259,Bus Stop,1.3767441,103.834676
Horizon Primary School (65411),65411,Bus Stop,1.3994654,103.9138187
Horizon Residences (16209),16209,Bus Stop,1.2815824,103.7840074
Hotel Faber Park (14159),14159,Bus Stop,1.2699557,103.8131484
Hotel Grand Pacific (01012),01012,Bus Stop,1.2968507,103.852543
Hotel Miramar (06151),06151,Bus Stop,1.2887164,103.8374038
Hotel Royal (50069),50069,Bus Stop,1.3170216,103.8416478
Hougang 1 (64491),64491,Bus Stop,1.3751364,103.8790653
Hougang 1/Opposite Blk 931A (64081),64081,Bus Stop,1.3759365,103.8800572
Hougang Central Interchange (64009),64009,Bus Interchange,1.3708351,103.8925345
Hougang Central Interchange (64541),64541,Bus Interchange,1.3712039,103.892751
Hougang Green Shop Mall (64441),64441,Bus Stop,1.379864,103.888176
Hougang Polyclinic (64529),64529,Bus Stop,1.3697946,103.8894131
Hougang Primary School (64091),64091,Bus Stop,1.3774618,103.8814635
Hougang Secondary School (64099),64099,Bus Stop,1.3778703,103.8816348
Hougang Secondary School (64251),64251,Bus Stop,1.37719,103.88271
Hougang Station Exit C (64381),64381,Bus Stop,1.3728942,103.8917511
Hougang Swimming Complex (63359),63359,Bus Stop,1.3693587,103.8877553
House No. 45 (42309),42309,Bus Stop,1.3380751,103.7689038
House No. 532 (11311),11311,Bus Stop,1.3198003,103.7891105
House No. 578 (11301),11301,Bus Stop,1.3179262,103.7877912
House No. 589 (11309),11309,Bus Stop,1.3184899,103.7883856
Hua Guan Gardens (42049),42049,Bus Stop,1.3357888,103.7846461
Hua Xin Court (93041),93041,Bus Stop,1.3113087,103.933593
Hua Yu Mansions (83361),83361,Bus Stop,1.3284858,103.9144737
Hub Synergy Point (03222),03222,Bus Interchange,1.2739784,103.8448956
Hume Station Exit 1 (43041),43041,Bus Stop,1.3558022,103.7684528
Hup Leck Heavy Equipment (21479),21479,Bus Stop,1.3267585,103.7156689
IKEA Tampines (75359),75359,Bus Stop,1.3742412,103.9313783
IKEA Tampines (75601),75601,Bus Stop,1.373503,103.931982
IMM Building (28659),28659,Bus Stop,1.3346534,103.7477423
ISS International School (14211),14211,Bus Interchange,1.2816075,103.8052288
ITE College Central (54481),54481,Bus Stop,1.3760163,103.8558226
ITE College East Admin Blk (96119),96119,Bus Stop,1.333724,103.953728
ITE College East Tec Blk (96079),96079,Bus Stop,1.335401,103.953477
Ibis Singapore On Bencoolen (07517) (07517),07517,Bus Stop,1.3015435,103.8526305
Infinite Studios (18211),18211,Bus Stop,1.2919843,103.7952561
Information Technology (16189),16189,Bus Stop,1.297221,103.7727018
Innova Primary School (58461),58461,Bus Stop,1.4296559,103.79044
Institute Of Micro-Electronics (16101),16101,Bus Stop,1.2892086,103.7798976
International Business Park (28309),28309,Bus Interchange,1.3263214,103.7459154
Invista (25561),25561,Bus Stop,1.3182698,103.6376241
J Gateway (28061),28061,Bus Stop,1.335829,103.742678
JB Industrial Private Limited (24199),24199,Bus Stop,1.3130777,103.6599555
Jackson Square (52229),52229,Bus Stop,1.3376729,103.8487907
Jackson Square (52271),52271,Bus Stop,1.3366923,103.8498393
Jalan Besar Station Exit A (07529),07529,Bus Stop,1.3045043,103.8548777
Jalan Kayu Shophouse (68031),68031,Bus Stop,1.3970347,103.8730712
Jalan Rumah Tinggi Bus Terminal,N/A,Bus Interchange,1.288755,103.8092623
Jamiyah Halfway House (16059),16059,Bus Stop,1.2898849,103.7753714
Jas Metal Coatings (25369),25369,Bus Stop,1.3251626,103.6515147
Jiemin Primary School (59309),59309,Bus Stop,1.4282451,103.8306303
Joo Chiat Complex (82049),82049,Bus Stop,1.3163503,103.8989488
Joo Chiat Place (82171),82171,Bus Stop,1.3137965,103.9030849
Joo Koon Bus Interchange,N/A,Bus Interchange,1.3267444,103.6783931
Joo Koon Interchange (24009),24009,Bus Interchange,1.3269911,103.6782827
Joo Koon Station Exit A (23499),23499,Bus Stop,1.3275286,103.6781295
Joo Koon Station Exit B (23491),23491,Bus Stop,1.3279319,103.6777663
Jordon Food Industrial (46891),46891,Bus Stop,1.4482533,103.8070176
Junction 10 (44041),44041,Bus Stop,1.3808586,103.7604084
Junyuan Primary School (76281),76281,Bus Stop,1.347622,103.938478
Jurong Abattoir (21071),21071,Bus Stop,1.3139328,103.7223063
Jurong Camp (23049),23049,Bus Stop,1.334194,103.6907069
Jurong East Interchange (28009),28009,Bus Interchange,1.3318982,103.7409497
Jurong East Library (28249),28249,Bus Stop,1.3326254,103.7390574
Jurong East WaRehabilitatione (28669),28669,Bus Stop,1.3364617,103.7493575
Jurong Inspection Centre (24689),24689,Bus Stop,1.3114978,103.6589258
Jurong Island Checkpoint (21099),21099,Bus Interchange,1.3100779,103.7113392
Jurong Lake (28361),28361,Bus Stop,1.3442428,103.727428
Jurong Polyclinic (28499),28499,Bus Stop,1.3495858,103.730591
Jurong Port Workshops (21149),21149,Bus Stop,1.3156339,103.7198671
Jurong Secondary School (21579),21579,Bus Stop,1.3300999,103.7231651
Jurong Secondary School (21751),21751,Bus Stop,1.3308199,103.7248016
Jurong Shipyard (22331),22331,Bus Stop,1.304904,103.703161
Jurong Shipyard (23451),23451,Bus Stop,1.3040432,103.697306
Jurong Town Hall (28231),28231,Bus Stop,1.3298165,103.7425851
Jurong Town Hall Bus Interchange,N/A,Bus Interchange,1.3298112,103.7437224
Jurong Town Hall Interchange (29009),29009,Bus Interchange,1.330212,103.7433
Jurong West Primary School (22539),22539,Bus Stop,1.3392607,103.6984066
Jurong West Sub-Station (22419),22419,Bus Stop,1.3462641,103.7030695
Juying Primary School (27149),27149,Bus Stop,1.3390708,103.68859
K.U.S. Holdings (47189),47189,Bus Stop,1.458926,103.8011931
KF1 Karting Circuit (45129),45129,Bus Stop,1.4238338,103.7587175
KLA Corporation (66599),66599,Bus Stop,1.3733115,103.8684096
Kadaloor Station Exit A (65329),65329,Bus Stop,1.3999112,103.9162493
Kadaloor Station Exit B (65321),65321,Bus Stop,1.3993112,103.9166662
Kaki Bukit Autohub (71331),71331,Bus Stop,1.3368334,103.9009572
Kaki Bukit Industrial Estate (72051),72051,Bus Stop,1.3334449,103.9041746
Kaki Bukit Station Exit A (72039),72039,Bus Stop,1.3354864,103.9098925
Kallang Basin Swimming Complex (60069),60069,Bus Stop,1.3233894,103.8725183
Kallang Squash Centre (80181),80181,Bus Stop,1.3051693,103.8797653
Kallang Station (80031),80031,Bus Stop,1.31118,103.8714218
Kallang Station/Opposite Blk 2C (80101),80101,Bus Stop,1.3129273,103.8713795
Kampong Bahru Terminal (10499),10499,Bus Interchange,1.2756451,103.833365
Kampung Kembangan Community Club (83331),83331,Bus Stop,1.3235038,103.9127329
Kampung Ubi Community Club (82229),82229,Bus Stop,1.3175316,103.90053
Kandang Kerbau Women & Children Hospital (40101),40101,Bus Stop,1.3100843,103.8476439
Kandang Kerbau Women & Children Hospital (40279),40279,Bus Stop,1.3098882,103.8460705
Kangkar Station Exit A (67159),67159,Bus Stop,1.3843258,103.9023457
Kangkar Station Exit B (67151),67151,Bus Stop,1.3835346,103.9022099
Katong Park Towers (91059),91059,Bus Stop,1.3005211,103.88835
Katong Shopping Centre (92101),92101,Bus Stop,1.3036971,103.9012904
Keat Hong Camp (30029),30029,Bus Stop,1.3741445,103.7170482
Kee Wee Hup Kee (25501),25501,Bus Stop,1.3337878,103.6436491
Kembangan Station (83062),83062,Bus Stop,1.3209547,103.9133389
Kembangan Station (83321),83321,Bus Stop,1.3217676,103.9136261
Keming Primary School (43181),43181,Bus Stop,1.3464749,103.7568172
Kent Ridge Secondary School (17031),17031,Bus Stop,1.3017059,103.7657106
Kent Ridge Station (15131),15131,Bus Stop,1.2925676,103.7844452
Kent Ridge Station Exit B (15139),15139,Bus Stop,1.2924161,103.7846398
Kent Ridge Stn Exit A/NUH (18331),18331,Bus Stop,1.2948179,103.784376
Kent Ridge Terminal (16009),16009,Bus Interchange,1.2942452,103.7696798
Kentish Green (50301),50301,Bus Stop,1.3158403,103.8518319
Kentish Lodge (50261),50261,Bus Stop,1.316057,103.8532634
Keppel Distripark Blk 517 (14109),14109,Bus Stop,1.268051,103.8271284
Keppel Distripark Blk 519 (14231),14231,Bus Stop,1.270981,103.826673
Keppel Logistics (23231),23231,Bus Stop,1.3093463,103.6750388
Keppel Logistics (23369),23369,Bus Stop,1.3190081,103.6791479
Keppel Offshore & Marine (23399),23399,Bus Stop,1.3053088,103.6923372
Keppel Shipyard (23311),23311,Bus Stop,1.3017956,103.6774878
Keppel Shipyard (24349),24349,Bus Stop,1.2956063,103.6708891
Keppel Shipyard (24549),24549,Bus Stop,1.3027205,103.6553807
Keppel Workshop (14071),14071,Bus Stop,1.272105,103.834151
Kew Green Condominium (94061),94061,Bus Stop,1.3184353,103.9513707
Khalsa Crescent Drug Rehabilitationb Centre (47021),47021,Bus Stop,1.4511385,103.7832683
Khatib Camp (57079),57079,Bus Stop,1.4244204,103.8256806
Khatib Camp (59549),59549,Bus Stop,1.4231875,103.8304541
Khatib Station Exit D (59569),59569,Bus Stop,1.4183819,103.8331345
Khoo Teck Puat Hospital (59341),59341,Bus Stop,1.4237302,103.8387388
KiddiWinkie S/H @ East Coast (92141),92141,Bus Stop,1.3094339,103.9142672
KiddiWinkie S/H @ Mountbatten (91041),91041,Bus Stop,1.3009881,103.8864881
Kim Hock Corporation Private Limited (49019),49019,Bus Stop,1.4105097,103.752469
King Albert Park (42061),42061,Bus Stop,1.3368873,103.7803212
King Albert Park Station (42051),42051,Bus Stop,1.3359688,103.782674
Kolam Ayer Industrial Estate (60071),60071,Bus Stop,1.3271971,103.8703953
Kong Hwa School (81151),81151,Bus Stop,1.3115432,103.8878575
Kovan Hub (63221),63221,Bus Stop,1.3586537,103.8856834
Kovan Sports Centre (63229),63229,Bus Stop,1.357576,103.8850684
Kovan Station Exit B (63031),63031,Bus Stop,1.3605528,103.8852523
Kovan Station Exit C (63039),63039,Bus Stop,1.3600974,103.8853529
Kranji Lodge 1 (46031),46031,Bus Stop,1.4335603,103.7619107
Kranji Reservoir Park B (49199),49199,Bus Stop,1.4383223,103.7357363
Kranji Station (45139),45139,Bus Stop,1.4253079,103.7618818
Kranji War Memorial (45119),45119,Bus Stop,1.4218155,103.7560214
Kranji Water Reclam Plt (49109),49109,Bus Stop,1.4297681,103.7561469
Krislite Building (98121),98121,Bus Stop,1.372018,103.9701807
Kuo Chuan Presbyterian School (53279),53279,Bus Stop,1.3496721,103.8539341
Kwong Wai Shiu Hospital (60101),60101,Bus Stop,1.3177673,103.8600369
Kyocera Chemical (25061),25061,Bus Stop,1.3275313,103.6453166
LTA Sin Ming Office (53509),53509,Bus Stop,1.356831,103.8365
LTH Logistics (29049),29049,Bus Stop,1.3060069,103.7367235
Labrador Park Station (15141),15141,Bus Stop,1.2727917,103.8009606
Lagoon View (93049),93049,Bus Stop,1.3107478,103.9329671
Laguna National Country Club (96241),96241,Bus Stop,1.3274993,103.967049
Lakepoint Condominium (21219),21219,Bus Interchange,1.3400738,103.7162796
Lakeside Station (28091),28091,Bus Stop,1.3443033,103.7201466
Lamp Post 137 (64149),64149,Bus Stop,1.3651073,103.9089673
Lamp Post 159 (48039),48039,Bus Stop,1.4106999,103.7833102
Lamp Post 162 (48031),48031,Bus Stop,1.4110791,103.7832448
Lamp Post 30 (15109),15109,Bus Stop,1.2859136,103.7858325
Lamp Post 52 (40261),40261,Bus Stop,1.3412469,103.8270538
Lamp Post 57 (40269),40269,Bus Stop,1.3410361,103.826658
Lamp Post 94 (55289),55289,Bus Stop,1.3983879,103.8290579
Landmark Village Hotel (01559),01559,Bus Stop,1.3016255,103.8574936
Lavender Station Exit A/ICA (01319),01319,Bus Stop,1.307462,103.8631951
Lavender Station Exit B (01311),01311,Bus Stop,1.3075102,103.8626701
Layar Station Exit A/Blk 417A (67479),67479,Bus Stop,1.3919904,103.8802995
Layar Station Exit B (67471),67471,Bus Stop,1.3922236,103.8802808
Le Crescendo (70271),70271,Bus Stop,1.3307163,103.8892872
Lea Hin Hardware Factory (11539),11539,Bus Stop,1.291201,103.8079948
Lee Wee Nam Library (27211),27211,Bus Stop,1.3477611,103.6802749
Lee Welded Mesh (25559),25559,Bus Stop,1.3256383,103.6458823
Leedon Green (11091),11091,Bus Stop,1.312136,103.8036655
Leng Kwang Baptist Church (40071),40071,Bus Stop,1.3191619,103.8291922
Lentor Station Exit 3 (55341),55341,Bus Stop,1.3849941,103.8366915
Lentor Station Exit 5 (55349),55349,Bus Stop,1.3846755,103.8366227
Leroy-Somer (23129),23129,Bus Stop,1.3246743,103.6855887
Lian Aik Siong Machinery (47129),47129,Bus Stop,1.4637167,103.8029717
Liang Huat Industrial Complex (24019),24019,Bus Stop,1.3229005,103.6772208
Lien Towers (11221),11221,Bus Stop,1.310039,103.8053852
Lighthouse (78251),78251,Bus Stop,1.3782325,103.9595508
Lighthouse School (52211),52211,Bus Stop,1.3385597,103.8416724
Lim Seng Tjoe Building (LT 27) (18301),18301,Bus Stop,1.2974065,103.7809895
Lion Home For Elders (84149),84149,Bus Stop,1.3205562,103.938363
Lip Guan Industrial (49129),49129,Bus Stop,1.4349408,103.7552055
Little India Bus Terminal,N/A,Bus Interchange,1.3076632,103.8499415
Little India Station (40019),40019,Bus Stop,1.3066226,103.8492138
Little India Station Exit A (40011),40011,Bus Stop,1.3059617,103.8491389
Lloyd Leas Work Rel Camp (97069),97069,Bus Stop,1.3651184,103.9752851
Logishub @ Clementi (12201),12201,Bus Stop,1.326568,103.764042
Long Kuan Hung Crocodile Farm (49229),49229,Bus Stop,1.4403654,103.73212
Lorong 1 Geylang Terminal (80009),80009,Bus Interchange,1.310812,103.8718172
Lorong Chuan Station Exit A (66391),66391,Bus Stop,1.3510547,103.8647977
Lorong Chuan Station Exit B (66709),66709,Bus Stop,1.3522571,103.8631835
Lot 1/Choa Chu Kang Station (44539),44539,Bus Stop,1.3846149,103.7449595
Loyang Industrial Estate (98231),98231,Bus Stop,1.3711988,103.9717752
Loyang Point (98101),98101,Bus Interchange,1.3670723,103.9654027
Loyang Point/Opposite Blk 256 (98119),98119,Bus Interchange,1.3671966,103.964394
Loyang Valley (98049),98049,Bus Stop,1.3685356,103.9693756
Loyang Way/Soxal (98071),98071,Bus Stop,1.3797344,103.978445
Lutheran Towers (41111),41111,Bus Stop,1.32084,103.811919
M.C. Packaging Private Limited (24011),24011,Bus Stop,1.3222947,103.6776512
MAN Diesel (25181),25181,Bus Stop,1.3237792,103.6588962
MES Logistic Hub (23131),23131,Bus Stop,1.325431,103.684053
MOM Services Centre (60079),60079,Bus Stop,1.326953,103.869445
MOM Services Centre (60179),60179,Bus Stop,1.3261789,103.8683529
MacPherson Green Condominium (70149),70149,Bus Stop,1.3328288,103.8864731
MacPherson Station Exit A (70371),70371,Bus Stop,1.3263258,103.8894
MacPherson Station Exit B (70259),70259,Bus Stop,1.3250131,103.8907079
MacPherson Station Exit C (70251),70251,Bus Stop,1.3249797,103.8904199
MacRitchie Reservoir (51071),51071,Bus Stop,1.3421866,103.8359443
Maha Bodhi School (71109),71109,Bus Stop,1.3283439,103.9025843
Maju Camp (12081),12081,Bus Stop,1.3258781,103.7751147
Man Fatt Lam Temple (85041),85041,Bus Stop,1.3264289,103.9512105
Mandai Agrotech Park (48051),48051,Bus Stop,1.4153033,103.7974406
Mandai CD Training Village (45189),45189,Bus Stop,1.4113257,103.7610231
Mandai Camp 2 (48019),48019,Bus Stop,1.4104483,103.7754616
Mandai Crematorium & Columbarium (48149),48149,Bus Stop,1.4151038,103.8110343
Mandai Crematorium (48071),48071,Bus Stop,1.412143,103.8057131
Mandai Police Training Camp (45199),45199,Bus Stop,1.4103285,103.7632686
Mandarin Gardens (93029),93029,Bus Stop,1.3085655,103.9250448
Mapletree Anson (03241),03241,Bus Stop,1.2746885,103.8454471
Mapletree Business City (15159),15159,Bus Stop,1.2742433,103.7984766
Mapletree Logistics (25329),25329,Bus Stop,1.3178175,103.656474
Mapletree Logistics Hub (23211),23211,Bus Stop,1.3178907,103.6892696
Maranatha Hall (82139),82139,Bus Stop,1.309397,103.899384
Marina Bay Cruise Centre (03421),03421,Bus Stop,1.2670131,103.8595933
Marina Bay Financial Centre (03391),03391,Bus Stop,1.2803633,103.8550835
Marina Bay Sands Theatre (03501),03501,Bus Stop,1.2849222,103.8606279
Marina Bay Station (03539),03539,Bus Stop,1.2779108,103.8552258
Marina Centre Terminal (02099),02099,Bus Interchange,1.29116,103.8621572
Marina Country Club (65641),65641,Bus Stop,1.4153186,103.8998267
Marina South Pier Station (03419),03419,Bus Stop,1.2711924,103.8629454
Marine Cove (92289),92289,Bus Stop,1.301795,103.912822
Marine Parade Station Exit 2 (92041),92041,Bus Stop,1.3026338,103.9049116
Marine Parade Station Exit 4 (92051),92051,Bus Stop,1.3046183,103.907833
Marine Parade Station Exit 6 (92059),92059,Bus Stop,1.3042167,103.9076791
Marine Parade Station/Parkway Parade (92049),92049,Bus Stop,1.3030316,103.9059231
Marine Terrace Station Exit 1 (92079),92079,Bus Stop,1.3065802,103.9148661
Marine Terrace Station Exit 4 (92071),92071,Bus Stop,1.306815,103.914746
Marine Terrace Station/Katong Convent (92089),92089,Bus Stop,1.3071917,103.9176472
Maritime House (05521),05521,Bus Stop,1.2766743,103.8405598
Markono Holdings (22039),22039,Bus Stop,1.3228363,103.6984727
Marshall Lane (92171),92171,Bus Stop,1.3083308,103.9030857
Marsiling Community Club (46119),46119,Bus Stop,1.4409803,103.772643
Marsiling Lane Market/Food Centre (46129),46129,Bus Stop,1.4437309,103.7767858
Marsiling Mall (46541),46541,Bus Stop,1.4332503,103.780787
Marsiling Park (46509),46509,Bus Stop,1.4380536,103.7709584
Marsiling Primary School (46511),46511,Bus Stop,1.4343972,103.77256
Marsiling Station (46521),46521,Bus Stop,1.4323846,103.7742493
Marymount Station (53121),53121,Bus Stop,1.3501476,103.8394768
Marymount View (53139),53139,Bus Stop,1.3526411,103.8405155
Masjid Kassim (83059),83059,Bus Stop,1.3189547,103.912422
Masterdon (47099),47099,Bus Stop,1.4638464,103.8051238
Maxsteel Enterprise (47109),47109,Bus Stop,1.4660732,103.8086713
Maxwell Station Exit 2 (05269),05269,Bus Stop,1.2810109,103.8446487
Mayflower Secondary School (54211),54211,Bus Stop,1.3686557,103.8363727
Mayflower Station Exit 2 (54191),54191,Bus Stop,1.3740515,103.8373109
Mayflower Station Exit 5 (54189),54189,Bus Stop,1.3705231,103.8367964
Mayflower Station Exit 6 (54181),54181,Bus Stop,1.3704748,103.8365533
Mazak Singapore (24029),24029,Bus Stop,1.3224793,103.6713173
Meadows @ Peirce (56049),56049,Bus Stop,1.3795305,103.8277392
Mediacorp Campus (18201),18201,Bus Stop,1.2949332,103.7931717
Meiban Industrial Building (71221),71221,Bus Stop,1.3263071,103.8933098
Melati Blk 2 (10399),10399,Bus Stop,1.2758226,103.8301464
Melville Park (96129),96129,Bus Stop,1.3474085,103.9579652
Menlo Worldwide (95181),95181,Bus Stop,1.376997,104.0018801
Mera Terrace Playground (96069),96069,Bus Stop,1.3466611,103.9631047
Mercedes-Benz Logistics (25151),25151,Bus Stop,1.3290932,103.6533031
Merck Sharp & Dohme (25609),25609,Bus Stop,1.3019521,103.634511
Meridian Station Exit A (65169),65169,Bus Stop,1.3964375,103.9092707
Meridian Station Exit B (65161),65161,Bus Stop,1.3972847,103.9086958
Meritor Heavy Vehicle Systems (24021),24021,Bus Stop,1.321823,103.670891
Metall-Treat Industrial (24651),24651,Bus Stop,1.3149247,103.6688034
Metta Welfare Association (96121),96121,Bus Stop,1.3471737,103.9577721
Michelman (25511),25511,Bus Stop,1.329783,103.6408385
Midview Building (43311),43311,Bus Stop,1.3397843,103.7569487
Millennia Institute (40329),40329,Bus Stop,1.3509811,103.7396515
Mindef Carpark (43719),43719,Bus Stop,1.3690488,103.7613113
Ministry Of Defence (43111),43111,Bus Stop,1.3722604,103.7629505
Mobil Marine Terminal (23409),23409,Bus Stop,1.3035162,103.6892668
Modena Condominium/Opposite Blk 228 (96179),96179,Bus Stop,1.3425632,103.9554238
Molex (23481),23481,Bus Stop,1.3279269,103.6817202
Montfort School (64359),64359,Bus Stop,1.375372,103.8893167
Montview (12179),12179,Bus Stop,1.3167224,103.7769344
Mount Alvernia Hospital (51069),51069,Bus Stop,1.3410934,103.8366612
Mountbatten Station Exit B (80279),80279,Bus Stop,1.3053361,103.8832687
Msd (26209),26209,Bus Stop,1.3268966,103.6317284
Multico (26409),26409,Bus Stop,1.2891622,103.630258
Multistates Trading (45159),45159,Bus Stop,1.4003618,103.7540263
NCS Hub (55039),55039,Bus Stop,1.3891425,103.8438663
NIE Blk 2 (27219),27219,Bus Stop,1.3474855,103.6794914
NIE Library (27051),27051,Bus Stop,1.348401,103.676679
NTUC Fairprice (17239),17239,Bus Stop,1.3124814,103.7659087
NTUC Health Nursing Home (27501),27501,Bus Stop,1.3409624,103.691762
NUS Museums (16161),16161,Bus Stop,1.3011676,103.7734711
NUS Raffles Hall (16169),16169,Bus Stop,1.3009692,103.7727456
NUS Sports Ctr (16091),16091,Bus Stop,1.2993347,103.779294
Nan Chiau High School (67359),67359,Bus Stop,1.3900006,103.8904488
Nan Hua Primary School (20101),20101,Bus Stop,1.319897,103.7622658
Nanyang Crescent Hall (27071),27071,Bus Stop,1.3547919,103.6840781
Nanyang Polytechnic (54351),54351,Bus Stop,1.3764665,103.8500738
Nanyang Polytechnic (55329),55329,Bus Stop,1.3790605,103.8472113
Napier Station Exit 1 (13019),13019,Bus Stop,1.3068583,103.8194406
Napier Station Exit 2 (13011),13011,Bus Stop,1.3064607,103.8194559
NatSteel (22089),22089,Bus Stop,1.3059179,103.7008216
National Junior College (41079),41079,Bus Stop,1.3293659,103.8031498
National Leadership Institute (15099),15099,Bus Stop,1.2830778,103.7879311
National Oxygen Private Limited (22421),22421,Bus Stop,1.3077134,103.6986805
National Skin Centre (50121),50121,Bus Stop,1.319263,103.84935
National Stadium (80219),80219,Bus Stop,1.3067379,103.8755128
National University Hospital (18071),18071,Bus Stop,1.2954449,103.7844633
National University Hospital (18221),18221,Bus Stop,1.2962939,103.7834418
National University of Singapore Bukit Timah Campus (41011),41011,Bus Stop,1.322377,103.818934
National University of Singapore High School (17191),17191,Bus Stop,1.3056118,103.7698405
National Youth Council (09059),09059,Bus Stop,1.3004543,103.8362277
Naung Residence (64011),64011,Bus Stop,1.3675798,103.8927477
Naval Base Primary School (59441),59441,Bus Stop,1.4158648,103.8394283
Naval Base Secondary School (59329),59329,Bus Stop,1.4197322,103.8317647
Near SATS Flight Kitchen (95159),95159,Bus Stop,1.3412786,103.9820354
Nee Soon Driclad Centre (57031),57031,Bus Stop,1.4068615,103.8200744
Nee Soon Headquarters 22 SIB (57041),57041,Bus Stop,1.4099693,103.8216445
Neptune Court (93019),93019,Bus Stop,1.3079013,103.9212069
New Bridge Centre (05039),05039,Bus Stop,1.2828868,103.8425037
New Tech Park (66021),66021,Bus Stop,1.35095,103.8618426
New Town Secondary School (19051),19051,Bus Stop,1.3090148,103.7738781
Newest (20021),20021,Bus Stop,1.3167036,103.7579047
Newton Food Centre (40031),40031,Bus Stop,1.3120225,103.8402611
Newton Life Church (40129),40129,Bus Stop,1.3145071,103.8408123
Newton Station Exit A (40181),40181,Bus Stop,1.3125221,103.8380824
Newton Station Exit B (40189),40189,Bus Stop,1.312172,103.8380766
Newton Station Exit C (40041),40041,Bus Stop,1.3136336,103.8381494
Ng Teng Fong General Hospital (28059),28059,Bus Stop,1.332641,103.7458075
Ngee Ann Polytechnic (12101),12101,Bus Stop,1.3323864,103.7777083
Ngee Ann Secondary School (76411),76411,Bus Stop,1.3538347,103.9575403
Nibong Station Exit A (65619),65619,Bus Stop,1.4115376,103.9000027
Nibong Station Exit B (65611),65611,Bus Stop,1.4113806,103.9003026
Nicoll Highway Station (80169),80169,Bus Stop,1.300245,103.8630723
Nippon (23091),23091,Bus Stop,1.3245139,103.6928414
Nippon Paint (23019),23019,Bus Interchange,1.3230245,103.6926821
Nirvana Memorial Garden (31121),31121,Bus Stop,1.3703714,103.6880552
Nissin Trspt (25079),25079,Bus Stop,1.3294567,103.6434865
Normanton Park (18041),18041,Bus Stop,1.287838,103.7939999
North Link Building (58361),58361,Bus Stop,1.4613508,103.8130556
North Spring Primary School (67139),67139,Bus Stop,1.3871308,103.9041517
North Tech (47069),47069,Bus Stop,1.4558343,103.7986174
Northlight School (50231),50231,Bus Stop,1.3187996,103.8548858
Northshore Primary School (65669),65669,Bus Stop,1.4187221,103.9050971
Northvale Condominium (44541),44541,Bus Stop,1.3876125,103.7459115
Novartis (25651),25651,Bus Stop,1.299346,103.6355612
Novena Lodge (50041),50041,Bus Stop,1.3235885,103.8415814
Novena Station (50038),50038,Bus Stop,1.3202422,103.8428574
Novotel Mercure @ Stevens (40209),40209,Bus Stop,1.3138425,103.8274761
OCBC Centre (05319),05319,Bus Stop,1.28457,103.849148
OUE Bayfront (03019),03019,Bus Stop,1.2834081,103.8528948
Oasis Station Exit A (65319),65319,Bus Stop,1.4027851,103.9122559
Oasis Station Exit B/Blk 617D (65311),65311,Bus Stop,1.4019343,103.9129312
Old Chang Kee Building (46881),46881,Bus Stop,1.4499027,103.8051537
Old Hill Street Police Station (04223),04223,Bus Stop,1.2909182,103.8486133
Old Police Academy (51021),51021,Bus Stop,1.3303046,103.8392221
Oleander Towers (52139),52139,Bus Stop,1.3327534,103.8440241
One Amber (92099),92099,Bus Stop,1.3023778,103.8990171
One Punggol (65489),65489,Bus Stop,1.408261,103.9056944
One Raffles Quay (03059),03059,Bus Stop,1.2812991,103.8515436
One-North Station (18051),18051,Bus Stop,1.2989353,103.7867391
One-North Station/Galaxis (18159),18159,Bus Stop,1.3003161,103.7885633
Opera Estate Primary School (83261),83261,Bus Stop,1.319041,103.9242542
Opp Blk 323B (67441),67441,Bus Stop,1.3922935,103.8935043
Opp Blk 459B (67091),67091,Bus Stop,1.3927578,103.8690263
Opp Blk 461B (67991),67991,Bus Stop,1.3953188,103.8715084
Opp Blk 991B (22479),22479,Bus Stop,1.3347342,103.6931267
Opp Kent Ridge Station Exit A (18339),18339,Bus Stop,1.2949904,103.7846023
Opp NUS Sports Ctr (16099),16099,Bus Stop,1.3005951,103.7781651
Opp University Hall (18319),18319,Bus Stop,1.2975739,103.7780877
Opp Yusof Ishak Hse (16179),16179,Bus Stop,1.2989244,103.7740478
Opposite 112 Katong (92189),92189,Bus Stop,1.3048131,103.9058962
Opposite 3M Building (58309),58309,Bus Stop,1.4447262,103.810115
Opposite 8 @tradehub 21 (28021),28021,Bus Stop,1.3261719,103.7554977
Opposite 888 Plaza (46679),46679,Bus Stop,1.4367997,103.7946813
Opposite 888 Plaza (46691),46691,Bus Stop,1.4383122,103.7958455
Opposite ACS Boarding School (19081),19081,Bus Stop,1.3027849,103.7827499
Opposite ACS Independent (19071),19071,Bus Stop,1.3052199,103.7810496
Opposite APSN (44899),44899,Bus Stop,1.3743435,103.749411
Opposite Abbott (25721),25721,Bus Stop,1.2851307,103.6282457
Opposite Admiralty Primary School (46789),46789,Bus Stop,1.4434714,103.8011211
Opposite Admiralty Secondary School (47671),47671,Bus Stop,1.4464343,103.8035054
Opposite Admiralty Station (46771),46771,Bus Stop,1.4409828,103.8004644
Opposite Ahmad Ibrahim Secondary School (59279),59279,Bus Stop,1.4367007,103.8288006
Opposite Ai Tong School (53359),53359,Bus Stop,1.3612657,103.8319473
Opposite Air Force Museum (71041),71041,Bus Stop,1.3465556,103.8984444
Opposite Airline House (95069),95069,Bus Stop,1.378122,103.996484
Opposite Al-Muttaqin Mosque (54031),54031,Bus Stop,1.3700884,103.8453659
Opposite Alexandra Point (15059),15059,Bus Interchange,1.2768705,103.802675
Opposite Alexandra Retail Centre (15049),15049,Bus Stop,1.2745771,103.8021793
Opposite Aljunied Park (70031),70031,Bus Stop,1.3292474,103.8794319
Opposite Aljunied Station (81081),81081,Bus Stop,1.3162131,103.8817331
Opposite Ama Keng Road (32031),32031,Bus Stop,1.4026605,103.7007321
Opposite Amber Gardens (92249),92249,Bus Stop,1.3016747,103.9011751
Opposite Andrew Road (51111),51111,Bus Stop,1.3406489,103.8328364
Opposite Ang Mo Kio Community Hospital (55159),55159,Bus Stop,1.3833619,103.8407101
Opposite Ang Mo Kio Industrial Park 2 (54501),54501,Bus Stop,1.3778995,103.862593
Opposite Ang Mo Kio Police Division Headquarters (55309),55309,Bus Stop,1.3840695,103.8446457
Opposite Ang Mo Kio Primary School (54221),54221,Bus Stop,1.3699463,103.8396145
Opposite Ang Mo Kio Station (54269),54269,Bus Stop,1.3692483,103.8511072
Opposite Ang Mo Kio Swimming Complex (54089),54089,Bus Stop,1.363026,103.8484567
Opposite Angliss Building (20139),20139,Bus Stop,1.3158466,103.7520129
Opposite Arc 380 (07359),07359,Bus Stop,1.3136743,103.8607501
Opposite Army Logistics Base (30031),30031,Bus Stop,1.3746154,103.719821
Opposite Ascent (15181),15181,Bus Stop,1.290925,103.7855971
Opposite Asia Industrial Gases (24379),24379,Bus Stop,1.30367,103.6659023
Opposite Asia-Pacific Brewery (25231),25231,Bus Stop,1.338648,103.647359
Opposite Asiawide Industrial Building (70299),70299,Bus Stop,1.3374659,103.8875378
Opposite Assumption Eng School (43081),43081,Bus Stop,1.3662353,103.7662771
Opposite Assyakirin Mosque (21271),21271,Bus Stop,1.334659,103.719475
Opposite Auckland Road West (58199),58199,Bus Stop,1.4590045,103.8278953
Opposite Autobay @ Kaki Bukit (72159),72159,Bus Stop,1.3403915,103.9127124
Opposite Ayer Rajah Community Club (20189),20189,Bus Stop,1.3203113,103.7473277
Opposite Ayer Rajah Industrial Estate (18121),18121,Bus Stop,1.2975566,103.7853953
Opposite Ayer Rajah Telecoms (19069),19069,Bus Stop,1.307803,103.776687
Opposite Balestier Point (50211),50211,Bus Interchange,1.3230499,103.85256
Opposite Bangkit Station (44321),44321,Bus Stop,1.3798691,103.7723147
Opposite Bartley Christian Church (62081),62081,Bus Stop,1.3436771,103.8780296
Opposite Beauty World Centre (42109),42109,Bus Stop,1.3433847,103.7768378
Opposite Beauty World Station (42159),42159,Bus Stop,1.3403502,103.7751543
Opposite Bedok Camp 2 (94071),94071,Bus Stop,1.3198733,103.9551005
Opposite Bedok Central Post Office (84359),84359,Bus Stop,1.3278572,103.933941
Opposite Bedok Industrial Park C (84489),84489,Bus Stop,1.338033,103.916191
Opposite Bedok Market Place (85061),85061,Bus Stop,1.3314612,103.9473551
Opposite Bedok South NPC (84581),84581,Bus Stop,1.323857,103.91942
Opposite Beecham Private Limited (21341),21341,Bus Stop,1.3352466,103.7089433
Opposite Bencoolen Station Exit B (04019),04019,Bus Stop,1.2983137,103.8499619
Opposite Bendemeer Primary School (60141),60141,Bus Stop,1.3226171,103.8639141
Opposite Bethany Presbyterian Church (62041),62041,Bus Stop,1.3482637,103.8802043
Opposite Beyonics Technology (25819),25819,Bus Stop,1.3325185,103.6435642
Opposite Bird Paradise (48111),48111,Bus Stop,1.4085086,103.780409
Opposite Bishan North Shop Mall (53389),53389,Bus Stop,1.3580904,103.8451799
Opposite Bishan Park (54531),54531,Bus Stop,1.3583778,103.851304
Opposite Bishan Stadium (53261),53261,Bus Stop,1.3528588,103.8517919
Opposite Bishan Station (53239),53239,Bus Stop,1.3509591,103.8476142
Opposite Blessed Sacrament Church (11049),11049,Bus Stop,1.2954212,103.7995803
Opposite Blk 1 (14241),14241,Bus Stop,1.2792543,103.8169252
Opposite Blk 1 (62141),62141,Bus Stop,1.3514579,103.8751612
Opposite Blk 1004 (52021),52021,Bus Stop,1.344261,103.8477519
Opposite Blk 101 (46559),46559,Bus Stop,1.4354128,103.7813627
Opposite Blk 101 (57111),57111,Bus Stop,1.4312072,103.8265494
Opposite Blk 101 (61019),61019,Bus Stop,1.333206,103.8697391
Opposite Blk 101 (67161),67161,Bus Stop,1.38209,103.899284
Opposite Blk 1015 (81221),81221,Bus Stop,1.3197316,103.8900806
Opposite Blk 102 (43389),43389,Bus Stop,1.3475318,103.7483595
Opposite Blk 102 (52409),52409,Bus Stop,1.3280009,103.8510613
Opposite Blk 103A (65071),65071,Bus Stop,1.3985378,103.9041539
Opposite Blk 104 (50229),50229,Bus Stop,1.3210003,103.8528382
Opposite Blk 104B (58519),58519,Bus Stop,1.4497322,103.8310605
Opposite Blk 105 (52419),52419,Bus Stop,1.3280331,103.8539175
Opposite Blk 106 (46299),46299,Bus Stop,1.437029,103.782778
Opposite Blk 106 (63091),63091,Bus Stop,1.353842,103.8914893
Opposite Blk 108 (78179),78179,Bus Stop,1.367915,103.9565631
Opposite Blk 108C (50341),50341,Bus Stop,1.3193543,103.8592351
Opposite Blk 109 (14389),14389,Bus Stop,1.2742841,103.8250319
Opposite Blk 109A (12069),12069,Bus Stop,1.3213634,103.7710881
Opposite Blk 110 (65021),65021,Bus Stop,1.3840061,103.8995778
Opposite Blk 113 (40489),40489,Bus Stop,1.3533225,103.7355067
Opposite Blk 114 (14219),14219,Bus Stop,1.2819051,103.8054255
Opposite Blk 114 (28271),28271,Bus Stop,1.3392179,103.7339495
Opposite Blk 115 (21639),21639,Bus Stop,1.3337886,103.7251164
Opposite Blk 115 (63291),63291,Bus Stop,1.3522158,103.8878808
Opposite Blk 115B (11429),11429,Bus Stop,1.3045009,103.7985104
Opposite Blk 115B (57121),57121,Bus Stop,1.4334424,103.8262987
Opposite Blk 115C (58619),58619,Bus Stop,1.4466437,103.8301186
Opposite Blk 116 (10341),10341,Bus Stop,1.284903,103.820616
Opposite Blk 116 (12079),12079,Bus Stop,1.3238284,103.7726526
Opposite Blk 117 (21591),21591,Bus Stop,1.3347566,103.7224189
Opposite Blk 119A (67509),67509,Bus Stop,1.3841552,103.9043024
Opposite Blk 12 (46181),46181,Bus Stop,1.4401501,103.7788619
Opposite Blk 120 (10081),10081,Bus Stop,1.2822828,103.8224175
Opposite Blk 120 (43399),43399,Bus Stop,1.350628,103.7481198
Opposite Blk 120 (46191),46191,Bus Stop,1.4395635,103.7809798
Opposite Blk 121 (59129),59129,Bus Stop,1.4348522,103.8302525
Opposite Blk 121E (67519),67519,Bus Stop,1.385683,103.9063499
Opposite Blk 122 (50339),50339,Bus Stop,1.3185941,103.8575138
Opposite Blk 124 (76321),76321,Bus Stop,1.345967,103.949073
Opposite Blk 125 (53259),53259,Bus Stop,1.3471498,103.8519528
Opposite Blk 125 (70011),70011,Bus Stop,1.3231782,103.8812037
Opposite Blk 127 (43409),43409,Bus Stop,1.3523949,103.7461081
Opposite Blk 127 (66321),66321,Bus Stop,1.3651919,103.8725281
Opposite Blk 13 (06031),06031,Bus Stop,1.2861012,103.8387751
Opposite Blk 13 (11359),11359,Bus Stop,1.3092795,103.7896931
Opposite Blk 134D (21669),21669,Bus Stop,1.341306,103.722081
Opposite Blk 137 (46079),46079,Bus Stop,1.4388387,103.7769693
Opposite Blk 138B (21769),21769,Bus Stop,1.3284783,103.7249814
Opposite Blk 139A (52141),52141,Bus Stop,1.3362057,103.8432712
Opposite Blk 140 (10069),10069,Bus Stop,1.2785904,103.8300426
Opposite Blk 140 (43539),43539,Bus Stop,1.3514005,103.7433236
Opposite Blk 144 (43321),43321,Bus Stop,1.3499824,103.7451099
Opposite Blk 144 (46519),46519,Bus Stop,1.4354749,103.7721384
Opposite Blk 146 (46581),46581,Bus Stop,1.4364412,103.7737964
Opposite Blk 149 (10059),10059,Bus Stop,1.2773621,103.8328072
Opposite Blk 149A (98019),98019,Bus Stop,1.3620466,103.9631536
Opposite Blk 15 (46241),46241,Bus Stop,1.442076,103.7790021
Opposite Blk 150 (84709),84709,Bus Stop,1.3364612,103.912401
Opposite Blk 154 (46571),46571,Bus Stop,1.4347325,103.7758585
Opposite Blk 155 (54201),54201,Bus Stop,1.3761315,103.8391965
Opposite Blk 156 (84679),84679,Bus Stop,1.3179173,103.9447532
Opposite Blk 157A (67529),67529,Bus Stop,1.387304,103.9092674
Opposite Blk 158 (21569),21569,Bus Stop,1.3284943,103.7229877
Opposite Blk 16 (83119),83119,Bus Stop,1.3231107,103.9055702
Opposite Blk 161 (21181),21181,Bus Stop,1.3299778,103.7209968
Opposite Blk 169 (63101),63101,Bus Stop,1.3511028,103.8903069
Opposite Blk 171 (44191),44191,Bus Stop,1.3788022,103.7670117
Opposite Blk 174 (59269),59269,Bus Stop,1.4378022,103.8313818
Opposite Blk 178 (21191),21191,Bus Stop,1.3329066,103.72044
Opposite Blk 178 (46561),46561,Bus Stop,1.434577,103.7771716
Opposite Blk 178A (67661),67661,Bus Stop,1.3893456,103.9092102
Opposite Blk 18 (46319),46319,Bus Stop,1.4422464,103.7802693
Opposite Blk 180 (44731),44731,Bus Stop,1.3786427,103.764368
Opposite Blk 180 (84289),84289,Bus Stop,1.3267233,103.9401246
Opposite Blk 187 (78189),78189,Bus Stop,1.3645597,103.9589982
Opposite Blk 188 (21411),21411,Bus Stop,1.3438965,103.7103191
Opposite Blk 188 (65271),65271,Bus Stop,1.3999807,103.9106464
Opposite Blk 19 (42169),42169,Bus Stop,1.3403928,103.7736473
Opposite Blk 19 (46171),46171,Bus Stop,1.4441239,103.7780088
Opposite Blk 195 (52089),52089,Bus Stop,1.3299731,103.8603269
Opposite Blk 199C (65081),65081,Bus Stop,1.4009585,103.9052968
Opposite Blk 2 (10131),10131,Bus Stop,1.2861786,103.8068441
Opposite Blk 20 (46911),46911,Bus Stop,1.4508714,103.8100967
Opposite Blk 200 (21681),21681,Bus Stop,1.34229,103.7148069
Opposite Blk 200B (67339),67339,Bus Stop,1.3864723,103.8926451
Opposite Blk 201 (44389),44389,Bus Stop,1.3713559,103.7747158
Opposite Blk 201 (59161),59161,Bus Stop,1.4301274,103.8378788
Opposite Blk 201A (65201),65201,Bus Stop,1.4011319,103.9029632
Opposite Blk 203 (21239),21239,Bus Stop,1.344382,103.7163557
Opposite Blk 203 (44111),44111,Bus Stop,1.380945,103.749758
Opposite Blk 203 (53391),53391,Bus Stop,1.3544496,103.8469655
Opposite Blk 203A (67269),67269,Bus Stop,1.3860206,103.8951479
Opposite Blk 204 (78219),78219,Bus Stop,1.3672289,103.9632853
Opposite Blk 204 Carpark (67341),67341,Bus Stop,1.3886931,103.8950508
Opposite Blk 21 (11259),11259,Bus Stop,1.3105664,103.7928792
Opposite Blk 210 (44399),44399,Bus Stop,1.3830479,103.7485129
Opposite Blk 210 Market/Food Centre (52531),52531,Bus Stop,1.3397645,103.854501
Opposite Blk 211 (63239),63239,Bus Stop,1.3589112,103.8878615
Opposite Blk 212 (61121),61121,Bus Stop,1.3417695,103.875484
Opposite Blk 213 (21241),21241,Bus Stop,1.3497704,103.7123986
Opposite Blk 216 (76189),76189,Bus Stop,1.3537124,103.9528426
Opposite Blk 216 (78169),78169,Bus Stop,1.3690899,103.9602622
Opposite Blk 216B (21169),21169,Bus Stop,1.3507528,103.7128081
Opposite Blk 217 (43731),43731,Bus Stop,1.3462521,103.7543676
Opposite Blk 217 (53241),53241,Bus Stop,1.3561584,103.8499824
Opposite Blk 219 (44379),44379,Bus Stop,1.3734916,103.7729344
Opposite Blk 22 (46921),46921,Bus Stop,1.4532945,103.8108865
Opposite Blk 220 (54619),54619,Bus Stop,1.364612,103.8405216
Opposite Blk 220 Carpark (84199),84199,Bus Stop,1.3254068,103.9355765
Opposite Blk 223 (54629),54629,Bus Stop,1.3656061,103.8379075
Opposite Blk 223D (67199),67199,Bus Stop,1.3888803,103.8968561
Opposite Blk 224 (96199),96199,Bus Stop,1.343668,103.957813
Opposite Blk 225A (67179),67179,Bus Stop,1.3873658,103.8980292
Opposite Blk 227 (28281),28281,Bus Stop,1.3419966,103.735354
Opposite Blk 227 (69091),69091,Bus Stop,1.3395696,103.8762515
Opposite Blk 227A (65559),65559,Bus Stop,1.4041256,103.8924958
Opposite Blk 228B (65549),65549,Bus Stop,1.4035365,103.8910225
Opposite Blk 230 (78159),78159,Bus Stop,1.3724874,103.9605783
Opposite Blk 231 (52391),52391,Bus Stop,1.3377025,103.8598848
Opposite Blk 232 (63261),63261,Bus Stop,1.3590117,103.8891558
Opposite Blk 233 (78129),78129,Bus Stop,1.3751656,103.9621352
Opposite Blk 236A (40439),40439,Bus Stop,1.3611,103.731
Opposite Blk 237 (76159),76159,Bus Stop,1.355178,103.9472675
Opposite Blk 239A (21729),21729,Bus Stop,1.34238,103.711321
Opposite Blk 24 (84649),84649,Bus Stop,1.3246927,103.9231723
Opposite Blk 241 (63081),63081,Bus Stop,1.3568452,103.8925993
Opposite Blk 241 (67189),67189,Bus Stop,1.3905723,103.8974088
Opposite Blk 242 (43431),43431,Bus Stop,1.3514047,103.7565431
Opposite Blk 242 (78201),78201,Bus Stop,1.3712481,103.9620969
Opposite Blk 244 (54069),54069,Bus Stop,1.367031,103.83387
Opposite Blk 245 (59181),59181,Bus Stop,1.4341993,103.8422727
Opposite Blk 248 (63071),63071,Bus Stop,1.3597631,103.8933254
Opposite Blk 248 (76161),76161,Bus Stop,1.3526322,103.9475568
Opposite Blk 25 (63061),63061,Bus Stop,1.3662338,103.8912846
Opposite Blk 253 (44311),44311,Bus Stop,1.3792717,103.7741449
Opposite Blk 254 (53161),53161,Bus Stop,1.3622533,103.8420706
Opposite Blk 255 (54161),54161,Bus Stop,1.3710643,103.8348098
Opposite Blk 257 (66051),66051,Bus Stop,1.3558524,103.8719554
Opposite Blk 258 (43441),43441,Bus Stop,1.351726,103.7589732
Opposite Blk 259 Carpark (65491),65491,Bus Stop,1.4045731,103.894808
Opposite Blk 26 (44139),44139,Bus Stop,1.3768402,103.7554112
Opposite Blk 26 (52339),52339,Bus Stop,1.3327409,103.8557525
Opposite Blk 263A Carpark (53151),53151,Bus Stop,1.3586106,103.8410142
Opposite Blk 264A (65401),65401,Bus Stop,1.4065239,103.8986525
Opposite Blk 266 (43229),43229,Bus Stop,1.3491101,103.7609998
Opposite Blk 266 (76179),76179,Bus Stop,1.3517223,103.9507154
Opposite Blk 268D (65331),65331,Bus Stop,1.4027261,103.8985185
Opposite Blk 269A (52569),52569,Bus Stop,1.3331553,103.8598352
Opposite Blk 27 (14299),14299,Bus Stop,1.2749189,103.8212504
Opposite Blk 271 (44301),44301,Bus Stop,1.3774165,103.7738803
Opposite Blk 271 Carpark (27091),27091,Bus Stop,1.3493515,103.70375
Opposite Blk 272C (65341),65341,Bus Stop,1.4020295,103.9005356
Opposite Blk 273 (76291),76291,Bus Stop,1.348785,103.951188
Opposite Blk 275 (98029),98029,Bus Stop,1.3644012,103.9655575
Opposite Blk 276B (27461),27461,Bus Stop,1.3532351,103.7051048
Opposite Blk 28 (10111),10111,Bus Stop,1.2859076,103.8093648
Opposite Blk 288 (59219),59219,Bus Stop,1.4404638,103.8375586
Opposite Blk 288D (28631),28631,Bus Stop,1.3404677,103.7442026
Opposite Blk 291A (43141),43141,Bus Stop,1.3441899,103.7558095
Opposite Blk 291A (67431),67431,Bus Stop,1.3952527,103.8974189
Opposite Blk 291E (43501),43501,Bus Stop,1.3437251,103.754223
Opposite Blk 293D (67599),67599,Bus Stop,1.3972447,103.8948362
Opposite Blk 295 (44561),44561,Bus Stop,1.3779746,103.7412172
Opposite Blk 296 (65089),65089,Bus Stop,1.4013487,103.9058481
Opposite Blk 296A (44089),44089,Bus Stop,1.3764655,103.7409587
Opposite Blk 3 (84169),84169,Bus Stop,1.322117,103.9320849
Opposite Blk 3012 (96109),96109,Bus Stop,1.3374302,103.9506603
Opposite Blk 3014 (84439),84439,Bus Stop,1.3348553,103.950087
Opposite Blk 303 (58399),58399,Bus Stop,1.4440371,103.8226864
Opposite Blk 305 (43479),43479,Bus Stop,1.3576225,103.7471923
Opposite Blk 305 Carpark (67309),67309,Bus Stop,1.3881149,103.8876046
Opposite Blk 310B (67329),67329,Bus Stop,1.3899973,103.8846115
Opposite Blk 311 (28471),28471,Bus Stop,1.348068,103.732163
Opposite Blk 311 (58109),58109,Bus Stop,1.4466578,103.8231239
Opposite Blk 313 Carpark (67379),67379,Bus Stop,1.3927999,103.8870397
Opposite Blk 314 (59389),59389,Bus Stop,1.4319926,103.8420674
Opposite Blk 315 (43489),43489,Bus Stop,1.359772,103.746343
Opposite Blk 315 (54079),54079,Bus Stop,1.3638623,103.8459165
Opposite Blk 315B (65441),65441,Bus Stop,1.4081914,103.8957547
Opposite Blk 316 (64239),64239,Bus Stop,1.364406,103.896743
Opposite Blk 317 (17181),17181,Bus Stop,1.3174964,103.7638886
Opposite Blk 317A (59629),59629,Bus Stop,1.4346732,103.8438206
Opposite Blk 32 (84029),84029,Bus Stop,1.3229288,103.9251788
Opposite Blk 321 (64309),64309,Bus Stop,1.3670642,103.8992413
Opposite Blk 322 (21649),21649,Bus Stop,1.3367089,103.7251798
Opposite Blk 322 (59351),59351,Bus Stop,1.4287149,103.8402393
Opposite Blk 322 (72019),72019,Bus Stop,1.3287999,103.9054556
Opposite Blk 322 Carpark (65459),65459,Bus Stop,1.4105984,103.897677
Opposite Blk 325 (45589),45589,Bus Stop,1.4307842,103.7802921
Opposite Blk 325 (58379),58379,Bus Stop,1.4441753,103.8188896
Opposite Blk 326D (67761),67761,Bus Stop,1.3959383,103.8875332
Opposite Blk 331 (76421),76421,Bus Stop,1.3538393,103.9599096
Opposite Blk 333 (05241),05241,Bus Stop,1.2806879,103.8422951
Opposite Blk 333 (54099),54099,Bus Stop,1.3611384,103.8510475
Opposite Blk 333C (59649),59649,Bus Stop,1.4315371,103.8460318
Opposite Blk 334B (59829),59829,Bus Stop,1.4330546,103.845845
Opposite Blk 336 (43839),43839,Bus Stop,1.3652688,103.7482681
Opposite Blk 336A Carpark (58279),58279,Bus Stop,1.4466806,103.8145939
Opposite Blk 343 (17119),17119,Bus Stop,1.3172439,103.7719034
Opposite Blk 343 (71119),71119,Bus Stop,1.3267652,103.9001548
Opposite Blk 345 (76441),76441,Bus Stop,1.352195,103.9610519
Opposite Blk 347 (43589),43589,Bus Stop,1.3623678,103.7515405
Opposite Blk 35 (52309),52309,Bus Stop,1.3338666,103.8549996
Opposite Blk 350 (28351),28351,Bus Stop,1.3436007,103.7310353
Opposite Blk 352 (17109),17109,Bus Stop,1.3152538,103.7722458
Opposite Blk 36 (10599),10599,Bus Stop,1.2886602,103.8092649
Opposite Blk 364 (21609),21609,Bus Stop,1.3377378,103.7210675
Opposite Blk 367 (59399),59399,Bus Stop,1.4302756,103.8455054
Opposite Blk 370 (63051),63051,Bus Stop,1.3641298,103.8890813
Opposite Blk 382C (59809),59809,Bus Stop,1.4319983,103.84776
Opposite Blk 390 (76231),76231,Bus Stop,1.3567035,103.9573852
Opposite Blk 391 (59609),59609,Bus Stop,1.4298497,103.8495405
Opposite Blk 4 (01349),01349,Bus Stop,1.3056583,103.8654685
Opposite Blk 4 (70041),70041,Bus Stop,1.3334157,103.8784062
Opposite Blk 40 (84081),84081,Bus Stop,1.320514,103.9405
Opposite Blk 402 (46499),46499,Bus Stop,1.4323051,103.7721485
Opposite Blk 4025 (54369),54369,Bus Stop,1.3587724,103.8559726
Opposite Blk 405C (67289),67289,Bus Stop,1.3896384,103.8732456
Opposite Blk 406 (59599),59599,Bus Stop,1.4264086,103.84968
Opposite Blk 408 (20141),20141,Bus Stop,1.3177079,103.7487543
Opposite Blk 408A (67781),67781,Bus Stop,1.388311,103.87674
Opposite Blk 41 (20219),20219,Bus Stop,1.3220744,103.7414139
Opposite Blk 411 (20151),20151,Bus Stop,1.3182753,103.7461958
Opposite Blk 415A (67791),67791,Bus Stop,1.3883741,103.8797792
Opposite Blk 416 (84331),84331,Bus Stop,1.3290383,103.9309908
Opposite Blk 419 (59461),59461,Bus Stop,1.4233437,103.8470034
Opposite Blk 42 (84549),84549,Bus Stop,1.3272182,103.9251083
Opposite Blk 420A (16891),16891,Bus Stop,1.3097981,103.7681122
Opposite Blk 43 (11181),11181,Bus Stop,1.307158,103.792336
Opposite Blk 430B (59479),59479,Bus Stop,1.4203253,103.8488452
Opposite Blk 432A (67561),67561,Bus Stop,1.3954515,103.8770833
Opposite Blk 433B (43771),43771,Bus Stop,1.3620503,103.7413732
Opposite Blk 435A (43551),43551,Bus Stop,1.3598593,103.7409391
Opposite Blk 437A (43781),43781,Bus Stop,1.3588195,103.7385946
Opposite Blk 437B (65691),65691,Bus Stop,1.4200771,103.9121025
Opposite Blk 44 (10441),10441,Bus Stop,1.2865969,103.8116173
Opposite Blk 443D (43751),43751,Bus Stop,1.3557122,103.7364816
Opposite Blk 445 (59631),59631,Bus Stop,1.4233378,103.84397
Opposite Blk 448A (68021),68021,Bus Stop,1.3932009,103.8724615
Opposite Blk 451 (44919),44919,Bus Stop,1.3854767,103.7728531
Opposite Blk 451A (40309),40309,Bus Stop,1.3536764,103.7429908
Opposite Blk 454 (53369),53369,Bus Stop,1.3594927,103.8301527
Opposite Blk 458 (64029),64029,Bus Stop,1.3778316,103.8968892
Opposite Blk 460 (17259),17259,Bus Stop,1.3109313,103.7674488
Opposite Blk 461 (01211),01211,Bus Stop,1.3054752,103.860503
Opposite Blk 461 (28611),28611,Bus Stop,1.3492836,103.7212002
Opposite Blk 461C (40359),40359,Bus Stop,1.3556027,103.7407859
Opposite Blk 464 (44079),44079,Bus Stop,1.3766596,103.7365634
Opposite Blk 465A (40371),40371,Bus Stop,1.3580721,103.7432083
Opposite Blk 465A (67709),67709,Bus Stop,1.3987675,103.8768566
Opposite Blk 467B (40289),40289,Bus Stop,1.3558459,103.7435848
Opposite Blk 469B (58389),58389,Bus Stop,1.4477212,103.813524
Opposite Blk 47 (20171),20171,Bus Stop,1.3197138,103.7397213
Opposite Blk 470A (59799),59799,Bus Stop,1.425161,103.853305
Opposite Blk 471A (67559),67559,Bus Stop,1.3954476,103.8809532
Opposite Blk 475B (62271),62271,Bus Stop,1.3759074,103.8996317
Opposite Blk 477A (64401),64401,Bus Stop,1.378463,103.9032483
Opposite Blk 479 (78119),78119,Bus Stop,1.37568,103.9587402
Opposite Blk 48 (10381),10381,Bus Stop,1.2888942,103.8255392
Opposite Blk 481 (28591),28591,Bus Stop,1.3464165,103.7253805
Opposite Blk 482 (78231),78231,Bus Stop,1.3734543,103.9599054
Opposite Blk 484A Carpark (58359),58359,Bus Stop,1.4561675,103.8146275
Opposite Blk 485A (30109),30109,Bus Stop,1.3736934,103.7383319
Opposite Blk 486 (44551),44551,Bus Stop,1.3760691,103.7384303
Opposite Blk 487B (76259),76259,Bus Stop,1.3595711,103.9583485
Opposite Blk 489A (44589),44589,Bus Stop,1.3750587,103.7402222
Opposite Blk 489A (76269),76269,Bus Stop,1.3618883,103.9573794
Opposite Blk 49 (84101),84101,Bus Stop,1.3227586,103.9441742
Opposite Blk 491 (58401),58401,Bus Stop,1.4557444,103.818011
Opposite Blk 5 (52439),52439,Bus Stop,1.3381878,103.8554187
Opposite Blk 500A (77199),77199,Bus Stop,1.377056,103.945635
Opposite Blk 502 (44679),44679,Bus Stop,1.3834478,103.7660322
Opposite Blk 502 (44941),44941,Bus Stop,1.3880864,103.7442298
Opposite Blk 5022 (54309),54309,Bus Stop,1.3699251,103.8631452
Opposite Blk 504 (54341),54341,Bus Stop,1.3746634,103.8478249
Opposite Blk 5043 (54529),54529,Bus Stop,1.3733569,103.8630587
Opposite Blk 5060 (54591),54591,Bus Stop,1.3753603,103.8617824
Opposite Blk 506A (66431),66431,Bus Stop,1.3729855,103.8752743
Opposite Blk 507 (46979),46979,Bus Stop,1.431313,103.7906614
Opposite Blk 507 (54449),54449,Bus Stop,1.3746136,103.8509009
Opposite Blk 507A (58491),58491,Bus Stop,1.4525892,103.8243715
Opposite Blk 51 (20121),20121,Bus Stop,1.3202075,103.7371993
Opposite Blk 511A (45241),45241,Bus Stop,1.3884397,103.7405366
Opposite Blk 512A (59739),59739,Bus Stop,1.4137826,103.8416135
Opposite Blk 515 (28389),28389,Bus Stop,1.3464349,103.7214991
Opposite Blk 515 (77011),77011,Bus Stop,1.3737522,103.9427085
Opposite Blk 518 (17331),17331,Bus Stop,1.307517,103.758328
Opposite Blk 519A (76521),76521,Bus Stop,1.3575061,103.9407951
Opposite Blk 521 (47581),47581,Bus Stop,1.4346101,103.7935964
Opposite Blk 522 (54409),54409,Bus Stop,1.3726926,103.8521873
Opposite Blk 525B (77389),77389,Bus Stop,1.3696044,103.9466821
Opposite Blk 527 (54419),54419,Bus Stop,1.3720618,103.8549344
Opposite Blk 529 (21719),21719,Bus Stop,1.3477514,103.7150989
Opposite Blk 53 (10411),10411,Bus Stop,1.2890371,103.8128298
Opposite Blk 53 (80231),80231,Bus Stop,1.3185602,103.8801642
Opposite Blk 53 (84569),84569,Bus Stop,1.3279808,103.9201179
Opposite Blk 531 (66531),66531,Bus Stop,1.3751708,103.8747159
Opposite Blk 532 (43601),43601,Bus Stop,1.3566068,103.7495081
Opposite Blk 532 (44669),44669,Bus Stop,1.38429,103.7650127
Opposite Blk 538 (54471),54471,Bus Stop,1.376136,103.853263
Opposite Blk 54 (20241),20241,Bus Stop,1.321205,103.736434
Opposite Blk 546 (84379),84379,Bus Stop,1.3304093,103.9264321
Opposite Blk 55 (14049),14049,Bus Stop,1.273247,103.813011
Opposite Blk 55 (84571),84571,Bus Stop,1.3265228,103.9187346
Opposite Blk 550 (46659),46659,Bus Stop,1.4327078,103.7941684
Opposite Blk 550 (84401),84401,Bus Stop,1.3331485,103.9269114
Opposite Blk 555 (77369),77369,Bus Stop,1.3683462,103.9516581
Opposite Blk 558 (67621),67621,Bus Stop,1.3809325,103.8902395
Opposite Blk 56 (81169),81169,Bus Stop,1.3107283,103.883094
Opposite Blk 565 (54299),54299,Bus Stop,1.3689684,103.8583654
Opposite Blk 565 (64629),64629,Bus Stop,1.38104,103.887625
Opposite Blk 567B (58439),58439,Bus Stop,1.4286955,103.7883551
Opposite Blk 569 (77341),77341,Bus Stop,1.3697074,103.9484857
Opposite Blk 571 (77021),77021,Bus Stop,1.3724597,103.9460114
Opposite Blk 575 (47521),47521,Bus Stop,1.4316832,103.7981994
Opposite Blk 579 (64469),64469,Bus Stop,1.3794886,103.885745
Opposite Blk 583 (47501),47501,Bus Stop,1.4304746,103.7947281
Opposite Blk 589 (46999),46999,Bus Stop,1.4273893,103.7958187
Opposite Blk 589D (58339),58339,Bus Stop,1.4492962,103.8243549
Opposite Blk 59 (14341),14341,Bus Stop,1.2759339,103.81348
Opposite Blk 590C (58049),58049,Bus Stop,1.4492188,103.8270128
Opposite Blk 592C (58059),58059,Bus Stop,1.4508307,103.8287739
Opposite Blk 604 (55121),55121,Bus Stop,1.3793467,103.835204
Opposite Blk 604A (45349),45349,Bus Stop,1.3973863,103.7455746
Opposite Blk 604A (75509),75509,Bus Stop,1.361357,103.9344617
Opposite Blk 609D (75489),75489,Bus Stop,1.3639867,103.9382018
Opposite Blk 610C (75519),75519,Bus Stop,1.3640004,103.9345457
Opposite Blk 614 (75499),75499,Bus Stop,1.3661028,103.9367248
Opposite Blk 615 (63339),63339,Bus Stop,1.3680991,103.8846531
Opposite Blk 620 (47569),47569,Bus Stop,1.4328698,103.799642
Opposite Blk 622 (22241),22241,Bus Stop,1.3401186,103.699408
Opposite Blk 622 (55141),55141,Bus Stop,1.3814565,103.8390426
Opposite Blk 624B (46861),46861,Bus Stop,1.4351643,103.7999868
Opposite Blk 626 (77219),77219,Bus Stop,1.3805931,103.940649
Opposite Blk 627 (63329),63329,Bus Stop,1.3688019,103.8813525
Opposite Blk 628 (43411),43411,Bus Stop,1.3517567,103.7502562
Opposite Blk 628 (44801),44801,Bus Stop,1.385053,103.7590674
Opposite Blk 630 (47559),47559,Bus Stop,1.4345046,103.8019932
Opposite Blk 631B (75599),75599,Bus Stop,1.3623831,103.9434247
Opposite Blk 632 Carpark (44051),44051,Bus Stop,1.3845299,103.7578667
Opposite Blk 634 (63319),63319,Bus Stop,1.3692273,103.8780947
Opposite Blk 635A (43991),43991,Bus Stop,1.3861852,103.7564627
Opposite Blk 638A (75589),75589,Bus Stop,1.3636929,103.945338
Opposite Blk 639 (47549),47549,Bus Stop,1.4379637,103.8035327
Opposite Blk 640 (77241),77241,Bus Stop,1.3753111,103.9402558
Opposite Blk 643 (22451),22451,Bus Stop,1.3382679,103.6955328
Opposite Blk 646 (55209),55209,Bus Stop,1.3786671,103.8448629
Opposite Blk 646 (72029),72029,Bus Stop,1.3308752,103.906555
Opposite Blk 648A (75541),75541,Bus Stop,1.3684837,103.9413673
Opposite Blk 649 (54469),54469,Bus Stop,1.3771312,103.8434864
Opposite Blk 65 (21589),21589,Bus Stop,1.3322527,103.7235196
Opposite Blk 65 (52119),52119,Bus Stop,1.3279086,103.858103
Opposite Blk 650 (44829),44829,Bus Stop,1.3866348,103.7630602
Opposite Blk 653B (22461),22461,Bus Stop,1.3359409,103.69615
Opposite Blk 655 Carpark (22549),22549,Bus Stop,1.334644,103.6980037
Opposite Blk 657 Carpark (22559),22559,Bus Stop,1.3346931,103.7008558
Opposite Blk 66 (60039),60039,Bus Stop,1.3199251,103.8697629
Opposite Blk 66 (70191),70191,Bus Stop,1.3272129,103.8879937
Opposite Blk 660 Carpark (22569),22569,Bus Stop,1.3346503,103.7045816
Opposite Blk 660 Carpark (75529),75529,Bus Stop,1.367119,103.933765
Opposite Blk 660A Carpark (72049),72049,Bus Stop,1.3349646,103.9076366
Opposite Blk 662A (65591),65591,Bus Stop,1.4028348,103.9187041
Opposite Blk 662B (75531),75531,Bus Stop,1.36908,103.935023
Opposite Blk 662C (22499),22499,Bus Stop,1.3371829,103.7048177
Opposite Blk 670 (45411),45411,Bus Stop,1.4035391,103.7477346
Opposite Blk 672C (59719),59719,Bus Stop,1.4175083,103.8419636
Opposite Blk 681B (47649),47649,Bus Stop,1.438981,103.8037228
Opposite Blk 683A (65581),65581,Bus Stop,1.4047869,103.9160708
Opposite Blk 695 (21369),21369,Bus Stop,1.343051,103.7080639
Opposite Blk 701 (17069),17069,Bus Stop,1.3078021,103.7620891
Opposite Blk 701 (84461),84461,Bus Stop,1.3381013,103.9193603
Opposite Blk 701A (59119),59119,Bus Stop,1.4303967,103.8279674
Opposite Blk 704 (45291),45291,Bus Stop,1.3908665,103.7449713
Opposite Blk 709 (63341),63341,Bus Stop,1.367534,103.8887715
Opposite Blk 70B (14331),14331,Bus Stop,1.27693,103.811184
Opposite Blk 71 (10451),10451,Bus Stop,1.2876305,103.8171859
Opposite Blk 71 (18069),18069,Bus Stop,1.2966214,103.7875632
Opposite Blk 713 (57081),57081,Bus Stop,1.427509,103.826598
Opposite Blk 713 (77259),77259,Bus Stop,1.3826956,103.9385733
Opposite Blk 716 (84621),84621,Bus Stop,1.3383115,103.924906
Opposite Blk 717 (22351),22351,Bus Stop,1.3428038,103.6980612
Opposite Blk 717 (77269),77269,Bus Stop,1.3828863,103.9357839
Opposite Blk 721 (75279),75279,Bus Stop,1.3605691,103.936021
Opposite Blk 722 (59559),59559,Bus Stop,1.4250576,103.8282659
Opposite Blk 73 (10481),10481,Bus Stop,1.2878448,103.8180146
Opposite Blk 73 (52261),52261,Bus Stop,1.3340008,103.8512588
Opposite Blk 739A Carpark (46841),46841,Bus Stop,1.4450256,103.7968525
Opposite Blk 742 (77169),77169,Bus Stop,1.3769144,103.9363331
Opposite Blk 755 (27371),27371,Bus Stop,1.3474248,103.7010785
Opposite Blk 757 (59069),59069,Bus Stop,1.4260567,103.8353319
Opposite Blk 757A Carpark (46461),46461,Bus Stop,1.4465333,103.7935013
Opposite Blk 765 (45361),45361,Bus Stop,1.3923937,103.7500616
Opposite Blk 773 (46471),46471,Bus Stop,1.4479584,103.797587
Opposite Blk 774 (59089),59089,Bus Stop,1.4240052,103.8315306
Opposite Blk 778 (77309),77309,Bus Stop,1.3743871,103.9386962
Opposite Blk 793 (47609),47609,Bus Stop,1.4417981,103.8031089
Opposite Blk 7B (11171),11171,Bus Stop,1.3053068,103.7948238
Opposite Blk 801C (17311),17311,Bus Stop,1.3010653,103.7622774
Opposite Blk 802 (46271),46271,Bus Stop,1.4403505,103.78591
Opposite Blk 805D (30129),30129,Bus Stop,1.3719776,103.7437724
Opposite Blk 810 Carpark (44879),44879,Bus Stop,1.3742565,103.7469569
Opposite Blk 816 (59729),59729,Bus Stop,1.4113447,103.8337474
Opposite Blk 816A (44889),44889,Bus Stop,1.3755082,103.748425
Opposite Blk 819 (75071),75071,Bus Stop,1.348924,103.936566
Opposite Blk 82 (80299),80299,Bus Stop,1.3195707,103.8719746
Opposite Blk 821 (27401),27401,Bus Stop,1.3473327,103.6941482
Opposite Blk 842C (76049),76049,Bus Stop,1.3514232,103.9364319
Opposite Blk 85 (14391),14391,Bus Stop,1.2779502,103.808763
Opposite Blk 85 (18279),18279,Bus Stop,1.2883249,103.7897602
Opposite Blk 85 (84239),84239,Bus Stop,1.3314728,103.9383596
Opposite Blk 853 (75169),75169,Bus Stop,1.3532712,103.9344265
Opposite Blk 871 (59509),59509,Bus Stop,1.4124267,103.8377614
Opposite Blk 871A (75151),75151,Bus Stop,1.3546318,103.9314621
Opposite Blk 872 (46451),46451,Bus Stop,1.4445335,103.7892076
Opposite Blk 896B (46661),46661,Bus Stop,1.4375884,103.7921761
Opposite Blk 910 (66491),66491,Bus Stop,1.379399,103.882608
Opposite Blk 913 (64619),64619,Bus Stop,1.3781889,103.8846874
Opposite Blk 91A (14501),14501,Bus Stop,1.2768681,103.8064423
Opposite Blk 932 (59669),59669,Bus Stop,1.4263169,103.8378176
Opposite Blk 945 (76119),76119,Bus Stop,1.3519267,103.9400628
Opposite Blk 95 (11079),11079,Bus Stop,1.3056256,103.8020062
Opposite Blk 953 (64111),64111,Bus Stop,1.3759469,103.8768564
Opposite Blk 961A (74941),74941,Bus Stop,1.3400712,103.9359845
Opposite Blk 966 (74969),74969,Bus Stop,1.3385145,103.940001
Opposite Blk 968 (66481),66481,Bus Stop,1.3791744,103.8783646
Opposite Blk 974 (27519),27519,Bus Stop,1.3399587,103.692896
Opposite Blk 980C (66549),66549,Bus Stop,1.3801992,103.881609
Opposite Blk 984A (66559),66559,Bus Stop,1.3818423,103.8816657
Opposite Blk 987A (27529),27529,Bus Stop,1.3362933,103.6940523
Opposite Blk 991A (66609),66609,Bus Stop,1.3851549,103.8820821
Opposite Blk 991B (66569),66569,Bus Stop,1.3832561,103.8826355
Opposite Blk 995C (67779),67779,Bus Stop,1.3866973,103.8835507
Opposite Blk 998 (52031),52031,Bus Stop,1.3439942,103.8502545
Opposite Blks 34/35 (20161),20161,Bus Stop,1.3192258,103.742154
Opposite Blks 469A/469B (59779),59779,Bus Stop,1.4240831,103.8525185
Opposite Blks 50/51 (84559),84559,Bus Stop,1.328348,103.9226846
Opposite Blks 741/742 (75289),75289,Bus Stop,1.3605692,103.9334294
Opposite Blks 771/772 (77319),77319,Bus Stop,1.3755612,103.9375247
Opposite Block 131D (40509),40509,Bus Stop,1.3542439,103.7321516
Opposite Bloxhome Drive (66211),66211,Bus Stop,1.3641263,103.8610438
Opposite Boon Keng Station (60119),60119,Bus Stop,1.3186378,103.8640462
Opposite Boon Lay Station (22571),22571,Bus Stop,1.3378038,103.706894
Opposite Bosch (53311),53311,Bus Stop,1.3468413,103.8416213
Opposite Botanic Gardens Station (41029),41029,Bus Stop,1.3233374,103.8162762
Opposite Braddell View (51131),51131,Bus Stop,1.3440995,103.8394385
Opposite Bright Hill Temple (53339),53339,Bus Stop,1.3635167,103.8369444
Opposite British American Tobacco (47079),47079,Bus Stop,1.4582932,103.8034109
Opposite British Council (09149),09149,Bus Stop,1.3058961,103.8218616
Opposite British High Commission (13209),13209,Bus Stop,1.3039,103.822029
Opposite Brockhampton Drive (66201),66201,Bus Stop,1.3620494,103.8596391
Opposite Bugis Station Exit C (01112),01112,Bus Stop,1.3001271,103.8551797
Opposite Bukit Batok Driving Centre (43529),43529,Bus Stop,1.3676825,103.750268
Opposite Bukit Batok Fire Station (44151),44151,Bus Stop,1.3739194,103.7522409
Opposite Bukit Batok Presbyterian Church (43331),43331,Bus Stop,1.348899,103.7432684
Opposite Bukit Batok Swimming Complex (43519),43519,Bus Stop,1.345283,103.7482417
Opposite Bukit Gombak Stadium (43561),43561,Bus Stop,1.3574222,103.7528522
Opposite Bukit Gombak Station (43571),43571,Bus Stop,1.3592133,103.7515186
Opposite Bukit Merah Secondary School (10101),10101,Bus Stop,1.2850331,103.813673
Opposite Bukit Merah Town Centre (10099),10099,Bus Stop,1.284262,103.8174967
Opposite Bukit Panjang Plaza (44631),44631,Bus Stop,1.3796364,103.7639457
Opposite Bukit Panjang Primary School (43139),43139,Bus Stop,1.3732974,103.7705403
Opposite Bukit Panjang Station (44859),44859,Bus Stop,1.3776094,103.7631911
Opposite Bukit Timah Plaza (42089),42089,Bus Stop,1.340137,103.77937
Opposite Bukit View Secondary School (43591),43591,Bus Stop,1.3447549,103.752155
Opposite Bukit View Secondary School (43749),43749,Bus Stop,1.3465925,103.7516872
Opposite Bullion Park Condominium (55269),55269,Bus Stop,1.3925251,103.8370413
Opposite Burgundy Hill (42311),42311,Bus Stop,1.3385693,103.7602509
Opposite Buroh Street (22051),22051,Bus Stop,1.3138613,103.702072
Opposite CEVA Logistics (22069),22069,Bus Stop,1.3139809,103.7051556
Opposite CHIJ Katong Convent (92219),92219,Bus Stop,1.3063478,103.9167573
Opposite CISCO Centre (81109),81109,Bus Stop,1.3209335,103.8911674
Opposite CLP International (29121),29121,Bus Interchange,1.3066633,103.739535
Opposite Cable Ski Park (93151),93151,Bus Stop,1.3079246,103.9337282
Opposite Caltex Singapore (29051),29051,Bus Stop,1.3045654,103.7428236
Opposite Caltex Station (92139),92139,Bus Stop,1.3085558,103.910636
Opposite Cambridge Industrial Trust (24451),24451,Bus Stop,1.3059976,103.6637682
Opposite Canberra Drive (58031),58031,Bus Stop,1.4463927,103.8250207
Opposite Canberra Station (58541),58541,Bus Stop,1.4429111,103.8304395
Opposite Canossa Convent Primary (70021),70021,Bus Stop,1.326503,103.8803596
Opposite Carlisle Road (50079),50079,Bus Stop,1.315755,103.846933
Opposite Carpark C3 (92191),92191,Bus Stop,1.3023642,103.9145681
Opposite Carpark C4 (93181),93181,Bus Stop,1.303315,103.917891
Opposite Carpark D3 (93171),93171,Bus Stop,1.3051326,103.9244074
Opposite Carpark F (80179),80179,Bus Stop,1.300532,103.877092
Opposite Carrier Singapore (20089),20089,Bus Stop,1.3269708,103.7393017
Opposite Casablanca (46221),46221,Bus Stop,1.430907,103.7875917
Opposite Casafina/Temasek Junior College (84159),84159,Bus Stop,1.3166098,103.9330905
Opposite Castle Green (55179),55179,Bus Stop,1.3860099,103.8430551
Opposite Catholic Junior College (51091),51091,Bus Stop,1.3265004,103.8341303
Opposite Cencon Building (70111),70111,Bus Stop,1.3307819,103.8771493
Opposite Cendex Centre (10369),10369,Bus Stop,1.2803511,103.8238969
Opposite Century Square (76139),76139,Bus Stop,1.351619,103.943726
Opposite Chai Chee Industrial Park (84019),84019,Bus Stop,1.3222155,103.9225927
Opposite Changi Beach Carpark 4 (95079),95079,Bus Stop,1.3901801,103.992536
Opposite Changi Beach Carpark 5 (95089),95089,Bus Stop,1.3895941,103.9959031
Opposite Changi Chapel Museum (97201),97201,Bus Stop,1.3627082,103.9737525
Opposite Changi City Point (96389),96389,Bus Interchange,1.3330186,103.962503
Opposite Changi Court (96051),96051,Bus Stop,1.343756,103.961998
Opposite Changi General Hospital (96281),96281,Bus Stop,1.3395054,103.9484513
Opposite Changi Golf Club (99119),99119,Bus Stop,1.3915152,103.9842948
Opposite Changi Lodge 2 (96421),96421,Bus Stop,1.3136412,103.9965111
Opposite Changi Naval Base (96431),96431,Bus Stop,1.3176862,104.0152855
Opposite Changi Women's Prison (97051),97051,Bus Stop,1.3604442,103.970375
Opposite Chatsworth Road (13031),13031,Bus Stop,1.299263,103.817086
Opposite Chengtai Nursery (30099),30099,Bus Stop,1.3794362,103.7311841
Opposite Cheviot Hill (83239),83239,Bus Stop,1.3169553,103.922466
Opposite Chiang Court (93081),93081,Bus Stop,1.31351,103.929036
Opposite Chinese Garden (21651),21651,Bus Stop,1.3387454,103.7239992
Opposite Chinese Garden Station (28349),28349,Bus Stop,1.3424966,103.73315
Opposite Choa Chu Kang Cemetery Office (31139),31139,Bus Stop,1.3721017,103.6904543
Opposite Choa Chu Kang Market (44099),44099,Bus Stop,1.3763011,103.7446345
Opposite Choa Chu Kang Polyclinic (44291),44291,Bus Stop,1.3814819,103.7514491
Opposite Choa Chu Kang Station (44531),44531,Bus Stop,1.3842804,103.7448224
Opposite Chongfu Primary School (59201),59201,Bus Stop,1.4387298,103.8403555
Opposite Christ Church Secondary School (47731),47731,Bus Stop,1.426029,103.791884
Opposite Christ The King Church (54319),54319,Bus Stop,1.3620452,103.8530664
Opposite Chung Cheng High School (59379),59379,Bus Stop,1.4195071,103.8382218
Opposite Chung Hwa Free Clinic (52259),52259,Bus Stop,1.3328098,103.8516438
Opposite City Plaza (82231),82231,Bus Stop,1.3140244,103.8931882
Opposite Citylife@ Tampines (76549),76549,Bus Stop,1.3605059,103.9405339
Opposite Civil Defence Academy (31039),31039,Bus Stop,1.3662469,103.6938362
Opposite Clarke Quay (04219),04219,Bus Stop,1.2909767,103.8468446
Opposite Clarke Quay Station (04239),04239,Bus Stop,1.2888548,103.8474985
Opposite Cold Storage Jelita (11299),11299,Bus Stop,1.3183082,103.7855549
Opposite Comfort Driving Centre (71071),71071,Bus Stop,1.3364423,103.8978301
Opposite Comfort Test Centre (71021),71021,Bus Stop,1.336589,103.89479
Opposite Concord Primary School (44621),44621,Bus Stop,1.3791885,103.7371321
Opposite Coronation Plaza (41049),41049,Bus Stop,1.3246781,103.8102671
Opposite Corporation Place (21171),21171,Bus Stop,1.3257625,103.7190668
Opposite Corporation Primary School (27479),27479,Bus Stop,1.3517585,103.7082856
Opposite Costa Rhu Condominium (90079),90079,Bus Stop,1.2975579,103.8673475
Opposite Countryside Estate (55259),55259,Bus Stop,1.3914071,103.8387001
Opposite Courts Ang Mo Kio (54041),54041,Bus Stop,1.3734254,103.8450085
Opposite Crowhurst Drive (66161),66161,Bus Stop,1.3612642,103.8646851
Opposite Crown Alliance Industries (49031),49031,Bus Stop,1.4162756,103.7512621
Opposite Currency House (15199),15199,Bus Stop,1.2760287,103.7931876
Opposite Cycle & Carriage (10287),10287,Bus Stop,1.2919597,103.8134116
Opposite Cycle & Carriage (20059),20059,Bus Stop,1.3233329,103.7476979
Opposite D'Ecosia (92271),92271,Bus Stop,1.3061037,103.909529
Opposite DB Schenker (95191),95191,Bus Stop,1.3801112,104.0009197
Opposite DSO National Laboratories (18261),18261,Bus Stop,1.2901579,103.7893592
Opposite Da Di Glass (45059),45059,Bus Stop,1.4032268,103.7562737
Opposite Daikin Singapore (66349),66349,Bus Stop,1.3708509,103.8654407
Opposite Dairy Farm Road (43071),43071,Bus Stop,1.3650748,103.7669896
Opposite Darul Ghufran Mosque (75121),75121,Bus Stop,1.355949,103.9389478
Opposite Darul Makmur Mosque (59251),59251,Bus Stop,1.4367106,103.833703
Opposite Dedap Road (67021),67021,Bus Stop,1.3893286,103.8654599
Opposite Defu Avenue 2 (64221),64221,Bus Stop,1.3623662,103.9007327
Opposite Delta Sports Hall (10269),10269,Bus Stop,1.2911922,103.8205903
Opposite Dieppe Barracks (57069),57069,Bus Stop,1.4189627,103.824585
Opposite Dnv Technology Centre (18241),18241,Bus Stop,1.2909154,103.7870599
Opposite Downtown East (78091),78091,Bus Stop,1.3768357,103.9562788
Opposite Downtown East (78101),78101,Bus Stop,1.3750813,103.9540628
Opposite Downtown Station (03579),03579,Bus Stop,1.2788559,103.8529897
Opposite Dulwich Coll (43761),43761,Bus Stop,1.3509113,103.7376083
Opposite Dunearn Secondary School (43671),43671,Bus Stop,1.3646177,103.7435109
Opposite Dunman High School (90069),90069,Bus Stop,1.2979343,103.882645
Opposite Duo Residences (01549),01549,Bus Stop,1.3006593,103.8586686
Opposite Durban Road (58069),58069,Bus Stop,1.4527132,103.8311713
Opposite Dynasty Garden II (11331),11331,Bus Stop,1.3232928,103.7914556
Opposite EASB (52479),52479,Bus Stop,1.3274909,103.8460042
Opposite EMAS Marine Base (23429),23429,Bus Stop,1.3045958,103.6847263
Opposite ESAB (24581),24581,Bus Stop,1.3249609,103.6669676
Opposite Eastern Lagoon II (93131),93131,Bus Stop,1.3127934,103.9341616
Opposite Edwards Lifesciences (97169),97169,Bus Stop,1.3466623,103.9676567
Opposite Eightrium (96411),96411,Bus Stop,1.3377607,103.9637576
Opposite Enabling Village (10439),10439,Bus Stop,1.2874582,103.8142582
Opposite Eng Hua Furniture Manufacturing Private Limited (45441),45441,Bus Stop,1.4319003,103.747455
Opposite Engine Test Facility (98061),98061,Bus Stop,1.3765141,103.9769639
Opposite Environment Building (40171),40171,Bus Stop,1.3109423,103.8358175
Opposite Estella Gardens (98289),98289,Bus Stop,1.3595295,103.966643
Opposite Eunoia Junior College (53321),53321,Bus Stop,1.3612978,103.8404033
Opposite Eunos Station (83109),83109,Bus Stop,1.3211871,103.9053121
Opposite Eunos Technolink (71089),71089,Bus Stop,1.3327881,103.9011262
Opposite Eurokars Centre (45169),45169,Bus Stop,1.4030672,103.7545879
Opposite Evergreen Avenue (94019),94019,Bus Stop,1.314305,103.9358161
Opposite Excelsior Gardens (85039),85039,Bus Stop,1.3244279,103.9529363
Opposite Expo Halls 1/2/3 (96021),96021,Bus Stop,1.3339587,103.9565302
Opposite Expo Halls 4/5/6 (96031),96031,Bus Stop,1.3358765,103.9582478
Opposite Exxon Mobil (23261),23261,Bus Stop,1.3127242,103.6858832
Opposite Faber Garden (53081),53081,Bus Stop,1.3632367,103.8278179
Opposite FairPrice Hub (23519),23519,Bus Stop,1.3247935,103.6793813
Opposite Fairfield Methodist Church (05271),05271,Bus Stop,1.2797061,103.8438358
Opposite Fairfield Methodist Primary School (18119),18119,Bus Stop,1.3000029,103.7846784
Opposite Fajar Station (44779),44779,Bus Stop,1.3841582,103.7701503
Opposite Farrer Park Station (50259),50259,Bus Stop,1.3123732,103.8551126
Opposite Fengshan Primary School (84341),84341,Bus Stop,1.3310958,103.9319486
Opposite Fernvale Primary School (67491),67491,Bus Stop,1.3908771,103.8746704
Opposite Fernvale Station (67489),67489,Bus Stop,1.3910116,103.8770455
Opposite Flame Tree Park (53071),53071,Bus Stop,1.3606091,103.8283499
Opposite Foh Foh Private Limited (29139),29139,Bus Stop,1.303011,103.7514913
Opposite Former Railway Station (14061),14061,Bus Stop,1.2723184,103.8386021
Opposite Four Leaves (22431),22431,Bus Stop,1.333077,103.707363
Opposite Four Seasons Hotel (09111),09111,Bus Stop,1.304594,103.828948
Opposite Fuchun Community Club (45599),45599,Bus Stop,1.4290825,103.7745797
Opposite Fudu Walk Playground (55351),55351,Bus Stop,1.3896837,103.8369539
Opposite Fuji Xerox Towers (05651),05651,Bus Stop,1.273288,103.8430561
Opposite GE Keppel Energy Services (24389),24389,Bus Stop,1.3069022,103.665332
Opposite GEMPLUS (18021),18021,Bus Stop,1.2965236,103.7888879
Opposite Galmon Singapore (25169),25169,Bus Stop,1.3277136,103.6545502
Opposite Gambir Ridge (62091),62091,Bus Stop,1.3436551,103.8751415
Opposite Gan Eng Seng Secondary School (10249),10249,Bus Stop,1.2909105,103.8240087
Opposite Garlick Ville (11349),11349,Bus Stop,1.3257465,103.793106
Opposite German Centre (20271),20271,Bus Stop,1.3250522,103.7454991
Opposite Geylang Methodist Secondary School (81201),81201,Bus Stop,1.318638,103.883071
Opposite Geylang Polyclinic (81219),81219,Bus Stop,1.318827,103.886658
Opposite Ghim Moh Terminal (11001),11001,Bus Stop,1.311072,103.789159
Opposite Givaudan (22029),22029,Bus Stop,1.3224275,103.7026041
Opposite Glad Tidings Church (63041),63041,Bus Stop,1.3626234,103.8876022
Opposite Glendale Park Condominium (43151),43151,Bus Stop,1.3636349,103.7648846
Opposite Global Logistics Centre (96271),96271,Bus Stop,1.3291626,103.963623
Opposite Globalfoundries (46041),46041,Bus Stop,1.4366275,103.7640367
Opposite Gloria Mansion (16021),16021,Bus Stop,1.2861876,103.7799601
Opposite Golden Heights (66409),66409,Bus Stop,1.3492395,103.8659515
Opposite Golden Hill Estate (66099),66099,Bus Stop,1.3542785,103.8614588
Opposite Golden Mile Complex (01421),01421,Bus Stop,1.3034,103.864871
Opposite Golden Pagoda Temple (74041),74041,Bus Stop,1.3684487,103.9297884
Opposite Goodwill Court (93089),93089,Bus Stop,1.312998,103.927624
Opposite Gordon Warehouse Building (71031),71031,Bus Stop,1.3391573,103.8968591
Opposite Government Chalets (99109),99109,Bus Stop,1.3911599,103.9818233
Opposite Grace Independent Church (96089),96089,Bus Stop,1.336459,103.9559511
Opposite Grace Walk (66111),66111,Bus Stop,1.3584032,103.8682726
Opposite Gracehaven S Army (64101),64101,Bus Stop,1.3721076,103.8766036
Opposite Grandeur 8 (54259),54259,Bus Stop,1.3772318,103.8462705
Opposite Grandlink Square (81131),81131,Bus Stop,1.314292,103.8921887
Opposite Grandluxe (21529),21529,Bus Stop,1.3341062,103.7150794
Opposite Great World City (13121),13121,Bus Stop,1.2940886,103.8308459
Opposite Greenridge Secondary School (44921),44921,Bus Stop,1.382047,103.7727037
Opposite Greenview Secondary School (78149),78149,Bus Stop,1.3696871,103.9640973
Opposite Grundfos (21489),21489,Bus Stop,1.3263132,103.7126303
Opposite Guangyang Primary School (53419),53419,Bus Stop,1.3463897,103.8497949
Opposite Gul Avenue (23359),23359,Bus Stop,1.3143917,103.6789405
Opposite Gul Way (23229),23229,Bus Stop,1.3086691,103.6718139
Opposite HDB Carpark (70081),70081,Bus Stop,1.3322757,103.89497
Opposite Hai Inn See Temple (30081),30081,Bus Stop,1.3766899,103.7349105
Opposite Hall 6 (27291),27291,Bus Stop,1.347784,103.6864792
Opposite HarbourFront Interchange (14121),14121,Bus Interchange,1.2658722,103.8193119
Opposite Hart Engineering Private Limited (25359),25359,Bus Stop,1.323624,103.6529724
Opposite Harvest Mansions (10229),10229,Bus Stop,1.2905086,103.8317568
Opposite Haw Par Glass Tower (08011),08011,Bus Stop,1.2969577,103.8436293
Opposite Haw Par Villa Station (16011),16011,Bus Stop,1.2827613,103.7819579
Opposite Haw Par Villa Station (16221),16221,Bus Stop,1.2830601,103.781123
Opposite Headquarters 5th SIB Camp I (31081),31081,Bus Stop,1.3805375,103.6973055
Opposite Heavy Vehicle Park (45029),45029,Bus Stop,1.3934411,103.7541936
Opposite Hempel (26151),26151,Bus Stop,1.3244932,103.6425757
Opposite Heng Mui Keng Terrace (16061),16061,Bus Stop,1.2906802,103.7730541
Opposite Henry Park (12141),12141,Bus Stop,1.3156859,103.7824652
Opposite Hiap Teck Metal Co (24679),24679,Bus Stop,1.3091788,103.6613688
Opposite High Street Centre (04251),04251,Bus Stop,1.2897857,103.8488833
Opposite Highgate Park (42219),42219,Bus Stop,1.3395756,103.7654279
Opposite Hillbrooks (43259),43259,Bus Stop,1.3575986,103.7627708
Opposite Hillbrooks (43301),43301,Bus Stop,1.3589981,103.762073
Opposite Hillview Apartments (43241),43241,Bus Stop,1.355914,103.761918
Opposite Hillview Heights (43261),43261,Bus Stop,1.3606071,103.7641457
Opposite Hitachi (22159),22159,Bus Stop,1.3209656,103.6966273
Opposite Hockey Stadium (67549),67549,Bus Stop,1.3944449,103.8864269
Opposite Hoe Huat Engineering (24401),24401,Bus Stop,1.3003132,103.6635616
Opposite Holland Hill Lodge (11089),11089,Bus Stop,1.3094545,103.803353
Opposite Holland Village (11269),11269,Bus Stop,1.3126093,103.7944819
Opposite Home Team Academy (30041),30041,Bus Stop,1.3746229,103.7218734
Opposite HomeTeamNS (43641),43641,Bus Stop,1.3652862,103.7503137
Opposite HomeTeamNS Bedok (72179),72179,Bus Stop,1.3425938,103.9185347
Opposite Hong Hang Building (24331),24331,Bus Stop,1.3085589,103.6687571
Opposite Hong Hock Hardware (24179),24179,Bus Stop,1.3094033,103.6647713
Opposite Hong Lim Complex (05131),05131,Bus Stop,1.284064,103.845215
Opposite Hong Lim Complex (05199),05199,Bus Stop,1.2844812,103.8466866
Opposite Hong Lim Park (05023),05023,Bus Stop,1.2870225,103.8454886
Opposite Hong San Si Temple (83031),83031,Bus Stop,1.3202375,103.9098958
Opposite Hong San Terrace (44109),44109,Bus Stop,1.3771852,103.7477047
Opposite Hong Wen School (50361),50361,Bus Stop,1.3211118,103.8570779
Opposite Horizon Gardens (56251),56251,Bus Stop,1.3762326,103.8344923
Opposite Horizon Primary School (65419),65419,Bus Stop,1.3994396,103.9139912
Opposite Hotel Faber Park (14151),14151,Bus Stop,1.2696266,103.8129415
Opposite Hotel Miramar (06159),06159,Bus Stop,1.2890832,103.8368566
Opposite Hotel Royal (50061),50061,Bus Stop,1.3174456,103.8414027
Opposite Hougang 1 (64089),64089,Bus Stop,1.3761258,103.8802583
Opposite Hougang Central Interchange (64549),64549,Bus Interchange,1.3713997,103.8923166
Opposite Hougang Green Shop Mall (64449),64449,Bus Stop,1.379729,103.88857
Opposite Hougang Swimming Complex (63351),63351,Bus Stop,1.3691492,103.8878486
Opposite House No. 19 (42301),42301,Bus Stop,1.3389094,103.7686397
Opposite House No. 516 (11319),11319,Bus Stop,1.3202769,103.7895846
Opposite Huamin Primary School (59459),59459,Bus Stop,1.4262944,103.8426641
Opposite Hume Station Exit 1 (43049),43049,Bus Stop,1.3556464,103.7688625
Opposite IMM Building (28651),28651,Bus Stop,1.3351363,103.7480012
Opposite ITE College Central (54489),54489,Bus Stop,1.3756709,103.8558385
Opposite ITE College East Admin Blk (96111),96111,Bus Stop,1.333676,103.953367
Opposite ITE College East Tec Blk (96071),96071,Bus Stop,1.3354941,103.953156
Opposite Innova Primary School (58469),58469,Bus Stop,1.4298257,103.7904103
Opposite International Business Park (28221),28221,Bus Interchange,1.3275445,103.7448954
Opposite Invista (25569),25569,Bus Stop,1.3181754,103.6372343
Opposite JEM (28199),28199,Bus Stop,1.3326659,103.7438889
Opposite JP Nelson (23331),23331,Bus Stop,1.3068564,103.6758203
Opposite JTC Aviation Two (68141),68141,Bus Stop,1.4204126,103.8634737
Opposite Jackson Square (52221),52221,Bus Stop,1.3380297,103.8482711
Opposite Jalan Bahtera (33039),33039,Bus Stop,1.423296,103.7041374
Opposite Jalan Berseri (31171),31171,Bus Stop,1.3723948,103.7041984
Opposite Jalan Bumbong (45091),45091,Bus Stop,1.4141858,103.7552242
Opposite Jalan Janggus (58081),58081,Bus Stop,1.4582635,103.8359208
Opposite Jalan Kemuning (57131),57131,Bus Stop,1.4380499,103.8252627
Opposite Jalan Muhibbah (70129),70129,Bus Stop,1.3315529,103.8805376
Opposite Jalan Pesawat (21301),21301,Bus Stop,1.31846,103.7100044
Opposite Jalan Tari Lilin (68049),68049,Bus Stop,1.3985306,103.8729582
Opposite Jelapang Station (44721),44721,Bus Stop,1.3867295,103.7649427
Opposite Joo Koon Interchange (23379),23379,Bus Interchange,1.3264889,103.6793954
Opposite Junction 10 (44049),44049,Bus Stop,1.3809294,103.7609619
Opposite Jurong Abattoir (21079),21079,Bus Stop,1.3134152,103.7227843
Opposite Jurong Camp (23041),23041,Bus Stop,1.3333351,103.6905265
Opposite Jurong East Library (28241),28241,Bus Stop,1.3318128,103.7395724
Opposite Jurong East WaRehabilitatione (28661),28661,Bus Stop,1.3367109,103.7494297
Opposite Jurong Inspection Centre (24681),24681,Bus Stop,1.3120883,103.6585848
Opposite Jurong Lake (28369),28369,Bus Stop,1.344463,103.727486
Opposite Jurong Polyclinic (28491),28491,Bus Stop,1.3491124,103.7308003
Opposite Jurong Secondary School (21571),21571,Bus Stop,1.330621,103.723115
Opposite Jurong Secondary School (21759),21759,Bus Stop,1.3301784,103.7250195
Opposite Jurong Town Hall (28239),28239,Bus Stop,1.3300561,103.7427598
Opposite Jurong West Primary School (22531),22531,Bus Stop,1.339245,103.6981057
Opposite KH Plaza (81231),81231,Bus Stop,1.313896,103.881902
Opposite Kaily Packaging (21539),21539,Bus Stop,1.3313828,103.7163596
Opposite Kaki Bukit Autohub (71339),71339,Bus Stop,1.3367103,103.9010851
Opposite Kaki Bukit Industrial Estate (72059),72059,Bus Stop,1.3338019,103.9043565
Opposite Kallang Place (60051),60051,Bus Stop,1.3141787,103.8656576
Opposite Kallang Squash Centre (80189),80189,Bus Stop,1.3049649,103.8801552
Opposite Kallang Station/Blk 2C (80109),80109,Bus Stop,1.3132285,103.8714927
Opposite Kampong Bahru Terminal (10049),10049,Bus Stop,1.2762706,103.8347034
Opposite Kandang Kerbau Women & Children Hospital (40109),40109,Bus Stop,1.3097169,103.8477499
Opposite Kandang Kerbau Women & Children Hospital (40271),40271,Bus Stop,1.3089363,103.8464711
Opposite Katong Park Station (91089),91089,Bus Stop,1.2991383,103.8855302
Opposite Katong Shopping Centre (92109),92109,Bus Stop,1.3035652,103.9014713
Opposite Keat Hong Camp (30021),30021,Bus Stop,1.3744453,103.7170502
Opposite Kee Wee Hup Kee (25509),25509,Bus Stop,1.3335235,103.6436705
Opposite Kembangan Station (83329),83329,Bus Stop,1.3219378,103.9137843
Opposite Kent Ridge Secondary School (17039),17039,Bus Stop,1.3015304,103.7660691
Opposite Kent Ridge Terminal (16131),16131,Bus Stop,1.2948559,103.7693654
Opposite Keppel Distripark Blk 517 (14101),14101,Bus Stop,1.2684047,103.8282621
Opposite Keppel Distripark Blk 519 (14239),14239,Bus Stop,1.271761,103.827159
Opposite Keppel Logistics (23239),23239,Bus Stop,1.3091127,103.675166
Opposite Keppel Logistics (23361),23361,Bus Stop,1.3190893,103.6787653
Opposite Keppel Shipyard (24341),24341,Bus Stop,1.2955601,103.6707253
Opposite Keppel Shipyard (24541),24541,Bus Stop,1.3026128,103.655808
Opposite Keppel T&T (24289),24289,Bus Stop,1.3124004,103.6748848
Opposite Kew Green Condominium (94069),94069,Bus Stop,1.3180781,103.9508493
Opposite Khalsa Crescent Drug Rehabilitationb Centre (47029),47029,Bus Stop,1.4509408,103.782562
Opposite Khatib Camp (57071),57071,Bus Stop,1.4249988,103.8254845
Opposite Khatib Camp (59541),59541,Bus Stop,1.4236278,103.8301692
Opposite Khatib Station (59049),59049,Bus Stop,1.4169401,103.8332848
Opposite Khatib Station Exit D (59561),59561,Bus Stop,1.4186953,103.8329673
Opposite Khoo Teck Puat Hospital (59349),59349,Bus Stop,1.4234294,103.8388383
Opposite Kim Hock Corporation Private Limited (49011),49011,Bus Stop,1.4104721,103.7522995
Opposite King Albert Park Station (42059),42059,Bus Stop,1.3364291,103.7828106
Opposite Kingswear Avenue (66251),66251,Bus Stop,1.367404,103.866569
Opposite Kong Hwa School (81159),81159,Bus Stop,1.3116397,103.8873533
Opposite Kranji Lodge 1 (46039),46039,Bus Stop,1.4331136,103.762053
Opposite Kranji Secondary School (45251),45251,Bus Stop,1.3913652,103.7400881
Opposite Kranji Station (45131),45131,Bus Stop,1.4251424,103.7610097
Opposite Kranji War Memorial (45111),45111,Bus Stop,1.4216575,103.7556281
Opposite Kranji Water Reclam Plt (49091),49091,Bus Stop,1.4276377,103.7562275
Opposite Krislite Building (98129),98129,Bus Stop,1.3720681,103.9704952
Opposite Kuo Chuan Presbyterian School (53271),53271,Bus Stop,1.3493313,103.8539325
Opposite Kyocera Chemical (25069),25069,Bus Stop,1.3274938,103.6455555
Opposite Labrador Park Station (15149),15149,Bus Stop,1.2733477,103.800634
Opposite Lakepoint Condominium (21211),21211,Bus Interchange,1.3400526,103.7160659
Opposite Lakeside Station (28099),28099,Bus Stop,1.344298,103.7192965
Opposite Lamp Post 160 (32041),32041,Bus Stop,1.4044265,103.7016944
Opposite Lamp Post 173 (32061),32061,Bus Stop,1.4113911,103.7001062
Opposite Lamp Post 31 (15101),15101,Bus Stop,1.2860264,103.7856022
Opposite Lea Hin Hardware Factory (11531),11531,Bus Stop,1.291077,103.8074899
Opposite Leedon Green (11099),11099,Bus Stop,1.3131174,103.8044076
Opposite Leroy-Somer (23121),23121,Bus Stop,1.3245252,103.685806
Opposite Lian Aik Siong Machinery (47121),47121,Bus Stop,1.4637479,103.8027026
Opposite Lighthouse (78259),78259,Bus Stop,1.3780792,103.9594888
Opposite Lim Chu Kang Camp II (31061),31061,Bus Stop,1.3759099,103.695527
Opposite Lim Chu Kang Lane 3 (33041),33041,Bus Stop,1.4276539,103.7059875
Opposite Lim Chu Kang Lane 4 (34011),34011,Bus Stop,1.4331679,103.7078252
Opposite Lim Chu Kang Lane 5 (34021),34021,Bus Stop,1.4351745,103.7080528
Opposite Lim Chu Kang Substation No. 1 (32151),32151,Bus Stop,1.4140973,103.6966019
Opposite Lion Home For Elders (84141),84141,Bus Stop,1.3202306,103.9383183
Opposite Logishub @ Clementi (12209),12209,Bus Stop,1.326436,103.764335
Opposite Lompang Road (44241),44241,Bus Stop,1.3811929,103.7657662
Opposite Lorong 1 Geylang Terminal (80039),80039,Bus Stop,1.3099904,103.8717144
Opposite Lorong 39 Geylang (81069) (81069),81069,Bus Stop,1.3147182,103.8906481
Opposite Lorong Chuan Station Exit B (66399),66399,Bus Stop,1.3515243,103.8632093
Opposite Lorong Sarhad (15071),15071,Bus Stop,1.2814045,103.7869768
Opposite Loyang Industrial Estate (98239),98239,Bus Stop,1.3714954,103.9725733
Opposite Loyang Point (98109),98109,Bus Interchange,1.3670627,103.9656976
Opposite Loyang Townhouse (78279),78279,Bus Stop,1.3792901,103.9643274
Opposite Loyang Valley (98041),98041,Bus Stop,1.3685161,103.9691956
Opposite Loyang Way 4 (98151),98151,Bus Stop,1.3777097,103.9758528
Opposite Loyang Way 4/Soxal (98079),98079,Bus Stop,1.3785497,103.9787154
Opposite Loyang Way 6 (98181),98181,Bus Stop,1.384346,103.973461
Opposite Lutheran Towers (41119),41119,Bus Stop,1.3208088,103.8124816
Opposite Luxe Ville (16041),16041,Bus Stop,1.2891655,103.7769782
Opposite MAS Building (03218),03218,Bus Stop,1.2742063,103.8468893
Opposite MSD (26201),26201,Bus Stop,1.3268524,103.6319069
Opposite MacPherson Station Exit A (70379),70379,Bus Stop,1.3259988,103.889404
Opposite MacPherson Station Exit D (70201),70201,Bus Stop,1.3246114,103.8888542
Opposite Macritchie Reservoir (51079),51079,Bus Stop,1.3417545,103.8362456
Opposite Maju Camp (12089),12089,Bus Stop,1.3261479,103.7756425
Opposite Man Fatt Lam Temple (85049),85049,Bus Stop,1.3267169,103.951261
Opposite Mandai Agrotech Park (48059),48059,Bus Stop,1.4150075,103.7977004
Opposite Mandai CD Training Village (45181),45181,Bus Stop,1.4116534,103.7612831
Opposite Mandai Camp 2 (48011),48011,Bus Stop,1.410508,103.7744977
Opposite Mandai Crematorium & Columbarium (48141),48141,Bus Stop,1.4155412,103.8103615
Opposite Mandai Crematorium (48079),48079,Bus Stop,1.4129512,103.8053694
Opposite Mandai Estate (45061),45061,Bus Stop,1.4067871,103.7559871
Opposite Mandai Police Training Camp (45191),45191,Bus Stop,1.4106839,103.7635104
Opposite Mandai Road (45081),45081,Bus Stop,1.4110325,103.7556066
Opposite Mandarin Gardens (93021),93021,Bus Stop,1.3086434,103.9243768
Opposite Mapletree Biz City (15151),15151,Bus Stop,1.2739333,103.7981362
Opposite Maranatha B-P Church (99031),99031,Bus Stop,1.387854,103.981835
Opposite Maranatha Hall (82131),82131,Bus Stop,1.309544,103.90033
Opposite Marina South Pier Station (03411),03411,Bus Stop,1.2716119,103.8630026
Opposite Marinteknik (24619),24619,Bus Interchange,1.3111195,103.6525693
Opposite Marsiling Lane Market/Food Centre (46121),46121,Bus Stop,1.4438121,103.776448
Opposite Marsiling Park (46501),46501,Bus Stop,1.4379736,103.7712161
Opposite Marsiling Station (46529),46529,Bus Stop,1.4320394,103.7745383
Opposite Marymount Convent School (51081),51081,Bus Stop,1.3405977,103.8389975
Opposite Marymount Station (53129),53129,Bus Stop,1.3496322,103.83977
Opposite Mattar Station Exit A (70161),70161,Bus Stop,1.327519,103.883248
Opposite Mattar Station Exit B (70231),70231,Bus Stop,1.3261717,103.8841195
Opposite Mayflower Secondary School (54219),54219,Bus Stop,1.3687401,103.8367908
Opposite Meadows @ Peirce (56041),56041,Bus Stop,1.3790506,103.8276094
Opposite Meiban Industrial Building (71229),71229,Bus Stop,1.3262254,103.8932351
Opposite Meiji Seika (21509),21509,Bus Stop,1.3311587,103.7100575
Opposite Melati Blk 2 (10391),10391,Bus Stop,1.2761976,103.8310727
Opposite Meng Suan Road (48109),48109,Bus Stop,1.4021644,103.8140245
Opposite Mera Terrace Playground (96061),96061,Bus Stop,1.346944,103.962955
Opposite Met YMCA (40211),40211,Bus Stop,1.316578,103.8258463
Opposite Michelman (25519),25519,Bus Stop,1.3298182,103.6410504
Opposite Midview Building (43319),43319,Bus Stop,1.3397226,103.7574233
Opposite Mohd Salleh Mosque (80069),80069,Bus Stop,1.3121991,103.8772284
Opposite Mohd Sultan Road (13101),13101,Bus Stop,1.2938252,103.8425666
Opposite Molex (23489),23489,Bus Stop,1.3275934,103.680467
Opposite Montfort School (64351),64351,Bus Stop,1.3747844,103.8880945
Opposite Moonbeam Walk (12029),12029,Bus Stop,1.3195915,103.782452
Opposite Motor Image (10219),10219,Bus Stop,1.2908821,103.8118051
Opposite Mount Faber Lodge (14019),14019,Bus Stop,1.2684068,103.8256941
Opposite Mountbatten Station (80271),80271,Bus Stop,1.305073,103.8830868
Opposite Multistates Trading (45151),45151,Bus Stop,1.4007071,103.7542767
Opposite NCS Hub (55031),55031,Bus Stop,1.3894619,103.8436056
Opposite NEA Regional Office (53201),53201,Bus Stop,1.3613058,103.8385014
Opposite NKF (52099),52099,Bus Stop,1.3266541,103.8549381
Opposite Nafa Campus 3 (07518),07518,Bus Stop,1.3010436,103.852202
Opposite Nan Hua High School (16991),16991,Bus Stop,1.3077704,103.7698702
Opposite Nanyang Avenue (27129),27129,Bus Stop,1.3564486,103.696061
Opposite Nanyang Polytechnic (55321),55321,Bus Stop,1.3783353,103.8472106
Opposite NatSteel (22081),22081,Bus Stop,1.3059425,103.7004169
Opposite National Junior College (41071),41071,Bus Stop,1.3289212,103.8026513
Opposite National Leadership Institute (15091),15091,Bus Stop,1.2829174,103.7877819
Opposite National Library (01029),01029,Bus Stop,1.2968064,103.854473
Opposite National Oxygen Private Limited (22429),22429,Bus Stop,1.3072162,103.6992078
Opposite National Stadium (80211),80211,Bus Stop,1.3071235,103.8754147
Opposite National University Hospital (18079),18079,Bus Stop,1.2965432,103.7844768
Opposite National University Hospital (18239),18239,Bus Stop,1.2968269,103.7831704
Opposite Naval Base Primary School (59449),59449,Bus Stop,1.415534,103.8395548
Opposite Nee Soon Headquarters 22 SIB (57049),57049,Bus Stop,1.4097747,103.8217833
Opposite Neo Tiew Road (33021),33021,Bus Stop,1.4216734,103.7031924
Opposite Neptune Court (93011),93011,Bus Stop,1.3082252,103.9214855
Opposite Newest (20029),20029,Bus Stop,1.3177565,103.7576698
Opposite Newton Food Centre (40039),40039,Bus Stop,1.3122723,103.8407959
Opposite Newton Life Church (40121),40121,Bus Stop,1.314601,103.840577
Opposite Newton Station Exit C (40049),40049,Bus Stop,1.3140341,103.8387864
Opposite Ng Teng Fong Gen Hospital (28051),28051,Bus Stop,1.3322794,103.7457493
Opposite Ngee Ann City (09011),09011,Bus Stop,1.3020622,103.8344296
Opposite Ngee Ann Polytechnic (12109),12109,Bus Stop,1.3309268,103.7779865
Opposite Nicoll Highway Station (80161),80161,Bus Stop,1.3003282,103.8624735
Opposite Nissin Trspt (25071),25071,Bus Stop,1.3295114,103.6432345
Opposite Normanton Park/Rutherford (18281),18281,Bus Stop,1.2875007,103.7911999
Opposite Northbrooks Secondary School (59571),59571,Bus Stop,1.4210984,103.8437025
Opposite Northland Secondary School (59191),59191,Bus Stop,1.4368797,103.8417965
Opposite Northvale Condominium (44549),44549,Bus Stop,1.3871937,103.7462818
Opposite Novena Church (50031),50031,Bus Stop,1.3213508,103.8417174
Opposite Novena Lodge (50049),50049,Bus Stop,1.3234646,103.8419014
Opposite Nyee Phoe Group (49239),49239,Bus Stop,1.4405856,103.7280046
Opposite Nylect Engineering (46941),46941,Bus Stop,1.4516625,103.8054999
Opposite OCBC Centre (05009),05009,Bus Stop,1.285865,103.849213
Opposite Ocean Tanker (24629),24629,Bus Stop,1.308544,103.6501579
Opposite Old Pier Road (99079),99079,Bus Stop,1.387593,103.97915
Opposite Old Police Academy (51029),51029,Bus Stop,1.3302442,103.8396922
Opposite Old Police Academy (51109),51109,Bus Stop,1.327137,103.839699
Opposite One Amber (92091),92091,Bus Stop,1.302746,103.8992796
Opposite One Punggol (65481),65481,Bus Stop,1.4088635,103.9061058
Opposite One Upper Pickering (05129),05129,Bus Stop,1.286087,103.8462955
Opposite One-North Station (18059),18059,Bus Stop,1.2984366,103.7872517
Opposite One-North Station/Galaxis (18151),18151,Bus Stop,1.3004911,103.7886412
Opposite Opera Estate Primary School (83269),83269,Bus Stop,1.3190307,103.9230121
Opposite Orchard Boulevard Station (09131),09131,Bus Stop,1.3039617,103.823343
Opposite Orchard Station Exit 12 (13191),13191,Bus Stop,1.3027163,103.8299105
Opposite Orchard Station/ION (09023),09023,Bus Stop,1.303088,103.8323741
Opposite Orchid Country Club (59741),59741,Bus Stop,1.4154107,103.8443861
Opposite Ordinance Supply Base (49101),49101,Bus Stop,1.4297834,103.7557978
Opposite Orion @ Paya Lebar (70261),70261,Bus Stop,1.3288093,103.8897243
Opposite Our Tampines Hub (76059),76059,Bus Stop,1.3529614,103.9416617
Opposite PPIS Bukit Batok (43639),43639,Bus Stop,1.3480058,103.7683368
Opposite PPL Shipyard (29109),29109,Bus Stop,1.2987125,103.7496296
Opposite PSB Science Park Building (18109),18109,Bus Stop,1.294187,103.7866825
Opposite PUB Quarter (49219),49219,Bus Stop,1.43856,103.7352275
Opposite PUB Recreation Club (66071),66071,Bus Stop,1.343981,103.86658
Opposite PUB Sub-Station (27189),27189,Bus Stop,1.356082,103.68908
Opposite Pacific Tech Centre (10119),10119,Bus Stop,1.2859835,103.8112946
Opposite Palm Isles (98291),98291,Bus Stop,1.356983,103.9652021
Opposite Panasonic (84131),84131,Bus Stop,1.3213492,103.9276248
Opposite Pandan Valley (12049),12049,Bus Stop,1.3209034,103.7766206
Opposite Pandan Valley Condominium (12039),12039,Bus Stop,1.3210379,103.780304
Opposite Parc Oasis (28459),28459,Bus Stop,1.344441,103.7343218
Opposite Parish Of Christ Church (50011),50011,Bus Stop,1.3116957,103.8473086
Opposite Parkland Green (92251),92251,Bus Stop,1.3000284,103.906199
Opposite Parkview Apartments (43621),43621,Bus Stop,1.3416368,103.7590842
Opposite Parkway East Hospital (83159),83159,Bus Stop,1.3147901,103.9093966
Opposite Pasir Laba Camp (24041),24041,Bus Stop,1.3303188,103.6750084
Opposite Pasir Panjang Post Office (16071),16071,Bus Stop,1.2913457,103.771022
Opposite Pasir Ris Elias Community Club (77209),77209,Bus Stop,1.3790459,103.942699
Opposite Pasir Ris Polyclinic (78061),78061,Bus Stop,1.3682262,103.9584875
Opposite Pasir Ris Primary School (78139),78139,Bus Stop,1.3732546,103.9640329
Opposite Pasir Ris Station Exit A (77179),77179,Bus Stop,1.3725474,103.9508284
Opposite Pasir Ris Station Exit B (77031),77031,Bus Stop,1.3722797,103.9484745
Opposite Pasir View Park (15211),15211,Bus Stop,1.2779291,103.7863624
Opposite Paya Lebar Air Base (71181),71181,Bus Stop,1.3433479,103.8989007
Opposite Paya Lebar Girls' School (63309),63309,Bus Stop,1.3520046,103.8858098
Opposite Paya Lebar Street (70309),70309,Bus Stop,1.3395941,103.8864407
Opposite Paya Ubi Industrial Park (71209),71209,Bus Stop,1.3260832,103.8972685
Opposite Pebble Bay (90029),90029,Bus Stop,1.2970537,103.8707876
Opposite Pei Hwa Presbyterian Primary School (42079),42079,Bus Stop,1.33927,103.776965
Opposite Peirce Road (11209),11209,Bus Stop,1.3081417,103.8103991
Opposite Pending Station (44221),44221,Bus Stop,1.3762887,103.771028
Opposite Penshurst Place (66151),66151,Bus Stop,1.363029,103.865769
Opposite Perpetual Succour Church (83081),83081,Bus Stop,1.3213743,103.9173817
Opposite Petir Station (44209),44209,Bus Stop,1.3771776,103.7670326
Opposite Phoenix Station (44149),44149,Bus Stop,1.3780123,103.7578332
Opposite Pine Grove Condominium (12059),12059,Bus Stop,1.3200475,103.7737373
Opposite Playground @ Big Splash (92261),92261,Bus Stop,1.2979279,103.9003715
Opposite Plaza Parkroyal (01521),01521,Bus Stop,1.3009121,103.8606432
Opposite Police Tactical Training Camp (45201),45201,Bus Stop,1.4104896,103.7658939
Opposite Portchester Avenue (66221),66221,Bus Stop,1.3683128,103.8626166
Opposite Premier Milk Private Limited (21331),21331,Bus Stop,1.3303372,103.7079811
Opposite Princess Elizabeth Primary School (43349),43349,Bus Stop,1.3498832,103.740696
Opposite Progen Building (46309),46309,Bus Stop,1.443026,103.7828044
Opposite Progress Galvanizing (24609),24609,Bus Stop,1.3134101,103.6547266
Opposite Public Mansion (50189),50189,Bus Stop,1.3260262,103.8484752
Opposite Punggol Coast Station (65721),65721,Bus Stop,1.414944,103.911686
Opposite Punggol Community Club (64371),64371,Bus Stop,1.3744848,103.892916
Opposite Punggol Cove Primary School (65679),65679,Bus Stop,1.4109702,103.8989618
Opposite Punggol Interchange (65219),65219,Bus Interchange,1.4035211,103.9034457
Opposite Punggol Park (64071),64071,Bus Stop,1.3750972,103.8973021
Opposite Punggol Secondary School (65389),65389,Bus Stop,1.4022258,103.9101159
Opposite Punggol Secondary/Blk 195E (65289),65289,Bus Stop,1.4017226,103.9076015
Opposite Punggol View Primary School (65359),65359,Bus Stop,1.4059522,103.9045803
Opposite Queen's Close (11031),11031,Bus Stop,1.2912802,103.8003783
Opposite Queens (11541),11541,Bus Stop,1.292356,103.8057161
Opposite Queenstown Polyclinic (11051),11051,Bus Stop,1.2988788,103.8003733
Opposite Queenstown Primary School (11491),11491,Bus Stop,1.2970973,103.807666
Opposite Queensway Secondary School (11061),11061,Bus Stop,1.3027218,103.8011966
Opposite Queensway Shopping Centre (11519),11519,Bus Stop,1.2866893,103.803377
Opposite REC Singapore (25761),25761,Bus Stop,1.2751159,103.6242174
Opposite Raffles Institute (53211),53211,Bus Stop,1.3470653,103.8471305
Opposite Raffles Institute (53309),53309,Bus Stop,1.3484745,103.8451748
Opposite Redhill Station (10201),10201,Bus Stop,1.2893406,103.8166065
Opposite Reebonz Building (75469),75469,Bus Stop,1.3662947,103.9331441
Opposite Regent Park (17051),17051,Bus Stop,1.3172555,103.7623863
Opposite Regent Villa (11321),11321,Bus Stop,1.321191,103.7900629
Opposite Reuters (18251),18251,Bus Stop,1.2907104,103.7884435
Opposite Rindu Terrace (62159),62159,Bus Stop,1.3457533,103.8776599
Opposite Rio Vista (64321),64321,Bus Stop,1.3722952,103.9004257
Opposite Ripple Bay (78261),78261,Bus Stop,1.3786862,103.9607704
Opposite Ris Grandeur (77069),77069,Bus Stop,1.3741363,103.9408118
Opposite River Valley High School (21399),21399,Bus Stop,1.3447136,103.7078898
Opposite Riverfront Residences (64319),64319,Bus Stop,1.3698374,103.9003876
Opposite Rivervale Primary School (67239),67239,Bus Stop,1.3930419,103.9037592
Opposite Roche Singapore Tech (25641),25641,Bus Stop,1.2961952,103.6383589
Opposite Rochor Station (07539),07539,Bus Stop,1.3043836,103.8522931
Opposite Rolls Royce Private Limited (68109),68109,Bus Stop,1.4040347,103.8639712
Opposite Roxy Square (92111),92111,Bus Stop,1.3047481,103.9029088
Opposite Rutherford/Normanton Park (18289),18289,Bus Stop,1.2873403,103.7913264
Opposite S.A. Deaf (80141),80141,Bus Stop,1.3069961,103.8799897
Opposite SAF Ferry Terminal (95099),95099,Bus Stop,1.3881454,103.9988196
Opposite SAFRA Yishun (59701),59701,Bus Stop,1.4254556,103.8402736
Opposite SAFTI Military Institute (23071),23071,Bus Stop,1.329801,103.682608
Opposite SATS Catering (97171),97171,Bus Stop,1.3456533,103.9699427
Opposite SBST Ang Mo Kio Depot (55231),55231,Bus Stop,1.38579,103.8483304
Opposite SBST Bedok North Depot (84599),84599,Bus Stop,1.3377244,103.9464143
Opposite SBST Bukit Batok Depot (43219),43219,Bus Stop,1.3413856,103.7545783
Opposite SBST Hougang Depot (62249),62249,Bus Stop,1.3441902,103.8910186
Opposite SBST Soon Lee Depot (22199),22199,Bus Stop,1.3311569,103.6985274
Opposite SCDF Headquarters (71171),71171,Bus Stop,1.3350184,103.892416
Opposite SCDF Nee Soon Camp (48099),48099,Bus Stop,1.4028819,103.8120092
Opposite SIA Supplies Centre (98171),98171,Bus Stop,1.3820365,103.9747139
Opposite SIM Headquarters (12099),12099,Bus Stop,1.3280482,103.776934
Opposite SIS Building (10289),10289,Bus Stop,1.2918737,103.8144623
Opposite SMC Manufacturing (25101),25101,Bus Stop,1.334353,103.6477861
Opposite SML Shipyard Limited (23439),23439,Bus Stop,1.3077518,103.6846996
Opposite SMRT Buses Ang Mo Kio Depot (55221),55221,Bus Stop,1.3878384,103.8461959
Opposite SMRT Ulu Pandan Depot (28101),28101,Bus Stop,1.333103,103.7590592
Opposite SP SMA (19029),19029,Bus Stop,1.3095799,103.7819846
Opposite SPC Service Station (21129),21129,Bus Stop,1.3142092,103.7149336
Opposite Saint Andrew's Village (60089),60089,Bus Interchange,1.3286499,103.8661679
Opposite Saint Hilda's Secondary School (76121),76121,Bus Interchange,1.3502585,103.9382599
Opposite Saint John Headquarters (01411),01411,Bus Interchange,1.3021455,103.8628974
Opposite Saint John's Crescent (97079),97079,Bus Interchange,1.3681745,103.9776372
Opposite Saint Joseph's Home (21389),21389,Bus Interchange,1.3500222,103.7098462
Opposite Saint Margaret's Secondary School (41109),41109,Bus Interchange,1.3194132,103.810593
Opposite Saint Nicholas Girls' (56249),56249,Bus Interchange,1.3729033,103.833025
Opposite Saint Teresa's Church (14221),14221,Bus Interchange,1.2735933,103.82893
Opposite Saint Theresa's Convent (14039),14039,Bus Interchange,1.2766513,103.8234691
Opposite Saint Theresa's Home (53019),53019,Bus Interchange,1.3458952,103.8388064
Opposite Saint Thomas Walk (13089),13089,Bus Interchange,1.2957266,103.836049
Opposite Salvation Army (97019),97019,Bus Stop,1.3528982,103.9654416
Opposite Sam McCoy Engineering (22329),22329,Bus Stop,1.330249,103.705041
Opposite Sanmina-SCI (29011),29011,Bus Stop,1.3085331,103.7335963
Opposite Santa Fe Mansions (91051),91051,Bus Stop,1.3004846,103.8894884
Opposite Schenker (64169),64169,Bus Stop,1.3712734,103.9114913
Opposite School Of Science & Tech (19041),19041,Bus Stop,1.3122925,103.7755826
Opposite Sci Park 2/The Galen (15119),15119,Bus Stop,1.2870139,103.7850066
Opposite Sci Park 2/The Gemini (15129),15129,Bus Stop,1.2891784,103.7840263
Opposite Science Park (18049),18049,Bus Stop,1.2901611,103.7920719
Opposite Seagate (46749),46749,Bus Stop,1.4460319,103.8071806
Opposite Seagate (66519),66519,Bus Stop,1.377341,103.871649
Opposite Seasons Park (55021),55021,Bus Stop,1.3856846,103.8387438
Opposite Secura Singapore (22171),22171,Bus Stop,1.3295025,103.6963729
Opposite Sekolah Indonesia (93121),93121,Bus Stop,1.3109442,103.9249645
Opposite Selarang Park Drug Rehabilitation (97089),97089,Bus Stop,1.3708894,103.9800387
Opposite Seletar Camp (68209),68209,Bus Stop,1.4113667,103.8734961
Opposite Seletar Hills Estate (67051),67051,Bus Stop,1.3874852,103.8725709
Opposite Sembawang Air Base (57059),57059,Bus Stop,1.4143787,103.823464
Opposite Sembawang Corporation Industries (58179),58179,Bus Stop,1.4585085,103.8235369
Opposite Sembawang Drug Rehabilitationb Centre (58189),58189,Bus Stop,1.4590769,103.826084
Opposite Sembawang Hills Food Centre (56021),56021,Bus Stop,1.372513,103.82846
Opposite Sembawang Park (58099),58099,Bus Stop,1.4615126,103.8376105
Opposite Sembawang Secondary School (58289),58289,Bus Stop,1.4448437,103.8161299
Opposite Sembawang Shipyard G 8 (58149),58149,Bus Stop,1.4618936,103.8179029
Opposite Sembawang Shopping Centre (58011),58011,Bus Stop,1.4413302,103.8241749
Opposite Sembawang Station (58219),58219,Bus Stop,1.4495046,103.8197626
Opposite Sengkang Fire Station (67719),67719,Bus Stop,1.3797213,103.89527
Opposite Sengkang General Hospital (67411),67411,Bus Stop,1.3948041,103.8943345
Opposite Serangoon Secondary School (62261),62261,Bus Stop,1.3745699,103.9029537
Opposite Serangoon Secondary School (64061),64061,Bus Stop,1.3755818,103.9011566
Opposite Serangoon Sports Complex (63361),63361,Bus Stop,1.3573856,103.8738076
Opposite Serangoon Station Exit F (66381),66381,Bus Stop,1.3503633,103.8712251
Opposite Serangoon Swimming Complex (63169),63169,Bus Stop,1.3570541,103.8756466
Opposite Serenity Park (55101),55101,Bus Stop,1.3909345,103.8596392
Opposite Shaw Plaza (50199),50199,Bus Stop,1.3249529,103.8505509
Opposite Shaw Towers (01621),01621,Bus Stop,1.2970359,103.8565328
Opposite Shimano Private Limited (23201),23201,Bus Stop,1.31967,103.6862614
Opposite Shingda Construction (49171),49171,Bus Stop,1.4351268,103.7501233
Opposite Shunfu Estate (53021),53021,Bus Stop,1.3498534,103.836507
Opposite Sia Huat (29091),29091,Bus Stop,1.2994501,103.7526535
Opposite Siglap South Community Club (93091),93091,Bus Stop,1.3140239,103.9315127
Opposite Siltronic (75391),75391,Bus Stop,1.3750474,103.9213439
Opposite Sime Darby (21259),21259,Bus Stop,1.3360238,103.7104826
Opposite Simei Green Condominium (96209),96209,Bus Stop,1.340538,103.9596572
Opposite Simei Station (96161),96161,Bus Stop,1.3421232,103.9536068
Opposite Sing-China Building (68069),68069,Bus Stop,1.4075395,103.8722987
Opposite Singapore Aerospace Manufacturing (21229),21229,Bus Stop,1.3420614,103.7160394
Opposite Singapore Bible Coll (41129),41129,Bus Stop,1.3254458,103.8140091
Opposite Singapore Discovery Centre (23081),23081,Bus Stop,1.3300826,103.678355
Opposite Singapore Epson Industrial (25471),25471,Bus Stop,1.3354593,103.6418992
Opposite Singapore Expo (96221),96221,Bus Stop,1.3309235,103.9578653
Opposite Singapore Girls' Home (62239),62239,Bus Stop,1.3467664,103.8903288
Opposite Singapore Indoor Stadium (80191),80191,Bus Stop,1.3009101,103.875778
Opposite Singapore Institute of Technology (65701),65701,Bus Stop,1.411694,103.911075
Opposite Singapore Khalsa Association (50241),50241,Bus Stop,1.3172268,103.8573073
Opposite Singapore Polo Club (51039),51039,Bus Stop,1.3316457,103.8389048
Opposite Singapore Polytechnic (19099),19099,Bus Stop,1.3069631,103.7819104
Opposite Singapore Power Training Institute (66081),66081,Bus Stop,1.34305,103.869745
Opposite Singapore Science Centre (28259),28259,Bus Stop,1.334127,103.737019
Opposite Singapore Science Park II (16031),16031,Bus Stop,1.2880266,103.7784834
Opposite Singapore Swim Club (90051),90051,Bus Stop,1.2978046,103.8798523
Opposite Singapore Takada Industrial (24351),24351,Bus Stop,1.2980633,103.6684205
Opposite Singapore Trspt Private Limited (23191),23191,Bus Stop,1.3196758,103.6835888
Opposite Singapore Turf Club (45121),45121,Bus Stop,1.4240471,103.7586062
Opposite Singapore University of Technology and Design (96441),96441,Bus Stop,1.3395085,103.9629105
Opposite Sixth Avenue Station (42019),42019,Bus Stop,1.3316125,103.7968506
Opposite Sls (25781),25781,Bus Stop,1.2763712,103.6357171
Opposite Somerset Station (09038),09038,Bus Stop,1.3015022,103.8385351
Opposite South View Station (44459),44459,Bus Stop,1.3802383,103.7446159
Opposite Southpoint (05629),05629,Bus Interchange,1.2732663,103.8419301
Opposite Springfield Secondary School (75031),75031,Bus Stop,1.3508369,103.9294447
Opposite Springleaf Nature Park (57011),57011,Bus Stop,1.4001584,103.8171398
Opposite Springvale (93079),93079,Bus Stop,1.3125206,103.924946
Opposite Sri Mariamman Temple (05189),05189,Bus Stop,1.2821165,103.8452778
Opposite State Court (06171),06171,Bus Stop,1.2860219,103.8425001
Opposite Sumitomo Bakelite Singapore (47821),47821,Bus Stop,1.4607995,103.8059325
Opposite Summerdale (21691),21691,Bus Stop,1.341242,103.7119222
Opposite Sun Plaza (58259),58259,Bus Stop,1.4477584,103.818869
Opposite Sunrise Gardens (55081),55081,Bus Stop,1.3917779,103.8559762
Opposite Sunshine Bakery (47809),47809,Bus Stop,1.4638099,103.8136298
Opposite Suntec City (80151),80151,Bus Stop,1.2962562,103.8577232
Opposite Suntec Convention Centre (02159),02159,Bus Stop,1.293541,103.8584096
Opposite Super Continental (25439),25439,Bus Stop,1.3387806,103.6363238
Opposite Super Continental (25491),25491,Bus Stop,1.33908,103.6380974
Opposite Tagore Road (56051),56051,Bus Stop,1.3824959,103.8257865
Opposite Taman Jurong Greens (21201),21201,Bus Stop,1.336816,103.717709
Opposite Tampines Changkat Community Club (76339),76339,Bus Stop,1.3453636,103.9476012
Opposite Tampines Dormitory (74059),74059,Bus Stop,1.3660986,103.9292848
Opposite Tampines East Station (76229),76229,Bus Stop,1.3560965,103.9534982
Opposite Tampines Station/Interchange (76149),76149,Bus Interchange,1.3536575,103.946394
Opposite Tan Boon Chong Avenue (11289),11289,Bus Stop,1.3162133,103.788971
Opposite Tan Kah Kee Station (41069),41069,Bus Stop,1.3266142,103.8074869
Opposite Tan Tock Seng Hospital (50129),50129,Bus Stop,1.3189498,103.8492656
Opposite Tan Tong Meng Tower (51011),51011,Bus Stop,1.3281083,103.8399841
Opposite Tanglin Secondary School (20299),20299,Bus Stop,1.310941,103.7585557
Opposite Tanglin Trust School (18181),18181,Bus Stop,1.2971303,103.7937283
Opposite Tanglin View (10271),10271,Bus Stop,1.2911648,103.8175644
Opposite Tanjong Katong Complex (82111),82111,Bus Stop,1.3160857,103.8938108
Opposite Tanjong Katong Girls' School (82071),82071,Bus Stop,1.3072181,103.8954115
Opposite Tanjong Katong Primary School (82259),82259,Bus Stop,1.303918,103.900094
Opposite Tanjong Katong Secondary School (82241),82241,Bus Stop,1.307747,103.8985
Opposite Tanjong Pagar Distripark Blk F5 (14089),14089,Bus Stop,1.2704738,103.8297586
Opposite Tanjong Ria Condominium (90039),90039,Bus Stop,1.2973154,103.8765072
Opposite Tanoto Shipyard (23469),23469,Bus Stop,1.3050809,103.6968572
Opposite Tech View (72131),72131,Bus Stop,1.3379113,103.909941
Opposite Techplace 2 (54651),54651,Bus Stop,1.3785441,103.8655043
Opposite Teen Challenge (31161),31161,Bus Stop,1.3725301,103.7021042
Opposite Telok Blangah Market/Food Centre (14491),14491,Bus Stop,1.272788,103.807945
Opposite Telok Blangah Station (14169),14169,Bus Stop,1.2711687,103.809368
Opposite Temasek Junior College (84119),84119,Bus Stop,1.319696,103.9352357
Opposite Temasek Polytechnic (75231),75231,Bus Stop,1.3470177,103.9327024
Opposite Temasek Polytechnic East G (75221),75221,Bus Stop,1.3456457,103.9360042
Opposite Temasek Polytechnic West G (75241),75241,Bus Stop,1.3484667,103.9298452
Opposite Temasek Secondary School (94051),94051,Bus Stop,1.3171577,103.9471971
Opposite Tengah Air Base (30019),30019,Bus Stop,1.3731153,103.7130644
Opposite Textile Centre (01231),01231,Bus Stop,1.3032741,103.8610629
Opposite The Clearwater Condominium (75341),75341,Bus Stop,1.33829,103.9338291
Opposite The Fisherman Church (11471),11471,Bus Stop,1.2995576,103.8031832
Opposite The Gateway (01511),01511,Bus Stop,1.2992801,103.8586875
Opposite The Greenwich (67041),67041,Bus Stop,1.3880348,103.8703393
Opposite The Helping Hand (63029),63029,Bus Stop,1.3572727,103.882222
Opposite The Hillford (42181),42181,Bus Stop,1.343762,103.769348
Opposite The Hillside (43029),43029,Bus Stop,1.3521785,103.7699817
Opposite The Holy Family Church (92121),92121,Bus Stop,1.3072611,103.9067392
Opposite The Holy Trinity Church (76081),76081,Bus Stop,1.3495213,103.9492905
Opposite The Index (25711),25711,Bus Stop,1.2885727,103.6250589
Opposite The Infiniti (20039),20039,Bus Stop,1.3210222,103.7547679
Opposite The JTC Summit (28201),28201,Bus Stop,1.3321876,103.7418115
Opposite The Japanese Association (41131),41131,Bus Stop,1.3298257,103.8145999
Opposite The Japanese Secondary School (20281),20281,Bus Stop,1.3123181,103.7546879
Opposite The Linear (44011),44011,Bus Stop,1.3744504,103.7625624
Opposite The Midtown (64049),64049,Bus Stop,1.3703634,103.896075
Opposite The Minton (62221),62221,Bus Interchange,1.3508323,103.8825755
Opposite The Nautical (58021),58021,Bus Stop,1.4432826,103.8236933
Opposite The Nexus (42039),42039,Bus Stop,1.3346938,103.7877212
Opposite The Petals Condominium (43231),43231,Bus Stop,1.3539204,103.7600429
Opposite The Rail Mall (43051),43051,Bus Stop,1.360403,103.7668565
Opposite The Ritz-Carlton (02171),02171,Bus Stop,1.2904326,103.8610331
Opposite The Rivervale (65011),65011,Bus Stop,1.3815936,103.8972299
Opposite The Rivervale (67729),67729,Bus Stop,1.3794729,103.898755
Opposite The Shaughnessy (59751),59751,Bus Stop,1.4174461,103.8459196
Opposite The Summit (94039),94039,Bus Stop,1.3148549,103.9406389
Opposite The Synergy (28049),28049,Bus Stop,1.3306797,103.7481848
Opposite The Treasury (04249),04249,Bus Stop,1.2905265,103.850327
Opposite Thomson Medical Centre (50059),50059,Bus Stop,1.3254393,103.8422132
Opposite Thomson Plaza (53059),53059,Bus Stop,1.3553774,103.831495
Opposite TimMac @ Kranji (49259),49259,Bus Stop,1.43705,103.756005
Opposite Tiong Bahru Park (10171),10171,Bus Stop,1.2873416,103.8234561
Opposite Tiong Bahru Station (10161),10161,Bus Stop,1.2859427,103.8266883
Opposite Toa Payoh Polyclinic (52489),52489,Bus Stop,1.335377,103.8586341
Opposite Toa Payoh Station (52181),52181,Bus Stop,1.3329198,103.8464946
Opposite Toh Guan Centre (28689),28689,Bus Stop,1.3372397,103.7544563
Opposite Toh Tuck Cresent (42291),42291,Bus Stop,1.3377222,103.7643266
Opposite Townsville Primary School (54609),54609,Bus Stop,1.3593241,103.8553321
Opposite Toyo Ink (24139),24139,Bus Stop,1.3273359,103.6719301
Opposite Track 11 (32059),32059,Bus Stop,1.4090305,103.701233
Opposite Track 13 (32079),32079,Bus Stop,1.4151926,103.7001615
Opposite Track 14 (30059),30059,Bus Stop,1.3743638,103.7266862
Opposite Tractor Road (21319),21319,Bus Stop,1.3237859,103.7098118
Opposite Traffic Police (70091),70091,Bus Stop,1.330718,103.8910438
Opposite Treasure Crest (67641),67641,Bus Stop,1.3980037,103.893426
Opposite Trellis Towers (52079),52079,Bus Stop,1.3293768,103.8438516
Opposite Trinity @ Paya Lebar (70279),70279,Bus Stop,1.3315518,103.8895186
Opposite Trinity Methodist Church (66139),66139,Bus Stop,1.3635541,103.8693768
Opposite Tropica Condominium (75251),75251,Bus Stop,1.3495005,103.9278863
Opposite Tuas Link Station (25421),25421,Bus Stop,1.3413998,103.6375066
Opposite Tuas West Street (25459),25459,Bus Stop,1.332771,103.6341107
Opposite Twin Fountains (47499),47499,Bus Stop,1.4308235,103.8006175
Opposite UE Bizhub Central (55041),55041,Bus Stop,1.3912335,103.8460321
Opposite UE Square (04329),04329,Bus Stop,1.2919546,103.8432982
Opposite UMC (77409),77409,Bus Stop,1.381426,103.932338
Opposite Uni-Tech Centre (28699),28699,Bus Stop,1.3356998,103.7571354
Opposite United Square (50029),50029,Bus Stop,1.3164554,103.8448582
Opposite University Health Centre (18321),18321,Bus Stop,1.2987422,103.7756587
Opposite Upper Seletar Reservoir (48081),48081,Bus Stop,1.4054626,103.8088508
Opposite Upper Serangoon Shopping Centre (63011),63011,Bus Stop,1.35436,103.878333
Opposite Utoc Engineering (21329),21329,Bus Stop,1.3268824,103.7090343
Opposite Valley Point (13051),13051,Bus Interchange,1.2933504,103.8263634
Opposite Varco (23141),23141,Bus Stop,1.3266521,103.684011
Opposite Varsity Park (17011),17011,Bus Stop,1.2938593,103.7668672
Opposite Veerasamy Road (07419),07419,Bus Stop,1.3064912,103.856102
Opposite Victoria Junior College (93189),93189,Bus Stop,1.3036532,103.9194461
Opposite Village Hotel (14529),14529,Bus Stop,1.2533191,103.8211579
Opposite Village Tower (12199),12199,Bus Stop,1.3154629,103.7781221
Opposite Visionaire (58269),58269,Bus Stop,1.447065,103.8276688
Opposite VivoCity (14119),14119,Bus Stop,1.2659529,103.8222912
Opposite War Memorial Park (02119),02119,Bus Stop,1.2918884,103.8553564
Opposite Waseda S Senior High School (17029),17029,Bus Stop,1.2974962,103.7672159
Opposite Wason Wood Industrial (49071),49071,Bus Stop,1.4293151,103.7471133
Opposite Waterfront Isle (84611),84611,Bus Stop,1.339215,103.927902
Opposite Waterfront Key (84601),84601,Bus Stop,1.338217,103.9311425
Opposite Waterfront Waves (84631),84631,Bus Stop,1.3388065,103.9294866
Opposite Wellington Primary School (58481),58481,Bus Stop,1.4530768,103.822701
Opposite West Bay Resort Condominium (17389),17389,Bus Stop,1.2991211,103.7670175
Opposite West Coast Link (17361),17361,Bus Stop,1.2985438,103.763443
Opposite West Coast Park (17299),17299,Bus Stop,1.291196,103.7685921
Opposite West Coast View (17301),17301,Bus Stop,1.294907,103.765172
Opposite West Spring Secondary School (44819),44819,Bus Stop,1.3870697,103.7600105
Opposite West Star (25571),25571,Bus Stop,1.3154424,103.6352291
Opposite Westlink Two (25611),25611,Bus Stop,1.2976574,103.6330062
Opposite Westwood Secondary School (27101),27101,Bus Stop,1.3525474,103.7011524
Opposite Weyhill Close (18179),18179,Bus Stop,1.2998376,103.7930492
Opposite Wharves Building (16219),16219,Bus Stop,1.2800964,103.7837
Opposite White Sands Pri School (78199),78199,Bus Stop,1.3641877,103.9614302
Opposite Whitley Secondary School (53141),53141,Bus Stop,1.3556788,103.8413044
Opposite Wholesale Centre (16239),16239,Bus Stop,1.2864537,103.7788859
Opposite Woodgrove Secondary School (47539),47539,Bus Stop,1.4293337,103.7980053
Opposite Woodlands Auto Hub (47041),47041,Bus Stop,1.4526103,103.7916317
Opposite Woodlands Civic Centre (46329),46329,Bus Stop,1.4344134,103.7874728
Opposite Woodlands Industrial Park D Street 1 (46381),46381,Bus Stop,1.4291072,103.7668201
Opposite Woodlands Mart (46809),46809,Bus Stop,1.4463864,103.7983483
Opposite Woodlands Ring Secondary (46619),46619,Bus Stop,1.4290698,103.7776226
Opposite Woodlands Spectrum 1 (46931),46931,Bus Stop,1.4530221,103.8079425
Opposite Woodlands Sunny Food (47819),47819,Bus Stop,1.4625919,103.8101329
Opposite Woodleigh Mall (61131),61131,Bus Stop,1.3389177,103.8727041
Opposite Woodleigh Park (61029),61029,Bus Stop,1.3361328,103.8705233
Opposite Woodsvale Condominium (47619),47619,Bus Stop,1.4442724,103.8071333
Opposite Wyeth Pharmaceuticals (25591),25591,Bus Stop,1.3102829,103.6350531
Opposite Xinmin Primary School (63389),63389,Bus Stop,1.370693,103.88246
Opposite YLS Steel (26221),26221,Bus Stop,1.2933857,103.636911
Opposite Yeo's Building (14171),14171,Bus Stop,1.2714666,103.8065037
Opposite Yeow San Private Limited (24129),24129,Bus Stop,1.326173,103.669817
Opposite Yew Mei Green Condominium (45371),45371,Bus Stop,1.3953104,103.7519562
Opposite Yew Tee Industrial Estate (45039),45039,Bus Stop,1.395951,103.7544035
Opposite Yew Tee Industrial Estate Blk 1 (45049),45049,Bus Stop,1.3977795,103.7550371
Opposite Yew Tee Station (45329),45329,Bus Stop,1.397412,103.7478965
Opposite Yio Chu Kang Community Club (55169),55169,Bus Stop,1.3811384,103.8410103
Opposite Yio Chu Kang Stadium (55311),55311,Bus Stop,1.3842943,103.8468412
Opposite Yio Chu Kang Station (55181),55181,Bus Stop,1.3813475,103.8439861
Opposite Yishun Community Hospital (59611),59611,Bus Stop,1.4242174,103.8367078
Opposite Yishun Emerald (59529),59529,Bus Stop,1.4404448,103.8317854
Opposite Yishun Industrial Park A (59221),59221,Bus Stop,1.4389667,103.8350198
Opposite Yishun Primary School (59109),59109,Bus Stop,1.4344041,103.8332191
Opposite Yishun Sports Hall (59031),59031,Bus Stop,1.4127723,103.8308424
Opposite Yishun Station (59073),59073,Bus Stop,1.428724,103.8354887
Opposite Yishun Station Exit B (59159),59159,Bus Stop,1.4305495,103.8345201
Opposite Youth Flying Club (68131),68131,Bus Stop,1.4159104,103.8617244
Opposite Yuying Secondary School (63279),63279,Bus Stop,1.3562628,103.8897661
Opposite Zhenghua Primary School (44239),44239,Bus Stop,1.3784663,103.7698891
Opposite Zhongshan Mall (50179),50179,Bus Stop,1.3264514,103.8465082
Opto-Pharm (25099),25099,Bus Stop,1.3339278,103.6449284
Orchard Boulevard Station Exit 1 (09139),09139,Bus Stop,1.303543,103.8236855
Orchard Plaza (08137),08137,Bus Stop,1.3006857,103.8409687
Orchard Station Exit 13 (09022),09022,Bus Stop,1.3025248,103.8323988
Orchard Station/Lucky Plaza (09048),09048,Bus Stop,1.3039115,103.8341132
Orchard Station/Tang Plaza (09047),09047,Bus Stop,1.3045082,103.8329405
Orchid Country Club (59749),59749,Bus Stop,1.4150648,103.8445374
Orchid Park Condominium (59499),59499,Bus Stop,1.4131451,103.8345978
Our Tampines Hub (76051),76051,Bus Stop,1.3528281,103.9412794
Outram Park Station Exit 1 (06029),06029,Bus Stop,1.2816294,103.8386887
Outram Park Station Exit 4 (05069),05069,Bus Stop,1.2801881,103.8402408
Outram Park Station Exit 6/SGH (10018),10018,Bus Stop,1.2789965,103.8385905
Outram Park Station Exit 7 (06011),06011,Bus Stop,1.2807947,103.8388794
PB Packaging Systems (21521),21521,Bus Stop,1.3340806,103.7145574
PEC Limited (23389),23389,Bus Stop,1.3075614,103.6937924
PLAB 7ransfer,N/A,Bus Interchange,1.344554,103.9005273
PPIS Bukit Batok (43631),43631,Bus Stop,1.3478193,103.7684415
PPL Shipyard (29101),29101,Bus Stop,1.2985611,103.7500656
PUB Quarter (49211),49211,Bus Stop,1.4386628,103.7350537
PUB Recreation Club (66079),66079,Bus Stop,1.343519,103.867056
PUB Sub-Station (27181),27181,Bus Stop,1.3559391,103.6890987
Palm Gdns (44449),44449,Bus Stop,1.3788684,103.7476147
Pan Tech Industrial Complex (20341),20341,Bus Stop,1.3118791,103.7505301
Panasonic (84139),84139,Bus Stop,1.3214433,103.9277803
Panasonic Industrial Devices (24499),24499,Bus Stop,1.325967,103.674436
Pandan Valley (12169),12169,Bus Stop,1.3191514,103.7772012
Pandan Valley Condominium (12031),12031,Bus Stop,1.3207995,103.7797156
Parc Oasis (28451),28451,Bus Stop,1.343946,103.7346448
Parc Olympia (98299),98299,Bus Stop,1.3558923,103.9655895
Parish Of Christ Church (50019),50019,Bus Stop,1.3119371,103.8476374
Park Natura (43201),43201,Bus Stop,1.3469405,103.7647616
Park Shore Condominium (90019),90019,Bus Stop,1.296585,103.8690124
Parkview Square (01139),01139,Bus Stop,1.3003774,103.8572339
Parkway East Hospital (83151),83151,Bus Stop,1.3148775,103.9091407
Parkwood Residences (63209),63209,Bus Stop,1.3660907,103.8752694
Pasir Laba Camp (24049),24049,Bus Stop,1.3309243,103.6737852
Pasir Panjang Centre (15161),15161,Bus Stop,1.2744188,103.7968394
Pasir Panjang Station/Food Centre (15191),15191,Bus Stop,1.2758939,103.7924847
Pasir Ris Elias Community Club (77201),77201,Bus Stop,1.3786347,103.9427229
Pasir Ris Interchange (77009),77009,Bus Interchange,1.373696,103.94845
Pasir Ris Park (77129),77129,Bus Stop,1.3839899,103.9437038
Pasir Ris Primary School (78131),78131,Bus Stop,1.3730847,103.9637166
Pasir Ris Station Exit B (77039),77039,Bus Stop,1.3724292,103.9486411
Pasir Ris Town Park (77049),77049,Bus Stop,1.3694876,103.9514647
Pasir View Park (15219),15219,Bus Stop,1.2781796,103.7869722
Paxocean (26059),26059,Bus Stop,1.3166785,103.6408204
Paya Lebar Air Base (71189),71189,Bus Stop,1.3448876,103.8992252
Paya Lebar Gardens (62029),62029,Bus Stop,1.3440924,103.8828008
Paya Lebar Girls' School (63301),63301,Bus Stop,1.3514567,103.8853358
Paya Lebar Station Exit B (81111),81111,Bus Stop,1.3185242,103.8921644
Paya Lebar Station Exit C (81119),81119,Bus Stop,1.3184219,103.891701
Paya Lebar Station Exit D (81129),81129,Bus Stop,1.3163353,103.892194
Paya Ubi Industrial Park (71201),71201,Bus Stop,1.3261245,103.8979059
Peace Centre (07011),07011,Bus Stop,1.3008565,103.8498417
Pebble Bay (90021),90021,Bus Stop,1.2972001,103.8712992
Pec (25541),25541,Bus Stop,1.3297814,103.6478376
Pei Chun Public School (52341),52341,Bus Stop,1.3362704,103.855697
Pei Hwa Presbyterian Primary School (42071),42071,Bus Stop,1.3386862,103.7770058
Pek Kio Market (50081),50081,Bus Stop,1.316565,103.850315
Pfizer Global (25601),25601,Bus Stop,1.301632,103.634717
Phoenix Station (44141),44141,Bus Stop,1.3783463,103.7577632
Pine Grove Condominium (12051),12051,Bus Stop,1.3198638,103.7739606
Pioneer Junction (22189),22189,Bus Stop,1.3336908,103.6966722
Pioneer Station Exit A (22521),22521,Bus Stop,1.3374226,103.6977535
Pioneer Station Exit B (22529),22529,Bus Stop,1.3377778,103.6973331
Plaza Parkroyal (01529),01529,Bus Stop,1.3004331,103.8604334
Poh Cheong Concrete Products (49061),49061,Bus Stop,1.4260453,103.7490121
Poi Ching School (75329),75329,Bus Stop,1.3576653,103.9362676
Police Coast Guard (34009),34009,Bus Stop,1.444774,103.7075597
Police KINS Training Camp (12119),12119,Bus Stop,1.3193406,103.7720042
Police Pass Office (95131),95131,Bus Stop,1.3855674,103.9997483
Police Pass Office (95139),95139,Bus Stop,1.385335,103.9991951
Police Tactical Training Camp (45209),45209,Bus Stop,1.4099818,103.7665946
Porsche Centre Singapore (10211),10211,Bus Stop,1.2908101,103.8113484
Potong Pasir Community Club (61099),61099,Bus Stop,1.3323452,103.8670786
Potong Pasir Station Exit A (61069),61069,Bus Stop,1.3327521,103.8684383
Potong Pasir Station Exit B (60269),60269,Bus Stop,1.3312008,103.8692685
Potong Pasir Station Exit C (60261),60261,Bus Stop,1.3312646,103.8688745
Pratt & Whitney Canada (98219),98219,Bus Stop,1.380258,103.9733957
Precision Products (24219),24219,Bus Stop,1.3182245,103.6627217
Premier Milk Private Limited (21339),21339,Bus Stop,1.3304458,103.7083336
Prince George's Park Terminal,N/A,Bus Interchange,1.2918246,103.7804209
Princess Elizabeth Primary School (43341),43341,Bus Stop,1.3497099,103.7413924
Progen Building (46301),46301,Bus Stop,1.4426788,103.7828635
Progress Galvanizing (24601),24601,Bus Stop,1.3132852,103.654837
Progress Galvanizing (26019),26019,Bus Stop,1.3186328,103.6480426
Prologis (95171),95171,Bus Stop,1.3746363,104.0020543
Promenade Station Exit B (02169),02169,Bus Stop,1.2933384,103.8607085
Promenade Station/Pan Pacific (02089),02089,Bus Stop,1.2915269,103.8592061
Prudential Tower (03021),03021,Bus Stop,1.2825051,103.8499522
Punggol Bus Interchange,N/A,Bus Interchange,1.4040147,103.9026705
Punggol Bus Interchange (65009),65009,Bus Interchange,1.4036834,103.9021568
Punggol Coast Bus Interchange,N/A,Bus Interchange,1.4151917,103.9083363
Punggol Coast Interchange (69009),69009,Bus Interchange,1.4151288,103.9086223
Punggol Coast Station (65729),65729,Bus Stop,1.414675,103.911277
Punggol Community Club (64379),64379,Bus Stop,1.3746646,103.8926488
Punggol Cove Primary School (65671),65671,Bus Stop,1.4112471,103.898783
Punggol Park (64079),64079,Bus Stop,1.3749958,103.8977469
Punggol Secondary School (65381),65381,Bus Stop,1.4021363,103.9097855
Punggol Secondary/Blk 601B (65281),65281,Bus Stop,1.401923,103.907859
Punggol Station/Interchange (65259),65259,Bus Interchange,1.405304,103.9015108
Punggol Station/Waterway Point (65251),65251,Bus Interchange,1.4052075,103.9033023
Punggol View Primary School (65351),65351,Bus Stop,1.4059238,103.9048756
Pusara Aman Mosque (31051),31051,Bus Stop,1.3722107,103.6944186
Queen Street Terminal (01109),01109,Bus Interchange,1.3034506,103.8566097
Queens Condominium (11131),11131,Bus Stop,1.2928603,103.8070952
Queenstown Library (11481),11481,Bus Stop,1.2981234,103.8060078
Queenstown Polyclinic (11059),11059,Bus Stop,1.2987234,103.8007869
Queenstown Primary School (11499),11499,Bus Stop,1.2968557,103.8078743
Queenstown Station Exit A/D (11141),11141,Bus Stop,1.2946189,103.8057402
Queenstown Station Exit B/C (11149),11149,Bus Stop,1.2944482,103.8063998
Queensway Secondary School (11069),11069,Bus Stop,1.3025375,103.8015922
Queensway Secondary School (11469),11469,Bus Stop,1.3011157,103.8019332
RS Components (26331),26331,Bus Stop,1.308683,103.6321291
Raffles Country Club (25221),25221,Bus Stop,1.3351358,103.6510925
Raffles Hotel (02049),02049,Bus Stop,1.2945685,103.854012
Raffles Institute (53219),53219,Bus Stop,1.3460636,103.8465656
Raffles Institute (53301),53301,Bus Stop,1.348611,103.845924
Raffles Place Station Exit F (03031),03031,Bus Stop,1.2820939,103.8508796
Raffles Town Club (40231),40231,Bus Stop,1.322119,103.825681
Ranggung Station Exit A (67211),67211,Bus Stop,1.3838466,103.8977556
Ranggung Station Exit B (67219),67219,Bus Stop,1.3836844,103.8975133
Raya Garden (62039),62039,Bus Stop,1.3464916,103.8810728
Redhill Station (10209),10209,Bus Stop,1.2895019,103.8167949
Reebonz Building (75461),75461,Bus Stop,1.3659086,103.9336321
Regent Grove Condominium (45399),45399,Bus Stop,1.3998196,103.7500431
Regent Heights (43549),43549,Bus Stop,1.3528502,103.7552207
Regent Park (17059),17059,Bus Stop,1.3168098,103.7615166
Regent Villa (11329),11329,Bus Stop,1.322342,103.7910604
Regentville (64499),64499,Bus Stop,1.3748365,103.8782858
Ren Ci @ Bukit Batok Street 52 (43801),43801,Bus Stop,1.355216,103.7517342
Renjong Station Exit A (67299),67299,Bus Stop,1.3867906,103.8897661
Renjong Station Exit B (67291),67291,Bus Stop,1.3871461,103.8897594
Republic Polytechnic (46269),46269,Bus Stop,1.4422537,103.7857872
Resort World Sentosa (14519),14519,Bus Stop,1.2561714,103.8208643
Revival Centre Church (50111),50111,Bus Stop,1.3187566,103.846574
Richee Engineering (26171),26171,Bus Stop,1.320139,103.647133
Rindu Terrace (62151),62151,Bus Stop,1.3456902,103.8775423
Rio Vista (64329),64329,Bus Stop,1.3724834,103.9006146
Ripple Bay (78269),78269,Bus Stop,1.3786399,103.9609454
Ris Grandeur (77061),77061,Bus Stop,1.373701,103.9403494
River Place Condominium (06169),06169,Bus Stop,1.2893833,103.8400054
River Valley High School (21391),21391,Bus Stop,1.3449406,103.7086329
River Valley Residences (13069),13069,Bus Stop,1.2948567,103.8288667
River Valley Suites (13063),13063,Bus Stop,1.2954507,103.8295601
Riverfront Residences (64311),64311,Bus Stop,1.3701363,103.900257
Riverside Secondary School (46251),46251,Bus Stop,1.4407491,103.7890364
Rivervale Primary School (67231),67231,Bus Stop,1.3932664,103.9039489
Riviera Station Exit A (65239),65239,Bus Stop,1.3940537,103.916067
Riviera Station Exit B (65231),65231,Bus Stop,1.3941905,103.9156998
Rochor Station (07531),07531,Bus Stop,1.3038928,103.8522052
Rockwool (25341),25341,Bus Stop,1.3218881,103.6519876
Rolls Royce Private Limited (68101),68101,Bus Stop,1.4037031,103.8639593
Rosewood (46341),46341,Bus Stop,1.431716,103.7863076
Rotary Engineering (26091),26091,Bus Stop,1.3246272,103.6361699
Roxy Square (92119),92119,Bus Stop,1.304407,103.902783
Royal Plaza On Scotts (09212),09212,Bus Stop,1.3070212,103.8327117
Royal Thai Embassy (09179),09179,Bus Stop,1.305835,103.8304631
Rumbia Station Exit A (67229),67229,Bus Stop,1.3910985,103.9061155
Rumbia Station Exit B/Blk 153 (67221),67221,Bus Stop,1.3913409,103.9062552
S.A. Deaf (80149),80149,Bus Stop,1.3075552,103.8796767
SAF Ferry Terminal (95091),95091,Bus Stop,1.3872593,103.9996661
SAFTI Military Institute (23079),23079,Bus Stop,1.3301737,103.6818239
SATS Cargo Terminal (95049),95049,Bus Stop,1.3735071,103.9943983
SATS Catering (97179),97179,Bus Stop,1.3455471,103.9700106
SATS Maintenance Centre 2 (97189),97189,Bus Interchange,1.3467007,103.9713517
SBST Ang Mo Kio Depot (55239),55239,Bus Stop,1.3869294,103.8480552
SBST Bedok North Depot (84591),84591,Bus Stop,1.3377848,103.947016
SBST Bukit Batok Depot (43211),43211,Bus Stop,1.3408194,103.7551649
SBST Hougang Depot (62241),62241,Bus Stop,1.3450898,103.8912025
SBST Soon Lee Depot (22191),22191,Bus Stop,1.3313559,103.6983831
SCDF Nee Soon Camp (48091),48091,Bus Stop,1.4028138,103.8123364
SDE3 (16149),16149,Bus Stop,1.297769,103.769874
SIS Building (10281),10281,Bus Stop,1.2914949,103.8145271
SKK (S) Private Limited (23171),23171,Bus Stop,1.3278849,103.6911349
SLF Complex (51049),51049,Bus Stop,1.3337888,103.8379892
SMC Manufacturing (25109),25109,Bus Stop,1.3346034,103.6472732
SMRT,N/A,Bus Interchange,1.387874,103.846096
SMRT Buses Ang Mo Kio Depot (55229),55229,Bus Stop,1.3884627,103.8459071
SMRT Ulu Pandan Depot (28109),28109,Bus Stop,1.3332345,103.7593951
SNL Logistics Private Limited (24301),24301,Bus Stop,1.3125569,103.665892
SPC Service Station (21121),21121,Bus Stop,1.3147303,103.716843
ST Aerospace (68149),68149,Bus Stop,1.4189131,103.8627971
Safra Mount Faber (14281),14281,Bus Stop,1.2770537,103.8180315
Saint Andrew's Village (60081),60081,Bus Interchange,1.3293017,103.8663442
Saint Anne's Church (65059),65059,Bus Interchange,1.3930687,103.9013398
Saint Anthony's Cano School (84261),84261,Bus Interchange,1.3341421,103.9416746
Saint Anthony's Primary School (43659),43659,Bus Interchange,1.3637667,103.7493282
Saint Gabriel's Primary School (66029),66029,Bus Interchange,1.3501632,103.8614402
Saint Gabriel's Secondary School (62161),62161,Bus Interchange,1.3474846,103.8760514
Saint George Chapel (99039),99039,Bus Interchange,1.3876589,103.9820264
Saint Hilda's Secondary School (76129),76129,Bus Interchange,1.3499076,103.9379267
Saint John Headquarters (01419),01419,Bus Interchange,1.3019637,103.8632652
Saint Joseph Institute Junior (50119),50119,Bus Interchange,1.318282,103.8457961
Saint Joseph's Church (01013),01013,Bus Interchange,1.2977082,103.8532023
Saint Joseph's Home (21381),21381,Bus Interchange,1.3504602,103.7098239
Saint Joseph's Institute (40249),40249,Bus Interchange,1.3249247,103.82735
Saint Margaret's Secondary School (41101),41101,Bus Interchange,1.3190814,103.80922
Saint Michael's Place (60161) (60161),60161,Bus Interchange,1.3245917,103.8654592
Saint Michael's Terminal,N/A,Bus Interchange,1.3259983,103.8555169
Saint Michael's Terminal (52499),52499,Bus Interchange,1.3260959,103.855457
Saint Nicholas Girls' (56241),56241,Bus Interchange,1.3719202,103.8332532
Saint Patrick's Green (92149),92149,Bus Interchange,1.3091649,103.913622
Saint Patrick's School (92159),92159,Bus Interchange,1.3097697,103.9165785
Saint Patrick's Secondary School (92081),92081,Bus Interchange,1.3074896,103.9175709
Saint Teresa's Church (14229),14229,Bus Interchange,1.2737067,103.828575
Saint Theresa's Convent (14031),14031,Bus Interchange,1.2761903,103.8229996
Saint Theresa's Home (53011),53011,Bus Interchange,1.3455053,103.8382252
Saint Thomas Walk (13081),13081,Bus Interchange,1.2959198,103.836239
Samudera Station Exit A (65629),65629,Bus Stop,1.4164659,103.9024412
Samudera Station Exit B (65621),65621,Bus Stop,1.4160932,103.9025562
Sanmina-SCI (29019),29019,Bus Stop,1.3080777,103.7337357
Sant Ritz (60209),60209,Bus Stop,1.3296513,103.8689154
Schenker (64161),64161,Bus Stop,1.3710591,103.9110688
"School Of Art, Design and Media (27061)",27061,Bus Stop,1.3498804,103.6838524
School Of CEE (27221),27221,Bus Stop,1.346152,103.678494
School Of Science & Tech (19049),19049,Bus Stop,1.3125333,103.7740179
School of PMS (27241),27241,Bus Stop,1.3401156,103.6817656
School of the Arts (08079),08079,Bus Stop,1.2990858,103.8490353
Sci Park 2/The Galen (15111),15111,Bus Stop,1.2867595,103.7848201
Sci Park 2/The Gemini (15121),15121,Bus Stop,1.2889651,103.7836806
Science Park (18131),18131,Bus Stop,1.2894496,103.7918421
Seagate (46741),46741,Bus Stop,1.4464261,103.8070142
Seagate (47629),47629,Bus Stop,1.446678,103.80986
Seamap (97181),97181,Bus Stop,1.3478494,103.97215
Seaside Residences (93149),93149,Bus Stop,1.3073349,103.9279549
Seasons Park (55029),55029,Bus Stop,1.3857151,103.8393216
Secura Singapore (22179),22179,Bus Stop,1.3301285,103.6967059
See Hup Seng (26369),26369,Bus Stop,1.2983434,103.6230277
Selarang Park Drug Rehabilitation (97081),97081,Bus Stop,1.3713522,103.9797989
Selegie Centre (07021),07021,Bus Stop,1.3036216,103.8500105
Seletar Airport (68239),68239,Bus Stop,1.4139582,103.8729871
Seletar Hills Estate (67059),67059,Bus Stop,1.3872612,103.8724764
Sembawang Camp (58141),58141,Bus Stop,1.4633715,103.8165232
Sembawang Corporation Industries (58171),58171,Bus Stop,1.4588731,103.8238255
Sembawang Drug Rehabilitationb Centre (58181),58181,Bus Stop,1.4596363,103.8262657
Sembawang Interchange (58009),58009,Bus Interchange,1.4474818,103.8194139
Sembawang Interchange/Opposite Blk 315 (58241),58241,Bus Interchange,1.4472398,103.8201478
Sembawang Park (58091),58091,Bus Stop,1.4620777,103.8378981
Sembawang Secondary School (58281),58281,Bus Stop,1.4450606,103.8162392
Sembawang Station (58211),58211,Bus Stop,1.4492656,103.8197637
Seng Heng Engineering (24571),24571,Bus Stop,1.3236781,103.6690664
Sengkang Bus Interchange,N/A,Bus Interchange,1.391697,103.896068
Sengkang General Hospital (67419),67419,Bus Stop,1.3944463,103.8938455
Sengkang Interchange (67009),67009,Bus Interchange,1.3915168,103.8961049
Sengkang Station (67409),67409,Bus Stop,1.3929399,103.8953082
Sengkang Station Exit C (67689),67689,Bus Stop,1.3907486,103.8951503
Senja FC (44811),44811,Bus Stop,1.3867987,103.7612983
Senkee Logistics Hub (29149),29149,Bus Stop,1.3018004,103.7486048
Serangoon Bus Interchange,N/A,Bus Interchange,1.3505993,103.871819
Serangoon Garden Circus (66271),66271,Bus Stop,1.3639626,103.8657938
Serangoon Gardens Country Club (66261),66261,Bus Stop,1.3656001,103.8663337
Serangoon Interchange (66009),66009,Bus Interchange,1.3508415,103.8714905
Serangoon Secondary School (64069),64069,Bus Stop,1.3752605,103.901298
Serangoon Sports Complex (63369),63369,Bus Stop,1.3566973,103.8741556
Serangoon Stadium (63149),63149,Bus Stop,1.3550013,103.874507
Serangoon Station Exit A/Blk 413 (62139),62139,Bus Stop,1.3491106,103.8734233
Serangoon Station Exit C/Blk 201 (66359),66359,Bus Stop,1.350854,103.8732734
Serangoon Station Exit D/Blk 416 (62189),62189,Bus Stop,1.3500801,103.8743246
Serangoon Station Exit E (66351),66351,Bus Stop,1.3504659,103.8732086
Serangoon Station Exit F (66389),66389,Bus Stop,1.3511385,103.8708209
Serangoon Station Exit H (62131),62131,Bus Stop,1.3492164,103.873
Serangoon Swimming Complex (63161),63161,Bus Stop,1.3571429,103.8753056
Serenity Park (55109),55109,Bus Stop,1.3904729,103.8599561
Seventh-Day Advent Church (28441),28441,Bus Stop,1.3357434,103.7387986
Sew-Eurodrive (25179),25179,Bus Stop,1.3252515,103.6571374
Shaw Plaza (50201),50201,Bus Stop,1.3248796,103.8509341
Shaw Towers (01629),01629,Bus Stop,1.2970607,103.8568861
Shenton Way Station Exit 3 (03549),03549,Bus Stop,1.2776961,103.8504478
Shenton Way Terminal,N/A,Bus Interchange,1.2744071,103.8476163
Shenton Way Terminal (03239),03239,Bus Interchange,1.2742403,103.847464
Shriro House (10401),10401,Bus Stop,1.2881467,103.8117398
Shun Li Industrial Park (72149),72149,Bus Stop,1.3383467,103.9117053
Shunfu Estate (53029),53029,Bus Stop,1.3495518,103.8370761
Shunfu Mart (53291),53291,Bus Stop,1.3521487,103.8371994
Si Ling Secondary School (46169),46169,Bus Stop,1.4453339,103.775269
Siem Seng Hing (25811),25811,Bus Stop,1.3319211,103.6428094
Siglap Community Club/Opposite Blk 71 (84079),84079,Bus Stop,1.3209341,103.9432592
Siglap South Community Club (93099),93099,Bus Stop,1.3138696,103.9317822
Siglap Station/Laguna Park (93039),93039,Bus Stop,1.3095847,103.9295415
Siglap Station/Opposite Victoria School (93031),93031,Bus Stop,1.3096295,103.9287928
Signature Park Condominium (42171),42171,Bus Stop,1.3425116,103.7702879
Sim Headquarters (12091),12091,Bus Stop,1.3285734,103.7768299
Sim Hup Co (49049),49049,Bus Stop,1.420054,103.7507481
Sime Darby (21251),21251,Bus Stop,1.3362465,103.710209
Simei Green Condominium (96201),96201,Bus Stop,1.3406712,103.9591569
Simei Green Condominium (96299),96299,Bus Stop,1.3414276,103.9574518
Simei Station (96169),96169,Bus Stop,1.342259,103.9534157
Simei Station/Blk 247 (96149),96149,Bus Stop,1.3444017,103.9531581
Sims Place Terminal (80289),80289,Bus Interchange,1.3160751,103.8793307
Sims Urban Oasis (81091),81091,Bus Stop,1.3199766,103.8816538
Sims Ville (81051),81051,Bus Stop,1.316588,103.890315
Sin Ming Autocity (53519),53519,Bus Stop,1.359619,103.837843
Sin Ming Plaza (53179),53179,Bus Stop,1.353012,103.835773
Sin Soon Huat (21159),21159,Bus Stop,1.3187074,103.7204262
Sing Huat Hardware (24269),24269,Bus Stop,1.318003,103.67664
Sing Industrial Complex (54641),54641,Bus Stop,1.375724,103.864655
Sing-China Building (68061),68061,Bus Stop,1.4070999,103.8720981
Singapore Aviation Academy (99189),99189,Bus Stop,1.3883639,103.9896612
Singapore Bible Coll (41121),41121,Bus Stop,1.3255146,103.8135176
Singapore Discovery Centre (23089),23089,Bus Stop,1.3304366,103.678649
Singapore Epson Industrial (25479),25479,Bus Stop,1.3355522,103.6415469
Singapore Expo (96229),96229,Bus Stop,1.3312626,103.9580089
Singapore Food Industrial (20329),20329,Bus Stop,1.3150359,103.7510029
Singapore Food Industries Building (20131),20131,Bus Stop,1.3155537,103.7518839
Singapore Indian Association (50239),50239,Bus Stop,1.3182478,103.8551808
Singapore Khalsa Association (50249),50249,Bus Stop,1.3171911,103.8568983
Singapore Management University (04121),04121,Bus Stop,1.296126,103.8496233
Singapore Polo Club (51031),51031,Bus Stop,1.3316291,103.8385999
Singapore Polytechnic (19091),19091,Bus Stop,1.3073906,103.7820329
Singapore Post (18089),18089,Bus Stop,1.2947017,103.7876918
Singapore Post (22181),22181,Bus Stop,1.3330513,103.6963597
Singapore Power Training Institute (66089),66089,Bus Stop,1.3424336,103.869486
Singapore Rail Test Centre (25251),25251,Bus Stop,1.345284,103.640183
Singapore Science Centre (28251),28251,Bus Stop,1.3337962,103.7369652
Singapore Science Park II (16039),16039,Bus Stop,1.2880183,103.7787096
Singapore Sports School (58449),58449,Bus Stop,1.427092,103.7890672
Singapore Swim Club (90059),90059,Bus Stop,1.297673,103.880126
Singapore Takada Industrial (24359),24359,Bus Stop,1.2978226,103.668857
Singapore Trspt Private Limited (23199),23199,Bus Stop,1.3195076,103.683102
Singapore University of Technology and Design (96449),96449,Bus Stop,1.3398374,103.9638785
Singapore Zoo (48131),48131,Bus Stop,1.4047316,103.7901313
Sit Ley Timber (49029),49029,Bus Stop,1.4135269,103.7519188
Sixth Avenue Centre (42011),42011,Bus Stop,1.3316008,103.7950885
Sixth Avenue Station (41081),41081,Bus Stop,1.3308546,103.7973004
Sixth Avenue Ville (42129),42129,Bus Stop,1.330147,103.7951726
Smarty (26141),26141,Bus Stop,1.3267194,103.6402581
Sol Acres Condo (44129),44129,Bus Stop,1.3774102,103.7508732
Somerset Station (08121),08121,Bus Stop,1.300226,103.8388973
Sommerville Park (11229),11229,Bus Stop,1.3105751,103.8051949
Soon Heng Glass (25189),25189,Bus Stop,1.3238164,103.6586502
Soon Lee Bus Park (22609),22609,Bus Interchange,1.3304814,103.6983043
Southaven II (42119),42119,Bus Stop,1.3463674,103.7724065
Southbank (01341),01341,Bus Stop,1.306524,103.864536
Sp Sma (19021),19021,Bus Stop,1.3094967,103.7813652
Spanish Village (11109),11109,Bus Stop,1.3155204,103.8057343
Spiritual Grace Presbyterian Church (57039),57039,Bus Stop,1.4060996,103.8200079
Springdale Condominium (43019),43019,Bus Stop,1.3482325,103.7710517
Springfield Secondary School (75039),75039,Bus Stop,1.3506955,103.9295949
Springleaf Nature Park (57019),57019,Bus Stop,1.4008688,103.8173614
Springleaf Station Exit 2 (56099),56099,Bus Stop,1.3973121,103.818492
Springleaf Station Exit 3 (56091),56091,Bus Stop,1.3972809,103.8181835
Sri Arasakesari Sivan Temple (45171),45171,Bus Stop,1.4060119,103.7553607
Sri Arasakesari Sivan Temple (45179),45179,Bus Stop,1.4060516,103.7551941
Sri Vadapathira K Temple (07221),07221,Bus Stop,1.3149357,103.857832
St. Andrew's Mission School (43629),43629,Bus Stop,1.3423889,103.7591474
Stadium Station (80199),80199,Bus Stop,1.3015907,103.8750585
Stamford Court (04143),04143,Bus Stop,1.2940901,103.8501808
Stamford Tyre (23029),23029,Bus Stop,1.3230286,103.6864772
Standard Chartered Bank (96371),96371,Bus Stop,1.334548,103.9662864
Starburst Engineering (25621),25621,Bus Stop,1.2943311,103.6318474
Stellar River Valley (13062),13062,Bus Stop,1.294832,103.8284451
Stevens Station Exit 1 (40081),40081,Bus Stop,1.3201348,103.8260626
Stevens Station Exit 3 (40221),40221,Bus Stop,1.3190148,103.825461
Street Aero (73041),73041,Bus Stop,1.3505294,103.8988406
Street Kinetics (25531),25531,Bus Stop,1.3323161,103.6451788
Street Marine (23291),23291,Bus Stop,1.303812,103.6792932
Strides Premier (96331),96331,Bus Stop,1.3313777,103.9676726
Sultan Plaza (01239),01239,Bus Stop,1.3030293,103.861553
Sumang Station Exit A (65609),65609,Bus Stop,1.4077997,103.8980725
Sumang Station Exit B (65601),65601,Bus Stop,1.4077376,103.8983438
Sumitomo Bakelite Singapore (47829),47829,Bus Stop,1.4604759,103.8061529
Summer Place (66119),66119,Bus Stop,1.3568152,103.8681361
Summerdale (21699),21699,Bus Stop,1.3416751,103.7122723
Sun Plaza/Sembawang Station (58251),58251,Bus Stop,1.4480594,103.8189609
Sungei Buloh Wetland Reserve (49209),49209,Bus Stop,1.4451087,103.7297836
Sungei Gedong Camp (32081),32081,Bus Stop,1.4174894,103.7012222
Sunshine Bakery (47801),47801,Bus Stop,1.4640915,103.8129098
Sunshine Place (44689),44689,Bus Stop,1.3780883,103.7385175
Sunshine Plaza (07571),07571,Bus Stop,1.3006133,103.8510835
Suntec City (80159),80159,Bus Stop,1.2959305,103.8579198
Suntec Convention Centre (02151),02151,Bus Stop,1.2931797,103.8578355
Suntec Tower Three (02149),02149,Bus Stop,1.2956046,103.8595553
Suntec Tower Two (02141),02141,Bus Stop,1.2957657,103.8593381
Super Continental (25431),25431,Bus Stop,1.3388149,103.6365323
Super Continental (25499),25499,Bus Stop,1.3386918,103.6382389
Supreme Court (02181),02181,Bus Stop,1.289495,103.85098
Swanson Plastics (29089),29089,Bus Stop,1.3013762,103.7528323
T-Space (75619),75619,Bus Stop,1.372203,103.9345813
T5@tampines (75381),75381,Bus Stop,1.3731021,103.9266563
Tai Sin Electric Cables (24189),24189,Bus Stop,1.3111823,103.6619438
Taman Jurong Greens (21209),21209,Bus Stop,1.336793,103.718198
Tampines Concourse Interchange (75019),75019,Bus Interchange,1.3573559,103.9417159
Tampines Dormitory (74051),74051,Bus Stop,1.366363,103.929336
Tampines Dormitory (75311),75311,Bus Stop,1.3674486,103.9307296
Tampines East Community Club (76101),76101,Bus Stop,1.3530018,103.9547488
Tampines East Station Exit A (76221),76221,Bus Stop,1.3563275,103.954004
Tampines East Station Exit B (76031),76031,Bus Stop,1.3549766,103.9553055
Tampines East Station Exit C (76039),76039,Bus Stop,1.3550464,103.9555657
Tampines East Station Exit D (76319),76319,Bus Stop,1.35765,103.9555952
Tampines Interchange (75009),75009,Bus Interchange,1.3542582,103.943563
Tampines Meridian Junior College (77231),77231,Bus Stop,1.3767513,103.9383739
Tampines North Interchange (74009),74009,Bus Interchange,1.3683877,103.9397143
Tampines Station Exit D (76551),76551,Bus Stop,1.3553297,103.9436778
Tampines Station/Interchange (76141),76141,Bus Interchange,1.3536548,103.9461424
Tampines Wafer Fab Park (75351),75351,Bus Stop,1.3732253,103.9305463
Tampines West Station Exit B (75051),75051,Bus Stop,1.3450364,103.9401009
Tan Chiang Bros Marble (49131),49131,Bus Stop,1.4081304,103.7535708
Tan Kah Kee Station (41051),41051,Bus Stop,1.3259874,103.8073427
Tanah Merah Ferry Terminal (96219),96219,Bus Stop,1.3148698,103.9888726
Tanah Merah Station Exit 1 (85099),85099,Bus Stop,1.3268915,103.9464885
Tanah Merah Station Exit 2 (85091),85091,Bus Stop,1.3275469,103.946256
Tanglin Secondary School (20291),20291,Bus Stop,1.3109145,103.7576766
Tanglin Trust School (18189),18189,Bus Stop,1.2983572,103.7938862
Tanglin View (10279),10279,Bus Stop,1.2915206,103.8175806
Tanjong Katong Complex (82119),82119,Bus Stop,1.3161765,103.8940837
Tanjong Katong Flyover (91101),91101,Bus Stop,1.2960422,103.8966623
Tanjong Katong Girls' School (82079),82079,Bus Stop,1.3080557,103.8952043
Tanjong Katong Primary School (82251),82251,Bus Stop,1.305103,103.899669
Tanjong Katong Secondary School (82129),82129,Bus Stop,1.309454,103.89658
Tanjong Katong Secondary School (82249),82249,Bus Stop,1.307375,103.898635
Tanjong Pagar Distripark Blk F5 (14081),14081,Bus Stop,1.2706781,103.8306276
Tanjong Pagar Plaza (05411),05411,Bus Stop,1.2751518,103.8430625
Tanjong Pagar Station Exit C (03223),03223,Bus Stop,1.2758255,103.8462973
Tanjong Rhu Station Exit 1 (90049),90049,Bus Stop,1.2970732,103.8735657
Tanjong Rhu Station Exit 2 (90041),90041,Bus Stop,1.2972273,103.8736472
Tanjong Ria Condominium (90031),90031,Bus Stop,1.2972217,103.8757417
Tannery Blk (70341),70341,Bus Stop,1.3262271,103.8749654
Tanoto Shipyard (23461),23461,Bus Stop,1.305454,103.696476
Tao Nan School (92069),92069,Bus Stop,1.3056786,103.9110017
Teachers' Housing Estate (56191),56191,Bus Stop,1.378823,103.829443
Tech View (72139),72139,Bus Stop,1.3373504,103.9090478
Techplace 2 (54659),54659,Bus Stop,1.3782762,103.866118
Teck Ghee Court (54081),54081,Bus Stop,1.3636182,103.8478988
Teck Lee Station Exit A (65739),65739,Bus Stop,1.413142,103.906954
Teck Lee Station Exit B (65731),65731,Bus Stop,1.413251,103.9066423
Teen Challenge (31169),31169,Bus Stop,1.3723475,103.7000823
Tekka Centre (07031),07031,Bus Stop,1.305589,103.8511242
Teletech Park (16119),16119,Bus Stop,1.2872173,103.7823302
Telok Ayer Station Exit A (03041),03041,Bus Stop,1.281899,103.848862
Telok Blangah Market/Food Centre (14499),14499,Bus Stop,1.2730154,103.8078169
Telok Blangah Station (14161),14161,Bus Stop,1.2708389,103.8087247
Temasek Junior College (84111),84111,Bus Stop,1.3196264,103.9356757
Temasek Polytechnic (75239),75239,Bus Stop,1.3467406,103.9324993
Temasek Polytechnic East G (75229),75229,Bus Stop,1.34497,103.9367714
Temasek Polytechnic West G (75249),75249,Bus Stop,1.3479616,103.9301424
Temasek Secondary School (94059),94059,Bus Stop,1.317003,103.9479077
Tempco Manufacturing (18029),18029,Bus Stop,1.296061,103.789212
Tengah Air Base (30011),30011,Bus Stop,1.3736733,103.7142039
Tengah Bus Interchange,N/A,Bus Interchange,1.3631553,103.7351574
Tengah CC (40389),40389,Bus Stop,1.356473,103.734424
Tengah Interchange (41009),41009,Bus Interchange,1.3628157,103.73551
Tentera Diraja Mosque (16141),16141,Bus Stop,1.297889,103.769638
Thanggam Station (67741),67741,Bus Stop,1.3971134,103.8757463
Thanggam Station Exit A (67749),67749,Bus Stop,1.3970887,103.8755355
The Alpha (16109),16109,Bus Stop,1.2891035,103.7796901
The Amara (05419),05419,Bus Stop,1.2748335,103.8432567
The Buddhist Union (83063),83063,Bus Stop,1.3212502,103.9147857
The Clearwater Condominium (75349),75349,Bus Stop,1.3380675,103.933837
The Crystal Tabernacle Church (16051),16051,Bus Stop,1.2898931,103.7748628
The Esplanade (02061),02061,Bus Stop,1.2899091,103.8564446
The Fisherman Church (11479),11479,Bus Stop,1.2993695,103.8037185
The Float @ Marina Bay (02051),02051,Bus Stop,1.2895748,103.8590508
The Gateway (01519),01519,Bus Stop,1.2992256,103.8590512
The Greenwich (67049),67049,Bus Stop,1.3877189,103.8699921
The Helping Hand (63021),63021,Bus Stop,1.35712,103.881671
The Hillford (42189),42189,Bus Stop,1.343773,103.7696
The Holy Family Church (92129),92129,Bus Stop,1.306849,103.9065314
The Holy Trinity Church (76089),76089,Bus Stop,1.3491585,103.9492134
The Index (25719),25719,Bus Stop,1.2890093,103.6248762
The Infiniti (20031),20031,Bus Stop,1.32051,103.7547157
The Interlace (14369),14369,Bus Interchange,1.281401,103.8036454
The Japanese Primary School (16151),16151,Bus Stop,1.3007697,103.7699037
The Japanese School (97011),97011,Bus Stop,1.3533183,103.9658893
The Japanese Secondary School (20289),20289,Bus Stop,1.3125266,103.7550549
The Leo (71291),71291,Bus Stop,1.3371048,103.9038065
The Linear (44019),44019,Bus Stop,1.3765029,103.7625156
The Midtown (64041),64041,Bus Stop,1.3700979,103.895296
The Minton (62229),62229,Bus Interchange,1.3510895,103.8820843
The Nautical (58029),58029,Bus Stop,1.4431773,103.8239994
The Nexus (42041),42041,Bus Stop,1.3344427,103.7868738
The Pearl @ Mount Faber (14021),14021,Bus Stop,1.27137,103.824801
The Petals Condominium (43239),43239,Bus Stop,1.3530887,103.7600625
The Rail Mall (43059),43059,Bus Stop,1.3594453,103.7674338
The Regent Singapore (09191),09191,Bus Stop,1.3048854,103.8255403
The Rivervale (65019),65019,Bus Stop,1.3814805,103.8974358
The Rivervale (67721),67721,Bus Stop,1.3797382,103.8981821
The Sail (03381),03381,Bus Stop,1.2816739,103.8530535
The Santorini (75409),75409,Bus Stop,1.3521827,103.9273167
The Shaughnessy (59759),59759,Bus Stop,1.417282,103.8461401
The Star Vista (11191),11191,Bus Stop,1.3080015,103.7883825
The Summit (94031),94031,Bus Stop,1.3150564,103.9408717
The Sunny Spring Condominium (81149),81149,Bus Stop,1.3123292,103.8905732
The Synergy (28041),28041,Bus Stop,1.3300075,103.748278
The Tampines Trilliant (76511),76511,Bus Stop,1.3594197,103.9394336
The Tanamera Condominium (84061),84061,Bus Stop,1.3258733,103.9421819
The Tembusu (63131),63131,Bus Stop,1.3612499,103.8902336
The Tessarina (42031),42031,Bus Stop,1.3333386,103.7899496
The Woodgrove (46629),46629,Bus Stop,1.4294609,103.7808561
Thomson Community Club (53039),53039,Bus Stop,1.3514981,103.8359121
Thomson Flyover (51019),51019,Bus Stop,1.3289531,103.8406861
Thomson Medical Centre (50051),50051,Bus Stop,1.325596,103.841868
Thong Huat Bros Private Limited (45041),45041,Bus Stop,1.4003067,103.7554537
Thong Teck Building (09213),09213,Bus Stop,1.3077741,103.8330268
Tien Wah Press Building (17321),17321,Bus Stop,1.3047986,103.7603333
TimMac @ Kranji (49251),49251,Bus Stop,1.437161,103.756171
Times Printers (25349),25349,Bus Interchange,1.3215966,103.6524806
Tiong Bahru Park (10179),10179,Bus Stop,1.2872135,103.8239434
Tiong Bahru Station (10169),10169,Bus Stop,1.2860113,103.8274107
Tiong Ghee Temple (11551),11551,Bus Stop,1.2912916,103.8041708
Toa Payoh Interchange (52009),52009,Bus Interchange,1.3320112,103.8471985
Toa Payoh Police Centre (52449),52449,Bus Stop,1.3404495,103.8500031
Toa Payoh Polyclinic (52481),52481,Bus Stop,1.3352082,103.8585855
Toa Payoh Station (52189),52189,Bus Stop,1.3331424,103.8467851
Toa Payoh Swimming Complex (52501),52501,Bus Stop,1.3309642,103.850008
Toh Guan Centre (28681),28681,Bus Stop,1.3374243,103.7546595
Tong Seng Concrete Limited (49169),49169,Bus Stop,1.4359783,103.7479563
Tower 15 (05431),05431,Bus Stop,1.2740639,103.8420769
Townsville Primary School (54601),54601,Bus Stop,1.3595222,103.855181
Toyochem Ink (25161),25161,Bus Stop,1.3273619,103.655132
Traffic Police (70099),70099,Bus Stop,1.3305441,103.8910586
Transerve (29111),29111,Bus Stop,1.2999975,103.7468063
Treasure Crest (67649),67649,Bus Stop,1.3980474,103.8932805
Trellis Towers (52071),52071,Bus Stop,1.3299289,103.8440502
Tropica Condominium (75259),75259,Bus Stop,1.3490983,103.9279689
Tropical Furniture Limited (49069),49069,Bus Stop,1.4264155,103.7488962
Tru-Marine (23219),23219,Bus Stop,1.3182128,103.6886141
Tru-Marine (26111),26111,Bus Stop,1.3146629,103.6542375
Tuas Amenity Centre (25821),25821,Bus Stop,1.3174638,103.6526044
Tuas Checkpoint,N/A,Bus Interchange,1.3480067,103.6353252
Tuas Checkpoint (25269),25269,Bus Interchange,1.3476754,103.6371819
Tuas Crescent Station Exit A (24709),24709,Bus Stop,1.3208323,103.6489657
Tuas Crescent Station Exit B (24701),24701,Bus Stop,1.3213645,103.6490697
Tuas Link Station (25429),25429,Bus Stop,1.3408823,103.6370786
Tuas Technology Park (26349),26349,Bus Stop,1.311572,103.630909
Tuas Terminal (25009),25009,Bus Stop,1.3416198,103.6394023
Tuas West Road Station Exit A (24719),24719,Bus Stop,1.3298405,103.6394634
Tuas West Road Station Exit B (24711),24711,Bus Stop,1.3301338,103.6398398
Twin Fountains (47491),47491,Bus Stop,1.4310747,103.8005989
Twin Waterfalls (65431),65431,Bus Stop,1.4023894,103.8967356
UE Bizhub Central (55049),55049,Bus Stop,1.3910956,103.8466357
UE Square (04321),04321,Bus Stop,1.2921286,103.8429977
UE Square/Before Mohd Sultan Road (13109),13109,Bus Stop,1.2934826,103.8427497
UIC Building (03129),03129,Bus Stop,1.2779979,103.8495113
UMC (77401),77401,Bus Stop,1.381097,103.932503
UOB Tampines Centre (76131),76131,Bus Stop,1.3518253,103.9425513
UTown - Cendana (17099),17099,Bus Stop,1.3079652,103.7716946
Ubi 55 (71211),71211,Bus Stop,1.3254735,103.895305
Ubi Station Exit A (71129),71129,Bus Stop,1.3297351,103.8991616
Ubi Station Exit B (71121),71121,Bus Stop,1.3301134,103.8994266
Ubi Techpark (71219),71219,Bus Stop,1.3255282,103.895019
Unifine Star Petrochem (26071),26071,Bus Stop,1.3205275,103.6370119
United Medicare Centre (52349),52349,Bus Stop,1.3361728,103.8554275
United Square/Before Novena Station (50021),50021,Bus Stop,1.3173322,103.8442299
University Health Centre (18329),18329,Bus Stop,1.2989593,103.7760594
University Town (19059),19059,Bus Stop,1.3088815,103.7727795
Upper Changi Station/Opposite Singapore University of Technology and Design (96041),96041,Bus Stop,1.3415372,103.9612137
Upper Changi Station/Singapore University of Technology and Design (96049),96049,Bus Stop,1.3408695,103.9614074
Upper East Coast Terminal (94009),94009,Bus Interchange,1.3176647,103.9525996
Upper Seletar Reservoir (48089),48089,Bus Stop,1.405401,103.8082273
Upper Thomson Station Exit 5 (53051),53051,Bus Stop,1.354386,103.8328941
Utoc Engineering (21321),21321,Bus Stop,1.3262396,103.7088387
Utracon Corporation (24531),24531,Bus Stop,1.3062046,103.656911
Uwcsea (75171),75171,Bus Stop,1.3575046,103.9313219
Valley Point (13059),13059,Bus Interchange,1.2931578,103.826502
Varco (23149),23149,Bus Stop,1.3268409,103.6841748
Varsity Park (17019),17019,Bus Stop,1.2939031,103.7670845
Vejoil Private Limited (20331),20331,Bus Stop,1.3132269,103.749245
Versailles Condominium (81141),81141,Bus Stop,1.3120618,103.8904383
Victoria School (93201),93201,Bus Stop,1.3092614,103.9278707
Village Hotel (14521),14521,Bus Stop,1.2535895,103.8203933
Visionaire (58261),58261,Bus Stop,1.4470626,103.8272738
Viz Holland (11081),11081,Bus Stop,1.308612,103.80256
W Atelier (24641),24641,Bus Stop,1.3145547,103.6658758
WYN2000 Logistics Centre (25381),25381,Bus Stop,1.3255181,103.6474153
Wacker Chemicals (98149),98149,Bus Stop,1.3758379,103.9742412
Wang-Fu Industrial Private Limited (28691),28691,Bus Stop,1.3356599,103.7575105
Waseda S Senior High School (17021),17021,Bus Stop,1.2961301,103.7669022
Wason Wood Industrial (49079),49079,Bus Stop,1.429459,103.747214
Waterfront Isle (84619),84619,Bus Stop,1.3389765,103.927481
Waterfront Key (84609),84609,Bus Stop,1.3378724,103.9313761
Waterwoods (65521),65521,Bus Stop,1.3903418,103.9128944
Wee Kim Wee School Of Communications And Information (27231),27231,Bus Stop,1.3420935,103.6792693
Wellington Primary School (58489),58489,Bus Stop,1.4528217,103.8224695
West Bay Resort Condominium (17381),17381,Bus Stop,1.2990279,103.7669006
West Coast Community Club (17289),17289,Bus Stop,1.3023009,103.7647141
West Coast Park (17291),17291,Bus Stop,1.2903432,103.7696974
West Coast View (17309),17309,Bus Stop,1.2953811,103.7652491
West Grove Primary School (27331),27331,Bus Stop,1.3453487,103.6994228
West Spring Pri School (44839),44839,Bus Stop,1.3886306,103.7661778
West Star (25579),25579,Bus Stop,1.3155339,103.6349354
West View Primary School (44791),44791,Bus Stop,1.3836992,103.7606906
Westwood Secondary School (27109),27109,Bus Stop,1.3531284,103.7008048
Wharves Building (16211),16211,Bus Stop,1.2794057,103.7836295
Whitehaven (16049),16049,Bus Stop,1.2891378,103.7774489
Whitley Secondary School (53149),53149,Bus Stop,1.3555729,103.8416469
Wholesale Centre (16231),16231,Bus Stop,1.2863244,103.7786098
Whye Wah Devt & Construction (49021),49021,Bus Stop,1.4133286,103.7517742
Winsland House (08111),08111,Bus Stop,1.2998521,103.8409327
Wisma AUPE (62021),62021,Bus Stop,1.3436958,103.8825569
Woh Hup Building (42111),42111,Bus Stop,1.3457932,103.7727146
Woodgrove Primary School (46971),46971,Bus Stop,1.4318898,103.7903589
Woodhaven (46351),46351,Bus Stop,1.4308593,103.7837329
Woodlands Auto Hub (47049),47049,Bus Stop,1.4524371,103.7926186
Woodlands Checkpoint (46101),46101,Bus Interchange,1.4447262,103.7678241
Woodlands Checkpoint (46109),46109,Bus Interchange,1.4468056,103.7691906
Woodlands Civic Centre (46321),46321,Bus Stop,1.4345482,103.7865274
Woodlands Health Campus (47749),47749,Bus Stop,1.425821,103.793911
Woodlands Integrated Transport Hub,N/A,Bus Interchange,1.4368094,103.7860935
Woodlands Interchange (46008),46008,Bus Interchange,1.4368956,103.7860682
Woodlands Interchange (46009),46009,Bus Interchange,1.4367908,103.7860952
Woodlands North Station (47201),47201,Bus Stop,1.4484868,103.7850209
Woodlands Primary School (46669),46669,Bus Stop,1.4374434,103.791936
Woodlands Ring Secondary School (46611),46611,Bus Stop,1.4292209,103.7774496
Woodlands South Station Exit 1 (46989),46989,Bus Stop,1.4272976,103.793386
Woodlands South Station Exit 2 (46981),46981,Bus Stop,1.4275695,103.7932458
Woodlands Station Exit 4 (46639),46639,Bus Stop,1.4368786,103.7888027
Woodlands Station Exit 5 (46631),46631,Bus Stop,1.4367913,103.7891442
Woodlands Sunny Food (47811),47811,Bus Stop,1.4623377,103.8089868
Woodlands Temporary Interchange (47008),47008,Bus Interchange,1.4373479,103.7859226
Woodlands Train Checkpoint (46069),46069,Bus Interchange,1.4427046,103.7692863
Woodleigh Interchange (68009),68009,Bus Interchange,1.340141,103.871449
Woodleigh Mall (61139),61139,Bus Stop,1.3389637,103.8724624
Woodleigh Station Exit A (61039),61039,Bus Stop,1.3387522,103.8708917
Woodleigh Station Exit B (61031),61031,Bus Stop,1.3383827,103.8704949
Woodsvale Condominium (47611),47611,Bus Stop,1.4438515,103.8061854
Woodsvale Condominium (47681),47681,Bus Stop,1.4443496,103.8042439
Wyeth Pharmaceuticals (25599),25599,Bus Stop,1.3093898,103.6357456
Xinmin Primary School (63381),63381,Bus Stop,1.3709539,103.8824501
YCH Distripark (25321),25321,Bus Stop,1.3175904,103.6565122
YMCA (08041),08041,Bus Stop,1.2980272,103.8478911
Yan San Metals Private Limited (25361),25361,Bus Stop,1.3249503,103.6511334
Yeo's Building (14179),14179,Bus Stop,1.2719549,103.806251
Yew Huat Scaffolding Work (46731),46731,Bus Stop,1.4483996,103.8043873
Yew Mei Green Condominium (45379),45379,Bus Stop,1.3947793,103.7518709
Yew Tee Industrial Estate (45031),45031,Bus Stop,1.3964578,103.7542369
Yew Tee Station (45321),45321,Bus Stop,1.3973724,103.7475633
Yi Xiu Factory Building (80071),80071,Bus Stop,1.313919,103.87674
Yio Chu Kang Amenity Centre (66511),66511,Bus Stop,1.3757683,103.8716989
Yio Chu Kang Bus Interchange,N/A,Bus Interchange,1.3827823,103.8447857
Yio Chu Kang Interchange (55509),55509,Bus Interchange,1.3810332,103.8452944
Yio Chu Kang Stadium (55319),55319,Bus Stop,1.3840837,103.8467735
Yio Chu Kang Station (55189),55189,Bus Stop,1.3826451,103.844263
Yishun Community Hospital (59619),59619,Bus Stop,1.4234838,103.8369201
Yishun Dairy Farm (34059),34059,Bus Stop,1.4423349,103.7079303
Yishun Emerald (59521),59521,Bus Stop,1.4401768,103.8316046
Yishun Industrial Park A (59229),59229,Bus Stop,1.4390086,103.8341535
Yishun Interchange (59009),59009,Bus Interchange,1.4275813,103.8358781
Yishun Primary School (59101),59101,Bus Stop,1.4341638,103.8331289
Yishun Secondary School (59511),59511,Bus Stop,1.4271518,103.8289074
Yishun Sports Hall (59039),59039,Bus Stop,1.4134256,103.8315824
Yishun Station (59079),59079,Bus Stop,1.4292644,103.835156
Yishun Station Exit E (59072),59072,Bus Stop,1.4294477,103.8355012
Yong Nam (26379),26379,Bus Stop,1.295232,103.6219689
Youth Flying Club (68139),68139,Bus Stop,1.415727,103.8619648
Yuan Ching Secondary School (21661),21661,Bus Stop,1.3418198,103.7213732
Yuhua Secondary School (28601),28601,Bus Stop,1.347424,103.7231259
Yusen Logistics (96319),96319,Bus Stop,1.33306,103.9610667
Yusof Ishak Hse (16171),16171,Bus Stop,1.2988628,103.7743214
Zhenghua Primary School (44231),44231,Bus Stop,1.379147,103.7693308
Zhongshan Mall (50171),50171,Bus Stop,1.3266546,103.846438
Zion Bible Presbyterian Church (53289),53289,Bus Stop,1.3472005,103.8545925
Zuellig Pharma (97311),97311,Bus Stop,1.352558,103.9729
aft Aircraft Flyover (95011),95011,Bus Stop,1.3472189,103.9840214
aft Changi Airport Ter 2 (95019),95019,Bus Stop,1.3479221,103.9849067
aft Upp Bt Timah Rd (42259),42259,Bus Stop,1.3410733,103.7769981
